country_name,country_id,year,Inflation (CPI %),GDP (Current USD),GDP per Capita (Current USD),Unemployment Rate (%),"Interest Rate (Real, %)","Inflation (GDP Deflator, %)",GDP Growth (% Annual),Current Account Balance (% GDP),Government Expense (% of GDP),Government Revenue (% of GDP),Tax Revenue (% of GDP),Gross National Income (USD),Public Debt (% of GDP)
Aruba,aw,2010,2.078140719,2453597207,24093.14015,,11.66613076,-1.223406551,-2.733456793,-18.75253732,,,,2313385196,
Aruba,aw,2011,4.316297422,2637859218,25712.3843,,4.801974338,4.005674214,3.369237184,-9.877655997,,,,2391841397,
Aruba,aw,2012,0.627471993,2615208380,25119.66554,,8.200875007,0.184032701,-1.040799884,3.473451275,,,,2499117877,
Aruba,aw,2013,-2.372065243,2727849721,25813.57673,,10.70970877,-1.995948495,6.431482604,-11.81320642,,,,2563517263,
Aruba,aw,2014,0.421440919,2790849721,26129.83906,,3.21386882,3.95889741,-1.586575138,-4.658576876,,,,2688102402,
Aruba,aw,2015,0.474763597,2962907263,27458.22533,,0.15792477,6.831286936,-0.623625902,3.994141686,,,,2838143911,
Aruba,aw,2016,-0.931195987,2983635196,27441.52966,,7.98285171,-1.002799697,1.71962498,4.731777741,,,,2848406201,
Aruba,aw,2017,-1.028281788,3092429050,28440.05196,,9.789286657,-3.178166798,7.048533386,1.11979545,,,,2921801006,
Aruba,aw,2018,3.626041414,3276184358,30082.12764,,2.453045315,3.462029532,2.397085276,-0.591367073,,,,3061556896,
Aruba,aw,2019,4.257462043,3395798883,31096.20507,,-0.299776141,6.017816118,-2.232440392,2.497109655,,,,3242394120,
Aruba,aw,2020,,2481857123,22855.93232,,7.825934701,-0.951473042,-26.21182078,-12.75075414,,,,2413701727,
Aruba,aw,2021,,2929446578,27200.06108,,11.89708402,-4.912624904,24.13262736,2.705530365,,,,2824767104,
Aruba,aw,2022,,3279343544,30559.53353,,2.852654339,3.157279394,8.517918105,7.030547162,,,,3154132445,
Aruba,aw,2023,,3648573136,33984.79062,,-0.852277921,6.709461177,4.263719415,5.330807273,,,,3332806321,
Aruba,aw,2024,,,,,,,,,,,,,
Aruba,aw,2025,,,,,,,,,,,,,
Afghanistan,af,2010,2.178537524,15856668556,560.6215055,7.753,11.36409374,3.814630315,14.36244147,-3.643313882,50.8630046,11.09194916,9.169751919,15885775064,
Afghanistan,af,2011,11.80418581,17805098206,606.6946763,7.784,-1.24150601,16.59334674,0.426354777,-12.61953821,59.48477588,11.51016072,8.916793996,17781511431,
Afghanistan,af,2012,6.441212809,19907329778,651.4171345,7.856,7.174387248,7.301756468,12.75228709,-25.8706815,42.32925145,10.20062464,7.707800603,19961261595,
Afghanistan,af,2013,7.385771784,20146416758,637.0870991,7.93,9.784495939,4.822785479,5.600744659,-25.29005856,42.09368445,9.405609332,7.12277329,20209353658,
Afghanistan,af,2014,4.673996035,20497128556,625.0549418,7.915,14.35168934,0.566944543,2.724543362,-15.77241983,44.58929949,8.613730505,6.882102943,20559672325,
Afghanistan,af,2015,-0.661709165,19134221645,565.5697304,9.052,12.25254816,2.447563001,1.451314661,-21.91265734,37.02256957,10.13111817,7.585382331,19249499439,
Afghanistan,af,2016,4.383891955,18116572395,522.0822156,10.133,17.58393816,-2.197526467,2.260314203,-14.95019519,43.92276561,12.6780099,9.502652783,18350475875,
Afghanistan,af,2017,4.975951506,18753456498,525.4697709,11.184,12.1411783,2.403656188,2.647003203,-18.95596123,39.22010998,13.03926222,9.898450897,18961769787,
Afghanistan,af,2018,0.626149149,18053222687,491.3372214,11.196,,2.071348578,1.189228129,-21.58527412,,,,18294513958,
Afghanistan,af,2019,2.302372515,18799444490,496.6025043,11.185,,6.521479848,3.911603416,-20.17046439,,,,19080662011,
Afghanistan,af,2020,5.601887915,19955929052,510.7870634,11.71,,6.962946255,-2.351100672,-15.71830279,,,,20105156769,
Afghanistan,af,2021,5.133203408,14259995441,356.4962141,11.994,,2.838996251,-20.73883937,,,,,14346089108,
Afghanistan,af,2022,13.71210237,14497243872,357.2611528,14.1,,9.406239339,-6.240171992,,,,,14540297386,
Afghanistan,af,2023,-4.644708708,17233051620,415.7074171,13.991,,2.961653541,2.710886791,,,,,17315384703,
Afghanistan,af,2024,-6.601185641,,,13.295,,,,,,,,,
Afghanistan,af,2025,,,,,,,,,,,,,
Angola,ao,2010,14.46965649,83799474070,3597.342932,16.618,-7.353793454,32.27046912,4.398375938,8.957042175,25.64917574,34.9944447,16.59994721,75712612170,
Angola,ao,2011,13.48246792,1.12E+11,4615.910598,16.77,-9.876356841,31.77146016,3.472053148,11.70468355,26.67132149,44.59228515,16.10341244,1.02E+11,
Angola,ao,2012,10.27790492,1.28E+11,5086.027401,16.562,8.764706246,7.255749909,8.542107076,10.80895744,23.44983006,36.22542423,14.82271911,1.18E+11,
Angola,ao,2013,8.777814293,1.32E+11,5057.747878,16.492,12.61080218,2.839724126,4.954613031,6.154696197,28.20923737,35.70586261,14.18476266,1.23E+11,
Angola,ao,2014,7.280387304,1.36E+11,5005.999741,16.406,12.38052977,3.560884772,4.82255927,-2.756200429,27.96735936,30.88454851,13.54263016,1.28E+11,
Angola,ao,2015,9.355972155,90496420507,3213.902611,16.49,21.14418153,-3.518385346,0.943571561,-11.35165551,20.81883162,18.77664497,11.00201902,85895384573,
Angola,ao,2016,30.69441508,52761617226,1807.952941,16.575,-4.922003097,21.77423559,-2.580049644,-5.84742399,17.51166398,15.72076938,9.732512484,50010057163,
Angola,ao,2017,29.8444799,73690154991,2437.259712,16.61,-5.552697982,22.61451403,-0.147212941,-0.858821844,16.67113723,16.36059143,9.223777502,69161228470,
Angola,ao,2018,19.62893797,79450688259,2538.591391,16.594,-5.844003353,28.16709326,-1.316361689,9.317233974,15.6076581,21.98783462,9.644778503,73313113234,
Angola,ao,2019,17.08095414,70897962732,2189.855714,16.497,0.090918787,19.18700383,-0.702272958,7.246181247,16.68495221,21.79160744,10.0903858,64488157749,
Angola,ao,2020,22.27153925,48501561204,1449.922867,16.69,8.028656853,10.76310528,-5.638214717,1.797710856,,,,44145038181,
Angola,ao,2021,25.75429488,66505129988,1925.874661,15.799,-13.98937224,38.82372184,1.199210521,12.62978006,,,,61051288256,
Angola,ao,2022,21.35529013,1.04E+11,2929.694455,14.602,5.634142895,13.71059402,3.044726524,11.26715328,,,,96358693004,
Angola,ao,2023,13.64410178,84824654482,2308.159767,14.537,-0.594013727,17.61953772,1.00128936,4.933699785,,,,76758270167,
Angola,ao,2024,28.24049489,,,14.464,,,,,,,,,
Angola,ao,2025,,,,,,,,,,,,,
Albania,al,2010,3.627100915,11926926616,4094.349686,14.086,7.971036596,4.4931432,3.706938153,-11.36586585,,,,11807769437,
Albania,al,2011,3.428071301,12890760315,4437.141161,13.481,9.888462236,2.314743797,2.545406145,-12.93310145,23.01110698,23.90031939,18.02201328,12894099799,69.63767392
Albania,al,2012,2.031592684,12319834195,4247.631343,13.376,9.736112073,1.042714606,1.4172428,-10.20017623,23.00759072,23.05071012,17.48323356,12228069196,63.66915264
Albania,al,2013,1.937620802,12776224497,4413.063383,15.866,9.510397491,0.288745964,1.002017541,-9.274187789,24.16077295,22.30494951,16.50327061,12996543353,70.58076979
Albania,al,2014,1.625865044,13228147516,4578.633208,18.055,6.324557533,1.54991707,1.774448853,-10.77539904,24.38266544,24.5250981,18.30193614,13349419700,73.32022748
Albania,al,2015,3.501208355,11386853113,3952.803574,17.193,7.272492422,0.56399135,2.218726375,-8.604880468,24.44617575,24.7381502,18.51578986,11521811394,79.86441815
Albania,al,2016,-0.36731721,11861199831,4124.05539,15.418,7.413723259,-0.632653419,3.314980684,-7.590825999,23.95672943,24.27857375,17.59022981,12053832974,80.73558197
Albania,al,2017,2.060598459,13019726212,4531.032207,13.616,4.701068533,1.450731581,3.80259872,-7.544228752,23.86758762,25.73312879,18.88748606,13051517644,75.88872782
Albania,al,2018,2.028059631,15379509892,5365.489347,12.304,2.880524892,2.966523656,4.019345617,-6.60766414,22.9293201,25.10790658,18.27695088,15361070727,63.63376249
Albania,al,2019,1.41109079,15585105131,5460.428237,11.466,5.222981817,1.000590838,2.06256754,-7.820646808,22.87840567,24.84572614,17.93100145,15383523592,74.80828293
Albania,al,2020,1.620886617,15241458745,5370.778623,11.69,6.077272704,0.041064997,-3.313716147,-8.625047167,24.60481616,23.70098161,16.89554107,14991229142,83.45420239
Albania,al,2021,2.041471631,18032010564,6413.283286,11.474,2.491452304,3.444398809,8.969553392,-7.595907592,24.39829531,25.04694857,18.09620685,17780838455,81.92013319
Albania,al,2022,6.725202715,19017242586,6846.426143,10.137,-3.053758799,9.861574155,4.826688314,-5.872436401,27.00315601,24.73166714,18.06078013,18686023829,
Albania,al,2023,4.759764219,23547179830,8575.171134,10.108,0.269282389,6.066049475,3.936625257,-1.196321748,25.37554788,24.69666186,17.75986918,23246482646,
Albania,al,2024,2.214489533,,,10.25,,,,,,,,,
Albania,al,2025,,,,,,,,,,,,,
Andorra,ad,2010,,3449925739,42746.83095,,,0.374313758,-1.974958,,,,,,
Andorra,ad,2011,,3629133574,46657.15612,,,0.196764152,-0.008069753,,,,,,
Andorra,ad,2012,,3188652765,41500.54358,,,0.174556906,-4.974443719,,,,,,
Andorra,ad,2013,,3193512950,42470.31612,,,0.4484922,-3.547596515,,,,,,
Andorra,ad,2014,,3271685597,44369.65969,,,-0.084019317,2.504465521,,,,,,
Andorra,ad,2015,,2789881259,38654.93472,,,0.660588959,1.434140395,,,,,,
Andorra,ad,2016,,2896610480,40129.8192,,,0.347795382,3.70967807,,,,,,
Andorra,ad,2017,,3000162081,40672.99433,,,1.136509343,0.34607189,,,,,,
Andorra,ad,2018,,3218419897,42819.77458,,,1.01247848,1.58876549,,,,,,
Andorra,ad,2019,,3155149348,41257.80458,,,1.374753508,2.015547638,18.01047048,,,,3462352923,
Andorra,ad,2020,,2891001149,37361.09007,,,1.113786074,-11.18393994,15.52643085,,,,3268595544,
Andorra,ad,2021,,3324647529,42425.69968,,,2.558860694,8.28677879,15.02180094,,,,3576595365,
Andorra,ad,2022,,3380612573,42414.05901,,,4.236652265,9.564612256,11.64344513,,,,3715466876,
Andorra,ad,2023,,3785067332,46812.44845,,,6.295600824,2.58355481,14.22132281,,,,,
Andorra,ad,2024,,,,,,,,,,,,,
Andorra,ad,2025,,,,,,,,,,,,,
United Arab Emirates,ae,2010,0.877983288,3.00E+11,43696.67126,2.811,,16.52788636,1.602850048,,,,,3.00E+11,
United Arab Emirates,ae,2011,0.877346596,3.61E+11,50789.05054,2.596,,13.16721938,6.216121813,,4.009261388,3.316818985,0.312357811,3.61E+11,
United Arab Emirates,ae,2012,0.6622689,3.85E+11,52034.47625,2.327,,4.679725118,1.824480789,,4.137731738,3.160618952,0.354309303,3.85E+11,
United Arab Emirates,ae,2013,1.101118364,4.00E+11,52023.5171,2.126,,-0.94932532,5.055559654,,3.909725488,3.055523061,0.361091645,4.01E+11,1.845685137
United Arab Emirates,ae,2014,2.346268657,4.14E+11,51381.40699,2.002,,-0.668049356,4.165691843,,3.792108857,2.929661454,0.346301233,4.15E+11,
United Arab Emirates,ae,2015,4.069966084,3.70E+11,43534.99727,1.793,,-16.26700603,6.786772879,,4.147898592,3.414653356,0.055841069,3.72E+11,
United Arab Emirates,ae,2016,1.617488089,3.69E+11,41326.40182,1.64,,-5.529478605,5.561490755,,4.318281125,3.898085386,0.04205645,3.71E+11,
United Arab Emirates,ae,2017,1.966825578,3.91E+11,42340.59171,2.462,,4.986213141,0.735068713,,4.01528734,3.44936548,0.065621398,3.93E+11,
United Arab Emirates,ae,2018,3.068633793,4.27E+11,45689.857,2.236,,7.936748035,1.313913881,,3.918249913,3.350959974,0.058638863,4.28E+11,
United Arab Emirates,ae,2019,-1.931081148,4.18E+11,44251.45414,2.331,,-3.194409409,1.108348139,,4.259323722,4.669206428,0.97223839,4.20E+11,
United Arab Emirates,ae,2020,-2.079403179,3.49E+11,37173.87541,4.294,,-12.03130529,-4.957052437,,5.259171647,6.365496998,0.682088274,3.48E+11,
United Arab Emirates,ae,2021,0.179935336,4.15E+11,43360.0211,3.105,,13.84377034,4.354755299,,4.336772116,4.385235226,0.535243669,4.14E+11,
United Arab Emirates,ae,2022,5.291226044,5.03E+11,49899.0653,2.872,,12.62989369,7.509697032,,3.875470953,3.268165491,0.578507737,5.03E+11,
United Arab Emirates,ae,2023,1.626708372,5.14E+11,49040.69475,2.151,,-1.304200162,3.618706535,,3.83096429,3.73928725,0.626855999,5.18E+11,
United Arab Emirates,ae,2024,,,,2.133,,,,,,,,,
United Arab Emirates,ae,2025,,,,,,,,,,,,,
Argentina,ar,2010,,4.24E+11,10260.13131,7.714,-8.56602872,20.91512427,10.12539816,-0.3831187,,21.24131643,12.85304269,4.09E+11,
Argentina,ar,2011,,5.30E+11,12704.28318,7.18,-7.773405236,23.70347218,6.003951693,-1.007280841,,20.19640807,12.6636277,5.15E+11,
Argentina,ar,2012,,5.46E+11,12949.71749,7.217,-6.748195554,22.31488067,-1.026420454,-0.391595124,,21.1822346,12.95284151,5.33E+11,
Argentina,ar,2013,,5.52E+11,12963.67577,7.1,-5.485839182,23.94879842,2.405323781,-2.377495666,,21.56528296,12.45290276,5.40E+11,
Argentina,ar,2014,,5.26E+11,12233.14441,7.268,-11.60069877,40.28297163,-2.512615321,-1.74400212,24.56978086,22.33229437,12.61096661,5.16E+11,
Argentina,ar,2015,,5.95E+11,13679.6265,7.579,-1.314708785,26.5799916,2.731159828,-2.962926665,25.00839323,22.1490803,12.33650694,5.84E+11,
Argentina,ar,2016,,5.58E+11,12699.96231,8.085,-7.006039843,41.11937999,-2.080327844,-2.709221684,26.17991648,21.25670131,12.09728364,5.45E+11,
Argentina,ar,2017,,6.44E+11,14532.50093,8.347,0.455892832,26.00637928,2.818502978,-4.839959218,24.28253204,19.33712397,10.93962386,6.27E+11,
Argentina,ar,2018,,5.25E+11,11752.79989,9.22,4.564409099,42.03366896,-2.617396463,-5.160552572,22.68778062,17.70244839,9.992390084,5.06E+11,
Argentina,ar,2019,,4.48E+11,9955.974787,9.843,12.10396965,49.19557906,-2.000861003,-0.779998448,22.03648093,18.73629958,10.59439751,4.30E+11,
Argentina,ar,2020,,3.86E+11,8535.59938,11.461,-7.635174216,40.0830878,-9.900484814,0.696935361,25.84053076,17.47870219,10.86589638,3.75E+11,
Argentina,ar,2021,,4.87E+11,10738.01792,8.736,-11.86183796,53.80208777,10.44181199,1.361544222,22.89679016,18.07649875,11.50006697,4.77E+11,
Argentina,ar,2022,,6.33E+11,13935.68111,6.805,-10.28803887,69.87608425,5.269879674,-0.640820188,21.90651212,17.92723154,11.12286885,6.21E+11,
Argentina,ar,2023,,6.46E+11,14187.48273,6.139,-16.77142291,135.3688763,-1.611001621,-3.243512548,,,,6.33E+11,
Argentina,ar,2024,,,,7.876,,,,,,,,,
Argentina,ar,2025,,,,,,,,,,,,,
Armenia,am,2010,8.176361385,9260285756,3041.344507,19.523,10.60763579,7.768715481,2.2,-13.6219483,22.99736235,22.64795135,17.0700514,9718566996,
Armenia,am,2011,7.650008079,10142111825,3349.553098,18.884,12.91975789,4.281549998,4.699999999,-10.44032819,22.56801632,22.72642644,17.21941905,10502185417,
Armenia,am,2012,2.558020078,10619320683,3511.563997,17.511,11.28119329,5.345804418,7.200000001,-9.962331642,21.37364216,22.59780405,17.49164208,11042356845,
Armenia,am,2013,5.789667785,11121464437,3680.166922,16.576,12.21684304,3.366824642,3.3,-7.316246571,22.6371818,24.11681675,21.58621388,11804011412,
Armenia,am,2014,2.981308689,11609513247,3852.118006,17.498,13.78124866,2.30918243,3.600000001,-7.767866332,23.98755805,24.51455671,21.59917455,12131729270,
Armenia,am,2015,3.731691193,10553337518,3512.393503,18.261,16.18000967,1.213909905,3.199999999,-2.661807056,25.07798135,23.09249267,20.93122083,10981745036,
Armenia,am,2016,-1.403607559,10546136236,3524.424769,17.617,17.04235951,0.268575077,0.2,-0.956577969,25.71151816,22.83472889,21.27737528,10791195837,
Armenia,am,2017,0.969553269,11527458709,3869.053739,17.704,11.99733996,2.150641898,7.500000002,-1.26072402,22.62972499,22.52546511,20.78065336,11933013893,
Armenia,am,2018,2.52023382,12457940695,4196.005623,18.966,9.733977399,2.787709514,5.2,-7.228123024,22.07681376,22.45363437,20.8701039,12658281184,
Armenia,am,2019,1.443446608,13619290539,4597.228874,18.304,10.95957856,1.065622639,7.599999999,-7.05686573,21.75848057,23.941241,22.28517099,13807148387,50.02842069
Armenia,am,2020,1.211435778,12641698583,4268.680933,18.175,9.63911034,1.806592702,-7.199999999,-3.997773907,26.58128778,24.14473231,21.86041928,12439008672,63.40121401
Armenia,am,2021,7.184836294,13878908629,4685.179971,15.469,4.547588161,6.900513658,5.800000001,-3.479973958,24.9685295,23.38782887,22.00100474,13479935696,60.08035977
Armenia,am,2022,8.64091109,19513506553,6571.974455,13.379,3.457429322,7.985878528,12.6,0.331693235,21.16275483,23.45641758,21.82715524,18991671828,46.55182255
Armenia,am,2023,1.980418776,24085749592,8053.010663,13.245,9.459385801,2.673003549,8.3,-2.309786441,21.03432135,23.97516678,22.48186258,23434106611,48.25628452
Armenia,am,2024,0.269511978,,,13.329,,,,,,,,,
Armenia,am,2025,,,,,,,,,,,,,
American Samoa,as,2010,,573000000,10375.17201,,,-15.36488955,0.299850075,,,,,,
American Samoa,as,2011,,570000000,10383.45933,,,-0.523560209,0,,,,,,
American Samoa,as,2012,,640000000,11745.48992,,,17.36842105,-4.334828102,,,,,,
American Samoa,as,2013,,638000000,11813.5022,,,2.243589744,-2.5,,,,,,
American Samoa,as,2014,,643000000,12026.33449,,,-0.962160294,1.762820513,,,,,,
American Samoa,as,2015,,673000000,12727.41027,,,1.469732765,3.149606299,,,,,,
American Samoa,as,2016,,671000000,12843.33429,,,1.405821712,-1.679389313,,,,,,
American Samoa,as,2017,,612000000,11863.68395,,,-1.940890058,-6.98757764,,,,,,
American Samoa,as,2018,,639000000,12552.05469,,,1.695361071,2.671118531,,,,,,
American Samoa,as,2019,,647000000,12886.13595,,,1.7482893,-0.487804878,,,,,,
American Samoa,as,2020,,721000000,14489.25866,,,6.728780721,4.411764706,,,,,,
American Samoa,as,2021,,750000000,15236.16049,,,4.842555686,-0.782472613,,,,,,
American Samoa,as,2022,,871000000,18017.45894,,,14.15276486,1.735015773,,,,,,
American Samoa,as,2023,,,,,,,,,,,,,
American Samoa,as,2024,,,,,,,,,,,,,
American Samoa,as,2025,,,,,,,,,,,,,
Antigua and Barbuda,ag,2010,3.370025402,1298255556,15216.30984,,9.245397048,1.605514289,-7.840430063,-10.87468969,,,,1230670370,
Antigua and Barbuda,ag,2011,3.456749672,1281337037,14841.97096,,10.17775392,0.668645512,-1.958721811,-5.096882204,,,,1211055556,
Antigua and Barbuda,ag,2012,3.376880443,1327107407,15208.65697,,9.945285037,0.192742786,3.372835252,-8.340186129,,,,1240344444,
Antigua and Barbuda,ag,2013,1.059497824,1325425926,15050.71228,,9.430503902,0.476877446,-0.600715512,-8.781094062,,,,1255111111,
Antigua and Barbuda,ag,2014,1.089441574,1378829630,15533.48313,,8.148532639,1.7783922,2.211452513,-0.037893172,,,,1318096296,
Antigua and Barbuda,ag,2015,0.968993459,1437755556,16080.65805,,6.855762617,2.788170374,1.445155299,2.033553752,,,,1353218519,
Antigua and Barbuda,ag,2016,-0.489437796,1489692593,16557.84317,,10.0904449,-0.46820131,4.099765539,-2.38746823,,,,1392288889,
Antigua and Barbuda,ag,2017,2.43248789,1531151852,16924.78945,,8.969954354,0.312054499,2.463333366,-7.715473912,,,,1455000000,
Antigua and Barbuda,ag,2018,1.207157934,1661529630,18273.42707,,7.40806267,1.460290123,6.953186092,-13.99376605,,,,1584474074,
Antigua and Barbuda,ag,2019,1.431355982,1725351852,18884.37297,,7.83657472,0.718452311,3.10044515,-6.509417832,,,,1653655556,
Antigua and Barbuda,ag,2020,0.625989707,1410796296,15360.45442,,6.829130405,0.800069552,-18.8803992,-15.57566326,,,,1404996296,
Antigua and Barbuda,ag,2021,2.062996385,1601366667,17340.37907,,2.362427634,4.913760578,8.191718462,-17.78994253,,,,1546348148,
Antigua and Barbuda,ag,2022,7.531078346,1867733333,20117.76533,,0.766250065,6.498856196,9.516395644,-15.61648088,,,,1777470370,
Antigua and Barbuda,ag,2023,5.067138654,2033085185,21787.10173,,1.821525113,4.805475773,3.862012187,-13.33181702,,,,1940100000,
Antigua and Barbuda,ag,2024,,,,,,,,,,,,,
Antigua and Barbuda,ag,2025,,,,,,,,,,,,,
Australia,au,2010,2.918340027,1.15E+12,52144.66547,5.214,6.055527167,1.153772493,2.219980265,-4.005068623,26.70498543,23.29846464,20.47799546,1.10E+12,28.66339754
Australia,au,2011,3.303850156,1.40E+12,62605.60046,5.083,1.44585192,6.201976681,2.407080183,-3.264009301,25.99659232,22.7076209,20.32252448,1.34E+12,30.09539963
Australia,au,2012,1.762780156,1.55E+12,68072.87323,5.225,5.077614645,1.805698922,3.916709425,-4.44404469,26.11901611,23.43480341,21.09908592,1.50E+12,39.44166137
Australia,au,2013,2.449888641,1.58E+12,68190.701,5.663,6.353161025,-0.163600551,2.602193394,-3.257998884,25.8800823,24.45307301,21.94434163,1.54E+12,37.56000081
Australia,au,2014,2.487922705,1.47E+12,62544.08738,6.078,4.481619482,1.405396016,2.595284116,-3.092661633,26.25763365,24.36334397,21.89787868,1.43E+12,41.7223305
Australia,au,2015,1.508366722,1.35E+12,56739.02653,6.055,6.237773348,-0.623858471,2.190169287,-4.312576111,26.76421423,24.50871679,21.87407068,1.32E+12,46.48203846
Australia,au,2016,1.276990945,1.21E+12,49888.04108,5.711,6.124606749,-0.66315762,2.759385972,-3.616312188,26.98408965,24.86311111,22.27552213,1.18E+12,54.67798692
Australia,au,2017,1.948647409,1.33E+12,53901.71454,5.592,1.536195526,3.653184418,2.279591798,-3.00161155,26.63383884,24.84162136,22.11036864,1.29E+12,53.31643582
Australia,au,2018,1.911400944,1.43E+12,57196.42208,5.3,3.329588051,1.869014789,2.878469715,-2.561160666,26.22938093,25.84339688,23.20844496,1.38E+12,54.50306589
Australia,au,2019,1.610767873,1.39E+12,54972.70179,5.159,1.578066835,3.46820261,2.171545057,-0.020710514,26.17650216,26.07641583,23.40844001,1.35E+12,60.2260852
Australia,au,2020,0.846905537,1.33E+12,51791.54018,6.456,,1.88550119,-0.119590736,1.874337483,30.25519475,25.28245216,22.59092489,1.30E+12,69.32157486
Australia,au,2021,2.863910422,1.56E+12,60607.77886,5.116,,3.07994986,2.111168148,2.610660789,32.63298594,25.6932279,23.06126793,1.54E+12,70.01091177
Australia,au,2022,6.594096713,1.69E+12,64997.01365,3.728,,7.175533615,4.242385553,0.337521409,27.66111566,26.20505517,23.62795125,1.63E+12,58.04669641
Australia,au,2023,5.597014925,1.73E+12,64820.91179,3.668,,6.51199895,3.4419922,-0.30008545,,,,1.65E+12,
Australia,au,2024,3.161614283,,,4.072,,,,,,,,,
Australia,au,2025,,,,,,,,,,,,,
Austria,at,2010,1.81353439,3.90E+11,46611.13934,4.883,,0.891338458,1.80898267,2.942948518,46.73612881,43.76919393,25.49573389,3.96E+11,87.65671784
Austria,at,2011,3.286579149,4.29E+11,51116.89535,4.637,,1.819937531,2.927467908,1.585010118,45.78570041,43.84830961,25.64663915,4.33E+11,87.8666309
Austria,at,2012,2.485675622,4.07E+11,48250.40591,4.909,,2.091664826,0.628246179,1.510000176,46.58333644,44.47419767,26.18309943,4.10E+11,92.49036789
Austria,at,2013,2.000156169,4.27E+11,50305.35458,5.367,,1.708723007,-0.250726546,1.752992335,47.25843344,45.31677061,26.77416869,4.31E+11,89.57587694
Austria,at,2014,1.60581183,4.39E+11,51314.97226,5.674,,2.006743903,0.755799077,2.313938755,47.38197864,45.2975197,26.84190273,4.43E+11,97.89108493
Austria,at,2015,0.896563335,3.80E+11,43915.22802,5.802,,2.292634924,1.303523098,1.588326801,46.33234619,45.57823507,27.21602741,3.78E+11,97.32803572
Austria,at,2016,0.891591753,3.94E+11,45061.49939,6.064,,1.814750797,2.117219671,2.57148777,45.55302509,44.08596446,25.82202777,3.96E+11,96.92756623
Austria,at,2017,2.081269114,4.15E+11,47163.74258,5.561,,0.975317709,2.27225012,1.244445917,44.86541976,43.98891427,25.76168611,4.13E+11,91.23473461
Austria,at,2018,1.998379814,4.53E+11,51194.07498,4.933,,1.810480233,2.484220867,0.908176708,44.13638406,44.03616078,25.72164486,4.51E+11,86.05209277
Austria,at,2019,1.530895642,4.43E+11,49885.99474,4.56,,1.47368477,1.754976456,2.384230453,43.90690612,44.2834046,25.80966204,4.43E+11,85.05468077
Austria,at,2020,1.381910634,4.34E+11,48716.40989,5.201,,2.593132749,-6.318255287,3.351377997,51.15917256,43.76223396,24.66600578,4.40E+11,101.6672082
Austria,at,2021,2.766666667,4.80E+11,53648.71907,6.459,,1.926129109,4.795329106,1.715899468,50.02158569,44.90928367,26.01481748,4.87E+11,96.02782118
Austria,at,2022,8.546869932,4.72E+11,52176.66491,4.992,,4.754778348,5.277894212,-0.82908661,47.50952967,44.40081347,26.20686359,4.71E+11,76.22140074
Austria,at,2023,7.81413417,5.12E+11,56033.57379,5.264,,6.647653416,-0.954962367,1.325563772,46.478874,44.61972284,25.89049505,5.10E+11,78.33636731
Austria,at,2024,2.937915743,,,5.439,,,,,,,,,
Austria,at,2025,,,,,,,,,,,,,
Azerbaijan,az,2010,5.726872247,52909294792,5843.533768,5.63,6.3007017,13.54581679,5.048944513,28.42683135,20.87248322,46.82891793,12.15777699,49741091453,6.385575792
Azerbaijan,az,2011,7.858333333,65952796428,7189.818692,5.42,-2.885979388,22.52436114,0.100000138,25.99576656,18.47836105,45.48135632,12.22476095,61441003133,
Azerbaijan,az,2012,1.066213397,69679944504,7495.865277,5.19,15.02960689,2.882932954,2.165239475,21.49253577,22.18538389,41.27397308,12.77863937,65735414850,
Azerbaijan,az,2013,2.415717453,74160560124,7875.345367,4.97,17.6862204,0.445064509,5.809800843,16.49358767,20.92554398,40.40579561,13.38833316,70472288892,
Azerbaijan,az,2014,1.373441815,75239785452,7890.840281,4.91,19.39167771,-1.28499552,2.750506815,13.5683574,22.10098942,39.89639764,14.21253565,73082959455,
Azerbaijan,az,2015,4.027685737,53076235355,5500.503646,4.96,28.94544185,-8.849692569,1.093975916,-0.41919891,24.78870908,34.18370725,15.60316293,51379123217,
Azerbaijan,az,2016,12.44337486,37866996883,3880.685228,5,1.485833836,14.67140025,-3.09999988,-3.600507334,27.19593812,34.91986787,14.55551657,35591412539,
Azerbaijan,az,2017,12.93591842,40866627352,4147.198142,5,0.318577983,16.17240031,0.199999939,4.12208961,27.95873058,35.0758767,13.16404551,39321618332,
Azerbaijan,az,2018,2.268546904,47112470052,4739.794312,4.9,4.691769978,12.18487696,1.5,12.68237692,21.4022624,39.41662838,12.97127179,44853080881,
Azerbaijan,az,2019,2.610571828,48174235294,4805.753718,5,17.56490862,-0.241307927,2.500000067,8.704556202,24.28433798,42.8140744,14.21885265,46318529412,
Azerbaijan,az,2020,2.75980947,42693000000,4229.910649,7.24,26.53682128,-7.395965827,-4.300000102,-0.740874281,33.93147657,35.04004652,15.18557251,42422882353,22.18999946
Azerbaijan,az,2021,6.650299127,54825411765,5408.045352,6.04,-4.246163591,21.58882419,5.616451029,14.9620004,27.1444135,36.5189736,13.4213203,53687352941,16.8224267
Azerbaijan,az,2022,13.85225901,78807470588,7770.594223,5.65,-16.52267498,37.27056116,4.714802365,29.79169465,23.00882115,37.62051043,15.44768972,73522647059,
Azerbaijan,az,2023,8.785430498,72356176471,7125.908584,5.636,25.52116823,-9.20663945,1.123974327,11.51161989,,,,69275529412,
Azerbaijan,az,2024,2.212171889,,,5.594,,,,,,,,,
Azerbaijan,az,2025,,,,,,,,,,,,,
Burundi,bi,2010,6.493265915,2032135192,216.7277053,1.616,3.554153982,8.561555164,5.124159994,-14.8111211,21.42022921,14.77641164,13.85595713,2021267251,
Burundi,bi,2011,9.59216606,2235820809,230.0705774,1.602,4.492486953,8.364250198,4.032599988,-12.68363141,19.99929776,16.72049353,15.53175099,2218331581,
Burundi,bi,2012,18.16104531,2333341334,231.6884964,1.593,0.022685619,14.29407168,4.446706331,-11.19241513,17.93810078,15.97322288,14.49615522,2326835710,
Burundi,bi,2013,7.937958075,2451606632,234.8430454,1.584,6.664371597,7.953103999,4.924189898,-10.54122116,17.01647042,14.54536966,13.48786653,2453391158,
Burundi,bi,2014,4.405352342,2705783330,250.5404811,1.572,9.840570485,5.305656028,4.240650214,-15.84667216,16.93740581,15.72264962,13.69002672,2698322226,
Burundi,bi,2015,5.544688913,3104003546,280.9668313,1.442,-4.937060845,21.31874702,-3.90000008,-11.53048072,18.60322841,13.95769908,13.12815489,3104359892,
Burundi,bi,2016,5.557689614,2644487777,235.2862054,1.347,13.13730771,0.973176442,-0.600000909,-12.37895273,17.60448111,14.86747876,13.86338595,2643216721,
Burundi,bi,2017,16.0525353,2723586963,236.6944726,1.247,3.00359678,11.44918261,0.500001262,-13.71552216,17.69484788,17.70812213,14.36838242,2725061088,
Burundi,bi,2018,-2.814698077,2667182200,224.8993924,1.146,18.15767576,-2.850859302,1.609935421,-14.59122937,,,,2672837528,
Burundi,bi,2019,-0.686772171,2576518880,210.2364945,1.043,13.56590239,0.851867434,1.812565324,-15.24319726,16.6189077,16.56545796,15.05939438,2583934018,
Burundi,bi,2020,7.321106434,2649680261,210.0081399,1.03,5.877798674,5.966502331,0.327156893,-13.00865167,17.67368864,17.67780438,15.78782277,2664225062,
Burundi,bi,2021,8.404538451,2775798697,214.0914554,1.118,4.000870677,8.516719715,3.099999999,-14.18977281,15.12404492,17.55228354,15.63624548,2783915269,
Burundi,bi,2022,18.80087867,3338722828,250.6342254,0.915,-5.543080238,18.33172231,1.848999439,-18.6289555,,,,3352709391,
Burundi,bi,2023,26.94148358,2642161669,193.0071456,0.921,-0.131115724,11.37603149,2.700000597,-23.67748209,,,,2647964584,
Burundi,bi,2024,20.2124925,,,0.902,,,,,,,,,
Burundi,bi,2025,,,,,,,,,,,,,
Belgium,be,2010,2.189299204,4.82E+11,44197.39367,8.293,,1.703104533,2.710311413,1.523793687,43.56729831,40.3439136,24.46135143,4.89E+11,93.18020465
Belgium,be,2011,3.532082107,5.27E+11,47760.82988,7.14,,2.292521769,1.931154979,-1.928877476,44.51225018,40.9009852,24.75377919,5.24E+11,94.86987833
Belgium,be,2012,2.839663434,4.98E+11,44874.17092,7.542,,2.205736362,0.215803673,-0.082986495,45.70483347,42.11412791,25.70696784,5.08E+11,103.5564846
Belgium,be,2013,1.11309594,5.24E+11,46964.59468,8.425,,1.412489726,0.305494479,0.969084735,45.34169014,42.62687578,26.07560813,5.35E+11,101.1174809
Belgium,be,2014,0.340002833,5.38E+11,47995.7787,8.523,,0.84039574,1.765540382,0.75121941,44.95391254,42.39056219,26.00835691,5.47E+11,111.7619963
Belgium,be,2015,0.561429153,4.61E+11,40893.80454,8.482,,1.121838471,1.474164386,1.380179085,41.71103485,40.53330863,24.42272428,4.69E+11,108.8856494
Belgium,be,2016,1.973852647,4.74E+11,41854.54983,7.83,,1.895289226,1.19350264,0.558076935,41.16164345,38.50592029,22.92859825,4.81E+11,110.5982497
Belgium,be,2017,2.12597086,5.01E+11,44035.32394,7.09,,1.983163395,1.474467657,0.702363723,40.1035662,38.9593809,23.53513881,5.07E+11,104.2495571
Belgium,be,2018,2.053164999,5.43E+11,47487.21004,5.941,,1.717282268,1.877968572,-0.874098516,39.94162681,39.25230004,24.03777391,5.48E+11,101.5064906
Belgium,be,2019,1.43681957,5.37E+11,46716.62275,5.364,,1.854240744,2.442890066,0.12309855,39.40250486,37.68132688,22.59782094,5.41E+11,103.200888
Belgium,be,2020,0.740791812,5.30E+11,45906.28758,5.545,,1.596116664,-4.792983897,0.8745864,43.6566053,37.02733515,21.86156404,5.32E+11,118.4424091
Belgium,be,2021,2.440248511,5.98E+11,51655.78833,6.248,,2.742635595,6.202554016,1.865560316,41.41377312,37.85456872,23.22608924,6.07E+11,108.4452972
Belgium,be,2022,9.597511729,5.93E+11,50807.20471,5.57,,6.843979752,4.233431834,-1.184761817,39.57998991,37.13710882,22.7079147,5.92E+11,92.48253664
Belgium,be,2023,4.049010776,6.45E+11,54700.90932,5.528,,4.508102849,1.251700632,-0.698394106,,,,6.48E+11,
Belgium,be,2024,3.143491365,,,5.488,,,,,,,,,
Belgium,be,2025,,,,,,,,,,,,,
Benin,bj,2010,2.207835325,9535345011,973.2442545,1.04,4.195490191,0.88088567,2.114064726,-5.567234149,,,,9481809629,
Benin,bj,2011,2.704239077,10693321370,1059.413589,2.647,1.468030817,3.73308304,2.963752919,-4.833286269,,,,10677821370,
Benin,bj,2012,6.744682533,11141358106,1071.525836,2.406,-2.46960852,7.698908077,4.811223316,-5.178326847,,,,11074623453,
Benin,bj,2013,0.428888889,12517845128,1168.926993,2.099,3.836592954,1.397298395,7.191433721,-5.379255418,,,,12448828493,
Benin,bj,2014,-0.548757551,13284527850,1204.399187,1.872,5.599991796,-0.247782654,6.357679098,-6.66790663,,,,13223585565,
Benin,bj,2015,0.218785924,11388160997,1002.418869,1.82,4.266334386,0.851504261,1.77815106,-5.964093171,,,,11322499746,
Benin,bj,2016,-0.793310146,11821065852,1010.533896,1.784,4.580099734,0.683591111,3.339673426,-2.996694549,,,,11783269383,
Benin,bj,2017,0.043264856,12701655846,1054.974081,1.659,7.329027718,-0.367897725,5.671561952,-4.180789637,,,,12669871044,
Benin,bj,2018,0.919170718,14262408080,1151.74097,1.41,6.052308163,0.670447614,6.697253622,-4.549195348,,,,14207330368,
Benin,bj,2019,0.732849371,14391686309,1130.821353,1.214,7.114169778,-0.397553793,6.865686628,-3.999481405,,,,14320887674,
Benin,bj,2020,3.022721197,15651545209,1197.501364,1.502,3.557093414,2.878032289,3.8487924,-1.750413197,,,,15530454408,
Benin,bj,2021,1.733539627,17690083520,1318.834978,1.779,4.557501514,1.618725067,7.155451646,-4.15294312,,,,17500751812,
Benin,bj,2022,1.350778636,17401746309,1264.70766,1.685,,4.13878,6.253244914,-6.009070836,,,,17221911303,
Benin,bj,2023,2.731024653,19676049076,1394.373302,1.657,,3.385464352,6.352821609,,,,,19472109623,
Benin,bj,2024,,,,1.722,,,,,,,,,
Benin,bj,2025,,,,,,,,,,,,,
Burkina Faso,bf,2010,-0.764230735,10109619741,624.9572522,3.723,1.285141169,3.779618728,8.446281577,-1.79655604,10.59459686,13.61963683,11.31006465,9807542782,
Burkina Faso,bf,2011,2.759767249,12080295978,725.0247677,3.827,-1.388528991,6.738004807,6.622562613,-1.327722672,11.03589578,13.94071125,12.21949136,11592644775,
Burkina Faso,bf,2012,3.818152403,12561015157,731.4701389,3.856,-0.741639727,5.823999488,6.45267238,-1.29204166,12.92144575,15.57449722,13.88996243,12243495088,
Burkina Faso,bf,2013,0.533738507,13444300486,759.7620652,4.055,7.5780202,-2.129171178,5.792584845,-10.00828575,12.33366499,16.8259532,14.94864196,13080707616,
Burkina Faso,bf,2014,-0.258089518,13943016077,764.8616751,4.251,5.995918151,-0.620386926,4.326845615,-7.164549468,12.87873518,15.46513312,13.66382751,13337500893,
Burkina Faso,bf,2015,0.724838981,11832159316,630.1247508,4.461,7.545939073,-2.223954179,3.921228794,-7.567512009,13.19749344,14.97638664,13.2802007,11293125665,
Burkina Faso,bf,2016,0.441041448,12833363045,663.7423648,4.587,2.622405522,2.604299192,5.957976708,-6.079638685,14.70982126,16.17725315,14.1391533,12261728232,
Burkina Faso,bf,2017,1.482998972,14106955615,709.0915359,4.656,5.024211614,1.41629728,6.203489411,-6.353494975,18.48979056,16.79796901,15.26072123,13577334630,
Burkina Faso,bf,2018,1.955943027,15890066221,777.4656185,4.695,5.628913773,1.07396689,6.604569068,-4.183724914,17.37074183,16.82275769,15.29241208,15387936815,45.57386105
Burkina Faso,bf,2019,-3.23338934,16032813503,764.8530778,4.71,6.143920617,0.512900516,5.889204971,-3.267281979,18.21742884,18.60654705,15.64060786,15326465625,47.06236337
Burkina Faso,bf,2020,1.884439938,17725010533,825.2370388,5.04,0.06753751,6.465595788,2.010772624,4.193125124,17.1792424,16.0357676,13.43158627,17105876297,73.38519255
Burkina Faso,bf,2021,3.653532872,19697516284,895.5352884,5.2,6.130218132,0.112863113,6.942524926,0.39220886,18.18038823,18.0586977,15.93884066,18774177401,55.58222355
Burkina Faso,bf,2022,14.29023543,18820218691,836.1183046,5.389,,5.888965112,1.497239741,-7.459886273,20.81629307,19.68783474,17.67305174,18029664977,62.52561155
Burkina Faso,bf,2023,0.742910429,20324617845,882.6898101,5.348,,1.998047524,2.960181474,-5.004717809,,,,19484760477,
Burkina Faso,bf,2024,4.191134464,,,5.166,,,,,,,,,
Burkina Faso,bf,2025,,,,,,,,,,,,,
Bangladesh,bd,2010,8.126676392,1.15E+11,757.3852804,3.379,4.736123569,7.144663028,5.571788185,1.829097947,9.266251067,9.743829346,7.834684749,1.25E+11,
Bangladesh,bd,2011,11.39516516,1.29E+11,837.3369447,3.736,5.064197686,7.859450853,6.464379125,-0.125842242,9.843884578,10.46265743,8.685924706,1.39E+11,
Bangladesh,bd,2012,6.217504221,1.33E+11,859.6805364,4.071,5.343332659,8.164573676,6.521458779,1.93195277,9.638538733,11.14523027,9.02456269,1.45E+11,
Bangladesh,bd,2013,7.530406409,1.50E+11,958.2629898,4.426,5.988693902,7.174953432,6.013605658,1.372325152,9.507119611,11.16041237,8.962413315,1.62E+11,
Bangladesh,bd,2014,6.991638892,1.73E+11,1094.461997,4.416,6.885866277,5.668788525,6.061059359,0.437159798,9.504436491,10.86688561,8.635377737,1.84E+11,
Bangladesh,bd,2015,6.19428023,1.95E+11,1224.386477,4.396,5.512644316,5.872777041,6.552639878,1.321888719,9.00588487,9.844484139,8.498348828,2.08E+11,
Bangladesh,bd,2016,5.513525727,2.65E+11,1649.283809,4.35,-13.64213564,27.85073772,7.113478213,0.351171861,7.862768135,8.522796112,7.316911848,2.78E+11,
Bangladesh,bd,2017,5.702070157,2.94E+11,1811.082217,4.372,4.276539894,5.047597582,6.590249998,-2.037566004,7.639874368,8.071262697,6.997142632,3.04E+11,
Bangladesh,bd,2018,5.543621395,3.21E+11,1965.243727,4.407,3.634303658,5.805538767,7.31941263,-2.207839121,7.494145018,8.704805357,7.731772166,3.34E+11,
Bangladesh,bd,2019,5.591996399,3.51E+11,2129.79897,4.441,5.689563715,3.658137552,7.881915151,-0.839485005,8.272315877,8.855780395,7.638638955,3.66E+11,
Bangladesh,bd,2020,5.691074747,3.74E+11,2248.850788,5.436,4.289186251,3.841063386,3.448017551,0.318940442,8.148320246,8.640898095,7.001536744,3.89E+11,
Bangladesh,bd,2021,5.545654308,4.16E+11,2482.849178,5.327,3.076215735,4.121174707,6.938679124,-3.789692599,8.324251342,9.538813352,7.64236301,4.38E+11,
Bangladesh,bd,2022,7.696954372,4.60E+11,2716.485927,4.593,1.972480573,5.049021879,7.099828776,-3.810108132,,,,4.78E+11,
Bangladesh,bd,2023,9.883503038,4.37E+11,2551.017727,4.454,0.629461238,6.89712404,5.77511237,-1.646026153,,,,4.55E+11,
Bangladesh,bd,2024,10.46574828,,,4.68,,,,,,,,,
Bangladesh,bd,2025,,,,,,,,,,,,,
Bulgaria,bg,2010,2.438990605,50760929303,6863.667068,10.279,10.3015198,0.764129879,1.555359635,-1.900319819,31.63153889,29.82603301,17.87143156,49698376601,20.58913653
Bulgaria,bg,2011,4.219903466,57737040780,7857.16707,11.26,4.256439074,6.11283036,2.09017527,0.471950062,29.84962364,29.12445821,17.88271515,55929518184,19.48171787
Bulgaria,bg,2012,2.954568298,54288135059,7430.73738,12.27,8.507411845,1.112178853,0.748814897,-0.973730262,30.91326933,30.57724501,18.38533526,53568146883,21.79621685
Bulgaria,bg,2013,0.890093541,55852123990,7687.713682,12.941,8.96500604,0.07195181,-0.542751603,1.215065698,32.92239886,32.50855591,19.68628224,54615902085,22.05393932
Bulgaria,bg,2014,-1.418183803,57157782910,7912.274844,11.424,6.830279574,1.340782874,0.949448985,2.189535591,37.94340731,33.3619386,19.56662077,56529038853,32.50248539
Bulgaria,bg,2015,-0.104633261,50811995689,7078.860323,9.143,4.372237696,2.947746487,3.397553259,0.018381486,34.28583767,33.53961722,20.07780364,49160388019,30.85154895
Bulgaria,bg,2016,-0.798649886,53964253212,7570.931655,7.575,2.970723702,3.323559204,3.026628931,3.100256004,32.02693201,32.16904087,20.33302996,52164956704,35.54411054
Bulgaria,bg,2017,2.061596194,59309748166,8381.881346,6.164,0.597670419,4.813121312,2.745926447,3.238675023,31.99196611,32.99086595,20.52322466,57855803154,32.23505414
Bulgaria,bg,2018,2.814544738,66289266349,9436.144799,5.211,0.679071464,4.255257298,2.549464347,0.572868009,33.08148372,34.82266718,19.93698055,63875378298,28.73416354
Bulgaria,bg,2019,3.103729448,68631726289,9838.60059,4.23,-0.652136208,5.235487048,3.788850365,1.654934331,33.13173485,35.90055914,20.55721271,66479976533,27.03400814
Bulgaria,bg,2020,1.672440969,70716821235,10198.53883,5.125,-0.004222011,4.341038624,-3.215737434,0.362007222,36.46343932,33.25173648,20.17840551,68161899200,32.10343503
Bulgaria,bg,2021,3.297744353,84417951261,12274.0776,5.267,-2.664794765,6.966624339,7.780614814,-1.033583482,37.6808447,33.86356321,20.58214782,81048510008,32.72139448
Bulgaria,bg,2022,15.32525893,90642851836,13644.20158,4.268,-10.50083989,15.91835969,4.038777583,-2.602466661,39.32067416,36.53913515,21.72561584,85735292883,30.15042175
Bulgaria,bg,2023,9.442841401,1.02E+11,15885.53913,4.319,-3.283944257,7.984199243,1.886814839,0.905860034,35.68682505,34.78153038,20.47501976,97396787109,30.1482885
Bulgaria,bg,2024,2.44651943,,,4.104,,,,,,,,,
Bulgaria,bg,2025,,,,,,,,,,,,,
Bahrain,bh,2010,1.961884683,26805984043,21819.32911,1.13,-4.249245845,12.0069507,4.334299173,2.872761001,18.67398217,21.30170998,1.128280939,24432970745,29.07137081
Bahrain,bh,2011,-0.400040697,29914680851,25032.78677,1.21,-2.461621415,9.485963251,1.928157912,10.85534037,21.64711339,24.17460223,1.071766976,26150319149,34.56893254
Bahrain,bh,2012,2.7573967,31963404255,26438.67332,1.2,3.012662807,2.933947256,3.80302899,8.065399827,20.89851267,24.75463138,1.137081472,30955957447,35.60659863
Bahrain,bh,2013,3.300011569,33823324468,26989.76011,1.182,5.408139596,0.499828956,5.292622249,7.124435789,22.46861625,23.12941859,1.029284683,32627579787,42.27002486
Bahrain,bh,2014,2.647553212,34772526596,26451.79656,1.141,7.415587015,-1.440436835,4.308856927,4.380616687,23.51154578,23.4144864,0.792383936,33139813830,43.52757703
Bahrain,bh,2015,1.848627424,32523297872,23734.05511,1.16,15.25317769,-8.756673402,2.507872053,-2.312529129,25.32938744,16.46920865,0.990043144,30787393617,60.75840887
Bahrain,bh,2016,2.786793476,33884680851,23800.00144,1.192,,0.357247778,3.814993274,-4.40558716,24.49965642,14.6728963,0.808517154,32089202128,70.56945334
Bahrain,bh,2017,1.386718306,37204813830,24784.76935,1.194,,4.615834214,4.953835341,-4.300518764,22.5215503,15.5333861,0.936278227,35215186170,77.52514295
Bahrain,bh,2018,2.08766938,39567978723,26324.40665,1.2,,4.212713526,2.05258865,-6.152890662,22.470036,18.65478265,1.092602424,37491914894,84.30145803
Bahrain,bh,2019,1.005820047,40446808511,27259.74386,1.223,,0.164802199,2.052877744,-1.964097843,21.75381862,19.08440256,2.878188719,38186170213,91.35981063
Bahrain,bh,2020,-2.317706293,35837632979,24342.84446,1.781,,-5.828848464,-5.911362952,-9.053836934,26.10851218,15.45367555,2.823175478,33378590426,111.5980895
Bahrain,bh,2021,-0.606319385,40840212766,27147.80839,1.541,,9.208402636,4.350040917,6.372135307,,,,38312287234,
Bahrain,bh,2022,3.625741043,46680398936,30616.26107,1.326,,7.849294621,5.981302822,14.64975447,,,,44717632979,
Bahrain,bh,2023,0.074620678,46079867021,29218.86056,1.154,,-4.143751658,2.980792767,5.858237577,,,,43472420213,
Bahrain,bh,2024,0.91963546,,,1.102,,,,,,,,,
Bahrain,bh,2025,,,,,,,,,,,,,
"Bahamas, The",bs,2010,1.344027384,10095760000,27473.10043,14.432,5.915788916,-0.392565566,1.538662487,-8.063216637,15.3934155,12.81023984,10.76231493,9860860000,33.69228171
"Bahamas, The",bs,2011,3.198781417,10070450000,27090.83768,14.52,5.972384534,-0.858605323,0.613170736,-11.94727147,16.55929666,14.41865865,13.01102086,9834450000,35.30642921
"Bahamas, The",bs,2012,1.97336756,10720400000,28552.02427,14.02,1.349194804,3.355532525,2.997903207,-14.03681206,16.35497072,14.17357699,12.03936947,10441120000,36.44983303
"Bahamas, The",bs,2013,0.722414785,10395800000,27432.95343,16.18,4.927761977,-0.169413674,-2.863309257,-14.37047654,16.37414132,13.30356218,11.86172232,10098220000,45.10870736
"Bahamas, The",bs,2014,1.513756431,10974100000,28705.61708,13.8,1.063046865,3.648171363,1.847260843,-17.17938793,16.03402855,13.39526597,11.45668428,10537940000,47.02135938
"Bahamas, The",bs,2015,1.861483029,11671900000,30289.40225,12,-0.530754737,5.308932146,0.996758611,-10.30822182,16.29710246,14.83503566,12.88174117,11177020000,48.29858035
"Bahamas, The",bs,2016,-0.34637693,11745100000,30266.58592,12.7,3.095837843,1.604489756,-0.961908777,-6.051762195,18.09390721,16.93718745,14.29746961,11189060000,50.78514444
"Bahamas, The",bs,2017,1.518207007,12236700000,31337.18325,9.8,2.863086289,1.34831042,2.799518639,-12.86822463,20.07762572,16.91840137,15.04462143,11691150000,53.52854119
"Bahamas, The",bs,2018,2.265863467,12615800000,32124.40511,10,3.776601413,0.456170832,2.62988986,-8.840294082,17.66476165,16.16824934,14.55059529,11780700000,57.41367967
"Bahamas, The",bs,2019,2.491235274,13016200000,32979.54013,9.336,-0.328326497,4.593407872,-1.357265209,-2.65423796,18.84410965,18.64040964,16.89201149,12394010000,57.82838309
"Bahamas, The",bs,2020,0.038521098,9958200000,25155.67254,12.027,7.071112916,-2.63480302,-21.42346307,-22.94089474,26.89225786,20.95587864,18.66061102,9425610000,82.25603025
"Bahamas, The",bs,2021,2.904912629,11368900000,28682.327,11.032,5.379496909,-1.071837447,15.40314894,-21.40916788,26.11274194,16.78318997,14.17638159,10657360000,87.39033166
"Bahamas, The",bs,2022,5.605406336,13136400000,33044.38821,9.272,-0.048941176,4.301046158,10.7820132,-9.38303282,23.61703933,19.8341812,16.42954833,12383370000,82.15955396
"Bahamas, The",bs,2023,3.05291579,14338500000,35896.50511,8.643,-1.969468771,6.344420145,2.639055981,-7.494376622,21.67083871,19.90699679,17.25177662,13740990000,78.52689251
"Bahamas, The",bs,2024,,,,8.463,,,,,,,,,
"Bahamas, The",bs,2025,,,,,,,,,,,,,
Bosnia and Herzegovina,ba,2010,1.996212367,17176315804,4506.478285,27.312,6.39214699,1.406293966,0.86566926,-6.000463994,39.16334613,38.37019834,19.6856764,17455986159,
Bosnia and Herzegovina,ba,2011,3.67125,18644233537,4982.693758,27.582,4.880421152,2.432527908,0.959511247,-9.479199442,38.11861795,38.83560406,20.30566528,18794204716,45.83469429
Bosnia and Herzegovina,ba,2012,2.05267452,17226735996,4693.788991,28.01,6.481564755,0.795773347,-0.821836474,-8.625950203,39.03266972,39.48127657,20.47753994,17361422537,49.09026353
Bosnia and Herzegovina,ba,2013,-0.093045684,18179108531,5034.56616,27.49,7.276478303,-0.224122003,2.349856663,-5.325858303,37.36555806,38.44867862,19.75154464,18421211486,49.60975139
Bosnia and Herzegovina,ba,2014,-0.897194054,18558733564,5206.065583,27.517,5.58529959,1.000337219,1.153851092,-7.350858411,39.94627298,39.41685466,19.77790177,18710534545,53.50086087
Bosnia and Herzegovina,ba,2015,-1.036023034,16404348871,4662.258837,27.695,4.363562765,1.365730709,4.314750611,-5.035405203,36.4782077,38.13548511,19.70001004,16514883084,
Bosnia and Herzegovina,ba,2016,-1.5841,17116926328,4928.566525,25.408,3.853482163,1.333305967,3.242255212,-4.698670946,34.90102361,37.68652853,19.71374557,17139875881,52.23812774
Bosnia and Herzegovina,ba,2017,0.810133322,18326373366,5345.019855,20.527,2.555420954,1.778707027,3.244100959,-4.778782105,33.88992529,38.18625246,19.98764986,18174627641,47.37156299
Bosnia and Herzegovina,ba,2018,1.41710814,20484053869,6047.845843,18.4,0.971534856,2.791624904,3.827499205,-3.23063058,34.49934747,38.32771212,20.14102254,20366478393,44.89324081
Bosnia and Herzegovina,ba,2019,0.562782154,20482608755,6122.375345,15.692,0.796048107,2.471504685,2.887343344,-2.596918821,34.05216892,37.55815498,19.82659719,20448097003,44.02357192
Bosnia and Herzegovina,ba,2020,-1.051296008,20226036564,6130.311332,15.868,3.00786242,0.06214255,-3.015095148,-2.839518617,38.36146594,37.44958014,18.75064473,20112988928,45.42163684
Bosnia and Herzegovina,ba,2021,1.981639006,23672712242,7295.343824,14.897,-1.6799107,4.964604416,7.38996234,-1.475286851,34.85890441,36.77078663,19.0981492,23371644757,46.97481914
Bosnia and Herzegovina,ba,2022,14.02084408,24534663636,7655.59421,12.657,-7.555774248,11.80884011,4.226811011,-4.392365238,33.42377051,35.87443528,19.09105987,24213156434,41.74351052
Bosnia and Herzegovina,ba,2023,6.105901128,27514782476,8638.666202,10.668,-2.48323871,6.762704356,2.211124472,-2.32154774,35.39502769,36.67769245,19.11242194,27355539704,40.42377461
Bosnia and Herzegovina,ba,2024,1.692127336,,,10.723,,,,,,,,,
Bosnia and Herzegovina,ba,2025,,,,,,,,,,,,,
Belarus,by,2010,7.735748043,57231904543,6034.678852,6.045,-1.907344445,11.34030988,7.750017066,-14.46780439,30.20748043,30.31542299,16.32143837,56069265841,18.90524573
Belarus,by,2011,53.22869831,61762382328,6527.659343,6.022,-33.48902473,70.76129097,5.549974723,-8.180545843,25.44929942,28.06336962,14.50907256,61079871267,39.41681084
Belarus,by,2012,59.21973602,65685890439,6953.215917,5.946,-31.81321032,75.24166665,1.70785257,-2.835007621,27.62242276,29.03956362,14.66297503,64215516439,24.42931342
Belarus,by,2013,18.31226104,75527558966,7998.080205,5.937,-1.756238025,21.26300025,0.998719279,-10.01925668,28.25469648,28.72201087,13.35496285,72875339441,23.83729556
Belarus,by,2014,18.11955435,78812805039,8341.290143,5.902,0.464890416,18.19220244,1.651124685,-6.63305918,27.41049205,27.92197996,12.69776707,76448782778,24.54880852
Belarus,by,2015,13.53448976,56454889147,5967.06856,5.881,1.775685289,16.02312772,-3.829570558,-3.243474618,28.1104398,29.67682238,14.17306451,54061945286,37.5980986
Belarus,by,2016,11.83658077,47723545321,5039.775609,5.844,5.591856659,8.341688099,-2.526446436,-3.377368528,29.4170538,28.94264796,13.78823561,45473302429,38.92409841
Belarus,by,2017,6.031837252,54725302250,5785.533977,5.648,0.953546673,8.622941967,2.5321835,-1.740328442,29.32166086,29.46724,13.01903023,52669765497,39.88017996
Belarus,by,2018,4.872302206,60031173808,6360.053101,4.763,-3.071065142,12.1397171,3.149197594,0.038146847,28.16371144,30.84724201,14.67253298,57861187726,37.09564601
Belarus,by,2019,5.59815595,64410122847,6837.768321,4.165,0.411406274,8.576642215,1.446455477,-1.934168023,28.58836922,29.601128,13.30151601,62499831005,33.24422862
Belarus,by,2020,5.548143575,61371755326,6542.86454,4.049,-2.543132036,11.87769757,-0.672742951,-0.290687465,29.92813968,28.10312093,12.0229072,58875118002,
Belarus,by,2021,9.460283896,69673747132,7489.718947,3.9,-4.516675065,15.32641964,2.438862124,3.067248492,27.8747723,27.24670735,12.82500496,67115938432,
Belarus,by,2022,15.20967527,73775179925,7994.648061,3.574,-1.888002465,14.88486237,-4.658395916,3.561776639,28.26899841,26.07257159,11.23354562,70678268154,
Belarus,by,2023,5.000599031,71857382746,7829.053137,3.461,2.416056196,7.368230536,3.886242145,-1.536237799,28.71367756,28.16593363,12.81089418,69352182752,
Belarus,by,2024,5.785319104,,,3.361,,,,,,,,,
Belarus,by,2025,,,,,,,,,,,,,
Belize,bz,2010,0.917977379,1745700000,5451.138972,8.416,11.37893689,2.248536857,1.114035787,-2.619961221,19.75780489,21.8332782,18.88480266,1607200762,64.15973535
Belize,bz,2011,1.602056156,1827050000,5582.221706,8.43,8.050914228,4.916588761,-0.244543781,-1.09186219,19.95301169,21.47173509,18.3662735,1729864700,62.56665116
Belize,bz,2012,1.300580745,1909400000,5709.689188,8.379,11.61292822,0.74176453,3.737775786,-1.734215976,18.39771724,20.54872778,18.43678896,1789236950,61.38457107
Belize,bz,2013,0.509747769,2032750000,5950.202999,8.349,9.467088898,1.920282881,4.454326007,-3.57083938,18.88614159,21.39043585,18.49372515,1913514450,61.20772353
Belize,bz,2014,1.201399645,2138250000,6128.142885,8.244,9.600554523,1.114254089,4.030845578,-6.353860549,19.43932478,22.35256918,19.86248779,2000450700,61.03060914
Belize,bz,2015,-0.861584009,2193050000,6154.495935,7.578,10.65732007,-0.304580066,2.876183795,-7.9676956,20.6171829,22.19854945,19.70611484,2097584100,
Belize,bz,2016,0.663427168,2240200000,6142.498732,7,7.587722321,2.094279663,0.054551654,-7.296504929,21.26590089,22.39703112,20.63817269,2129392150,
Belize,bz,2017,1.147653393,2266300000,6072.582676,6.596,6.240326194,3.032910309,-1.812853541,-6.973261719,22.34108926,23.80423817,21.34413431,2141050850,
Belize,bz,2018,0.269982623,2293250000,6031.281396,7.896,9.03025245,0.077728473,1.11057125,-6.575576148,,,,2137006450,
Belize,bz,2019,0.187069385,2388300000,6190.047923,9.053,9.195337436,-0.117835406,4.267636896,-7.731260925,,,,2224796150,
Belize,bz,2020,0.121434645,2042850000,5227.193638,10.784,9.447766348,-0.652000224,-13.90291006,-6.261829661,,,,1984213900,
Belize,bz,2021,3.235636592,2420550000,6122.611586,10.322,7.758625898,0.630768469,17.74617012,-6.52200389,,,,2342620000,
Belize,bz,2022,6.276893194,2846700000,7068.454783,8.763,1.185095137,7.252447971,9.652977724,-8.275039039,,,,2712767600,
Belize,bz,2023,4.389840175,3066850000,7459.998151,8.267,1.80997445,6.509701614,1.149016821,-0.644343658,,,,2955666850,
Belize,bz,2024,3.28955986,,,7,,,,,,,,,
Belize,bz,2025,,,,,,,,,,,,,
Bermuda,bm,2010,,6634526000,104111.8242,,,2.236222003,-2.502878289,10.4899592,,,,6780700000,
Bermuda,bm,2011,,6312691000,99049.01699,,,-1.151255981,-3.742744317,13.74369147,,,,6474269000,
Bermuda,bm,2012,,6378188000,100213.4934,,,6.698203692,-5.305299107,14.53372062,,,,6661617000,
Bermuda,bm,2013,,6465756000,101704.4075,,,1.657273194,-0.279708545,13.00156808,,,,6764352000,
Bermuda,bm,2014,,6413988000,100961.5766,,,3.011890877,-3.701067594,12.74679187,,,,6657829000,
Bermuda,bm,2015,,6654541000,104855.3668,,,2.95202007,0.7755297,14.16921418,,,,6893729000,
Bermuda,bm,2016,,6899911000,108747.3561,,,4.373203842,-0.657206304,12.26083039,,,,7095783000,
Bermuda,bm,2017,,7142316000,112339.4256,,,-0.094833736,3.611419837,13.16379871,,,,7435279000,
Bermuda,bm,2018,,7225977000,113204.8221,,,1.611116976,-0.4328013,12.30210205,,,,7460410000,
Bermuda,bm,2019,,7423465000,115798.0408,,,2.419351945,0.306266735,11.29797266,,,,7524540000,
Bermuda,bm,2020,,6887147000,106973.1757,,,-0.40980436,-6.842869643,12.39772623,,,,7090229000,
Bermuda,bm,2021,,7286607000,112712.0251,,,0.36140003,5.41909484,13.20584189,,,,7597926000,
Bermuda,bm,2022,,7827980000,120897.3112,,,0.938226826,6.431133996,,,,,8251538000,
Bermuda,bm,2023,,8141700000,125841.6025,,,4.106392454,-0.094823593,,,,,8484520219,
Bermuda,bm,2024,,,,,,,,,,,,,
Bermuda,bm,2025,,,,,,,,,,,,,
Bolivia,bo,2010,2.503276058,19649723722,1929.783731,2.608,1.041041528,8.777508116,4.126722591,4.446605369,,,,18760785456,
Bolivia,bo,2011,9.884464198,23963164697,2315.521219,2.255,-3.217178149,14.60235424,5.204092443,2.241794613,,,,22977403394,
Bolivia,bo,2012,4.515602914,27084497482,2575.598571,2.066,3.767191392,7.100275501,5.122275581,7.273677909,,,,25455219537,
Bolivia,bo,2013,5.736400237,30659338886,2870.02377,2.437,4.770029141,5.995388369,6.796011428,3.437720627,,,,28751567786,
Bolivia,bo,2014,5.766600746,32996188013,3041.435031,2.021,7.491198632,2.049497645,5.460569575,1.716048837,,,,31298228316,
Bolivia,bo,2015,4.059610411,33000198248,2996.012898,3.111,13.30880295,-4.620602295,4.857187232,-5.867265944,,,,31873100506,
Bolivia,bo,2016,3.623214318,33941126200,3035.873478,3.498,9.434724905,-1.354870536,4.263920838,-5.619272158,,,,33320230252,
Bolivia,bo,2017,2.822758055,37508642165,3306.303012,3.655,1.931420924,6.061399961,4.195206301,-5.060811788,,,,36398995783,
Bolivia,bo,2018,2.272059872,40287647930,3500.726422,3.519,4.83325936,3.056265908,4.223623511,-4.281655221,,,,39311992851,
Bolivia,bo,2019,1.83954505,40895322844,3503.896011,3.682,9.155986432,-0.693003423,2.216705778,-3.340467252,,,,40059428632,
Bolivia,bo,2020,0.940742153,36629843805,3099.94219,7.903,9.625096813,-1.854386587,-8.737884434,-0.043450218,,,,36212943805,
Bolivia,bo,2021,0.737383721,40406111695,3384.844865,5.089,3.906454516,3.95611964,6.111372752,3.912430449,,,,39377011695,
Bolivia,bo,2022,1.746328729,44008282878,3643.92827,3.552,2.511807569,5.124464466,3.605680383,2.13388055,,,,42744582878,
Bolivia,bo,2023,2.576888005,45135398009,3686.279965,3.024,9.195612617,-0.505250429,3.081965241,-2.547085658,,,,43866498009,
Bolivia,bo,2024,5.099765683,,,3.091,,,,,,,,,
Bolivia,bo,2025,,,,,,,,,,,,,
Brazil,br,2010,5.038726901,2.21E+12,11403.28213,8.422,29.11580552,8.423338337,7.528225818,-3.925946044,30.70145308,28.99643707,14.24957596,2.14E+12,61.31878046
Brazil,br,2011,6.636449622,2.62E+12,13396.62436,7.578,32.83345951,8.318592219,3.974423079,-3.194618319,31.30647345,29.10080306,14.85129878,2.55E+12,59.3416583
Brazil,br,2012,5.40349914,2.47E+12,12521.72135,7.251,26.58209053,7.943126941,1.921175986,-3.759416117,30.79409896,29.66605027,14.33241109,2.40E+12,59.84949
Brazil,br,2013,6.204310666,2.47E+12,12458.89121,7.071,18.49884442,7.504564533,3.004822669,-3.574220796,30.83633765,28.65112223,14.12530574,2.44E+12,57.22840938
Brazil,br,2014,6.329040155,2.46E+12,12274.99397,6.755,22.40367244,7.846709744,0.50395574,-4.49883038,32.06939945,27.37151454,13.49007452,2.41E+12,58.45727111
Brazil,br,2015,9.029901024,1.80E+12,8936.196618,8.538,33.83234397,7.566175012,-3.545763393,-3.518391668,36.92441983,29.2514316,13.62962937,1.77E+12,67.53755403
Brazil,br,2016,8.739143523,1.80E+12,8836.286526,11.58,40.69836145,8.103604359,-3.275916908,-1.700113397,36.49160113,29.67010526,13.71043098,1.76E+12,73.41880381
Brazil,br,2017,3.44637335,2.06E+12,10080.50928,12.792,41.71380787,3.671384513,1.322869054,-1.224299258,36.24765387,27.82472985,13.60522852,2.02E+12,83.66920265
Brazil,br,2018,3.664850284,1.92E+12,9300.661649,12.329,33.10233425,4.493534331,1.783666762,-2.807520086,35.45399989,28.58288523,13.94010799,1.86E+12,86.60788412
Brazil,br,2019,3.732976212,1.87E+12,9029.833267,11.936,31.90307275,4.224258869,1.220777824,-3.469895814,34.78745284,29.1518761,13.73769484,1.82E+12,92.56525319
Brazil,br,2020,3.211768038,1.48E+12,7074.193783,13.697,21.19717969,6.472499608,-3.276758796,-1.687788053,38.48116103,25.6990311,12.71938786,1.45E+12,98.70988195
Brazil,br,2021,8.301659756,1.67E+12,7972.53665,13.158,15.01088497,13.04727088,4.762604379,-2.418765682,31.79387854,27.32688783,14.13667513,1.62E+12,85.01150367
Brazil,br,2022,9.28010609,1.95E+12,9281.333344,9.231,28.39609283,8.570281953,3.016694354,-2.159756585,34.13446098,29.61603613,14.72584792,1.90E+12,79.10232189
Brazil,br,2023,4.593562823,2.17E+12,10294.86668,7.947,37.20750933,4.658994759,2.908480487,-1.285054222,32.69169492,25.57461069,14.15469334,2.11E+12,83.69893694
Brazil,br,2024,4.367464077,,,7.634,,,,,,,,,
Brazil,br,2025,,,,,,,,,,,,,
Barbados,bb,2010,5.824218533,5191188500,18860.38337,10.69,-8.542276321,18.85272848,-2.217710437,-5.24644752,29.97710153,23.18922476,21.56530728,5079238850,83.53243836
Barbados,bb,2011,9.432202402,5342183800,19345.99531,11.19,4.855028575,3.666940419,-0.731434559,-3.249822794,28.13598968,24.16939797,22.62671563,5042037400,87.40186517
Barbados,bb,2012,4.533347539,5271257500,19034.0708,11.59,9.817438379,-1.017541836,-0.313311151,-8.508352801,31.06204867,22.70305092,21.4013748,5098854100,98.62868743
Barbados,bb,2013,1.81410436,5361158350,19308.00911,11.55,5.797350092,2.74359415,-1.010381846,-4.709530691,30.98560754,21.57575124,20.12696972,5166558900,105.1105993
Barbados,bb,2014,1.769503221,5365976700,19277.94236,12.17,8.375244705,0.007463538,0.082405478,-12.0306624,29.27718525,21.80206826,20.5823002,5168535350,113.4528223
Barbados,bb,2015,-1.112789925,5288057750,18954.29137,9.803,8.722809228,-0.611165127,-0.846098521,-1.867083461,31.46687848,23.81917004,22.64014144,5075115400,126.3699062
Barbados,bb,2016,1.281928131,5330761500,19065.80698,8.247,9.10510166,-0.96705071,1.791930334,-8.486410529,30.64722507,26.85448879,24.91168012,5109325650,133.2021976
Barbados,bb,2017,4.66018464,5517340450,19692.76067,8.622,4.530184399,3.367271971,0.128446002,-5.372077537,,,,5293593650,
Barbados,bb,2018,3.673814104,5629916200,20055.91587,8.322,4.646222369,3.252652178,-1.174065094,,,,,5389916200,
Barbados,bb,2019,4.100289645,5788288000,20583.72658,8.412,5.77949883,2.146447275,0.652585418,,,,,5521288000,
Barbados,bb,2020,,5168344450,18347.11091,9.777,2.79323419,5.113921992,-15.05436295,,,,,5101344450,
Barbados,bb,2021,,5275242050,18696.7859,9.433,5.590564766,2.329218751,-0.25496588,,,,,5179242050,
Barbados,bb,2022,,6257303500,22164.02603,8.365,7.336238725,0.664976976,17.83286303,,,,,6091303500,
Barbados,bb,2023,9.792070771,6720733200,23804.02499,7.878,,3.182129807,4.09382011,,,,,6453733200,
Barbados,bb,2024,,,,7.529,,,,,,,,,
Barbados,bb,2025,,,,,,,,,,,,,
Brunei Darussalam,bn,2010,0.356869132,13707121031,34937.55552,6.455,0.495246705,4.980089565,2.741364335,36.59560397,,,,13606836277,
Brunei Darussalam,bn,2011,0.137911563,18524791071,46382.82745,6.442,-12.2155723,20.18076868,3.744406387,34.71066495,,,,18026808827,
Brunei Darussalam,bn,2012,0.111766261,19048443340,46968.59711,6.482,4.228153889,1.220251979,0.913135324,29.83831897,,,,18591292983,
Brunei Darussalam,bn,2013,0.389205053,18094148099,44003.06443,6.655,8.565330744,-2.823489527,-2.124783186,20.88098818,,,,17893858130,
Brunei Darussalam,bn,2014,-0.207108732,17097797372,41026.50839,6.862,7.484174438,-1.846015424,-2.507887216,30.70918368,,,,17082574490,
Brunei Darussalam,bn,2015,-0.488347421,12930296852,30625.12873,7.726,28.05378423,-17.61274324,-0.392383488,16.67904331,,,,13580876417,
Brunei Darussalam,bn,2016,-0.278693266,11400266055,26663.29732,8.574,16.15040581,-9.169495136,-2.477917765,12.89390573,,,,12235340081,
Brunei Darussalam,bn,2017,-1.260505646,12128168047,28024.38246,9.316,0.519012837,4.955268682,1.328726513,16.36221855,,,,12848588413,
Brunei Darussalam,bn,2018,1.025051793,13566908401,30988.11905,8.7,-3.40210004,9.215624815,0.052371054,6.928231033,,,,13650753317,
Brunei Darussalam,bn,2019,-0.390522069,13469235348,30426.57303,6.6,9.138376223,-3.333727648,3.868844164,6.635555035,,,,13830321068,
Brunei Darussalam,bn,2020,1.940319966,12005799664,26834.35925,7.409,18.35814413,-10.8637595,1.133573406,4.278874618,,,,12367544185,
Brunei Darussalam,bn,2021,1.733413885,14006496614,31006.96362,4.905,-8.63105556,15.46592844,-1.590762481,11.21029302,,,,14096167229,
Brunei Darussalam,bn,2022,3.682250306,16681536443,36632.92804,5.191,-15.08147162,24.23672668,-1.62833154,19.56671367,,,,16311908985,
Brunei Darussalam,bn,2023,0.357064312,15128292981,32962.90651,5.183,21.11985322,-12.89619563,1.407068323,12.85044757,,,,15322324610,
Brunei Darussalam,bn,2024,-0.388674165,,,5.144,,,,,,,,,
Brunei Darussalam,bn,2025,,,,,,,,,,,,,
Bhutan,bt,2010,7.036383161,1708880731,2435.579807,3.32,5.160030473,8.326962396,11.9318739,-18.90694314,20.13678046,19.92899221,12.19413959,1620906892,50.91953015
Bhutan,bt,2011,8.848985699,1977728659,2787.979677,3.23,4.702226656,8.880205933,8.489258462,-26.6070202,20.11813237,18.83232812,12.4317425,1863823017,57.54964807
Bhutan,bt,2012,10.91965694,1973387228,2751.212887,2.05,4.936823319,8.636793448,5.164820108,-19.10607209,18.88566107,19.24478173,13.58872807,1831270594,67.01481562
Bhutan,bt,2013,8.776383453,1943696952,2679.952172,2.87,7.416222676,6.164131598,1.736340397,-24.29349325,18.6357911,18.48205085,13.30259474,1820262696,88.94921448
Bhutan,bt,2014,8.271060939,2089079571,2849.499987,2.63,7.853382641,5.722228834,5.881085491,-23.46880526,17.03227604,18.18816417,12.50529912,1954089383,84.99907113
Bhutan,bt,2015,4.548143951,2187815804,2954.04082,2.45,11.32262505,3.209777242,6.66080134,-25.06271773,17.91125521,17.9726478,12.14534542,2045040204,81.05056098
Bhutan,bt,2016,3.219886894,2357504761,3152.309051,2.705,9.708017806,4.048912999,8.475943355,-26.41310917,17.61405276,17.21908941,11.88643007,2172018217,92.29120129
Bhutan,bt,2017,4.95508367,2591358010,3435.288048,3.016,9.48768641,4.34963396,2.086845258,-20.85469656,17.62035772,17.65164124,11.8591945,2378534602,95.77868497
Bhutan,bt,2018,2.723963862,2583335721,3400.204172,3.35,12.70294382,1.150862735,3.501871837,-18.5091514,19.38750305,21.74787976,15.80402364,2363147138,95.84782123
Bhutan,bt,2019,2.726430374,2735683570,3576.879871,2.72,10.56367179,3.1080084,5.755148506,-18.30626799,16.63073807,18.83362939,14.49755272,2506135795,90.35735257
Bhutan,bt,2020,5.629365226,2457604334,3191.66907,5.03,8.275090667,5.287374315,-10.21839741,-15.50911087,24.07615739,20.02848077,12.28463638,2314749743,111.0078841
Bhutan,bt,2021,7.346814405,2768802960,3570.612579,4.803,5.920379288,7.628013387,4.421367402,-11.53131206,,,,2612193375,
Bhutan,bt,2022,5.639166714,2898227743,3711.327679,5.947,7.755712499,5.794855193,5.213867811,-27.80054726,,,,2747666951,
Bhutan,bt,2023,4.229344199,,,3.126,7.565038508,,,-31.89999329,,,,,
Bhutan,bt,2024,2.761315696,,,2.856,,,,,,,,,
Bhutan,bt,2025,,,,,,,,,,,,,
Botswana,bw,2010,6.948876587,12637273429,6215.732161,17.86,3.505910613,7.683061453,10.12220912,-5.888402257,33.51560763,36.70145238,23.88336421,12147261072,21.88629705
Botswana,bw,2011,8.459872334,15110643612,7287.382953,18.054,-1.467619028,12.65332158,6.838529748,-0.872984775,29.78676055,36.62737125,24.04532616,15016050301,21.07436228
Botswana,bw,2012,7.536902611,13907464500,6595.53845,17.952,7.75460206,3.011841608,-0.170900761,-5.901992671,31.52007898,38.6639086,28.03657766,14164563194,20.62318079
Botswana,bw,2013,5.884607071,14271738933,6666.912196,18.203,8.5264764,1.532120998,11.10282378,4.530731484,29.48597481,40.50852783,26.74039063,13621161025,19.01638129
Botswana,bw,2014,4.402253092,15470088501,7122.364234,18.514,-0.551076777,9.604002203,5.694777382,11.07503064,29.13240487,39.94171187,27.09282997,14998439776,18.32573361
Botswana,bw,2015,3.062031696,13530748845,6141.203947,18.93,4.067935712,3.730317376,-4.85133564,2.226182876,31.24309418,35.32039,26.31109885,13076842711,19.08697767
Botswana,bw,2016,2.814957914,15082637184,6749.059943,19.329,-4.115021481,11.90491113,7.204424759,7.97299722,26.78113923,34.77393997,21.63005532,13792127268,15.80495231
Botswana,bw,2017,3.308280768,16105155857,7104.964011,19.664,9.784192479,-2.649919276,4.114363663,5.585809138,28.15498424,33.58084839,23.93349631,14738582295,14.68076918
Botswana,bw,2018,3.238015589,17031943186,7407.959401,19.681,6.439120061,0.057196959,4.188093554,0.392946349,29.06441565,30.70783065,21.74049457,15447818705,15.23071514
Botswana,bw,2019,2.772864429,16725908149,7172.089565,20.094,5.858510949,0.507585436,3.032202574,-6.905054782,28.80054499,30.12897434,21.098551,16776578169,16.19390431
Botswana,bw,2020,1.890359168,14960291106,6323.314192,21.017,1.313488588,4.378993827,-8.728752526,-10.1670468,33.85871112,28.76564534,22.27464622,14982287848,19.61608146
Botswana,bw,2021,7.240977656,18750946600,7808.20624,23.106,-2.889285696,8.381449724,11.92063651,-1.677690595,28.38828769,32.86424871,22.22951402,18787565212,
Botswana,bw,2022,11.66556748,20321958850,8329.040322,23.615,-7.403099179,14.61755097,5.486028178,-1.142221264,25.09141855,29.45606667,19.648748,20355187598,
Botswana,bw,2023,5.067615493,19396084498,7820.232404,23.381,4.517928311,2.12467972,2.73379817,-0.601807749,,,,19439625489,
Botswana,bw,2024,2.818351317,,,23.138,,,,,,,,,
Botswana,bw,2025,,,,,,,,,,,,,
Central African Republic,cf,2010,1.4910237,2142591540,476.873787,5.291,,4.211309311,4.630818432,,16.33666477,9.207420981,8.407892197,2152234866,
Central African Republic,cf,2011,1.194475724,2437982705,534.0572815,5.281,,4.009115057,4.194615337,,13.46409037,8.625289336,7.540403624,2447711016,
Central African Republic,cf,2012,5.478295943,2510126512,544.3958491,5.243,,6.181036177,5.053761254,,8.184471906,9.554073472,8.172377281,2521348067,
Central African Republic,cf,2013,6.98879342,1691544110,364.3669626,5.243,,2.487486778,-36.3919771,,,,,1706709069,
Central African Republic,cf,2014,14.89868418,1894813389,409.850486,5.326,,11.8938033,0.081070515,,8.271974001,4.581282071,4.098500696,1914516900,
Central African Republic,cf,2015,1.402970171,1695825714,366.3228539,5.477,,2.708263108,4.33712103,,9.306558442,5.663160089,5.448991385,1716880216,
Central African Republic,cf,2016,4.945432761,1825018145,387.1762034,5.491,,2.980114084,4.750316841,,9.021345527,7.300229998,6.807588937,1847781766,
Central African Republic,cf,2017,4.180723319,2072349973,432.3240257,5.534,,6.443706288,4.527278213,,8.676798601,7.198194551,7.081244249,2177935588,
Central African Republic,cf,2018,1.61215687,2220979146,455.2439629,5.517,,-1.224117158,3.789443593,,10.12335334,8.817987764,8.63983072,2386745438,
Central African Republic,cf,2019,2.685373553,2221301351,449.2284676,5.607,,2.327837051,3.1,,9.939339098,8.792084399,8.318458045,2386023469,
Central African Republic,cf,2020,1.710156595,2326720900,462.8790713,,,1.982160556,0.899999997,,13.97330661,9.512235967,8.709644827,2456787984,
Central African Republic,cf,2021,4.259364175,2516498412,492.2631428,6.375,,3.185766469,0.982919996,,11.66138983,9.204779248,8.206292297,2688202219,
Central African Republic,cf,2022,5.583167352,2382618615,467.359825,5.956,,5.96792445,0.502110003,,,,,2509339924,
Central African Republic,cf,2023,2.979138526,2555492085,495.9788972,5.877,,3.39995299,0.870251451,,,,,2706537362,
Central African Republic,cf,2024,,,,5.899,,,,,,,,,
Central African Republic,cf,2025,,,,,,,,,,,,,
Canada,ca,2010,1.776871541,1.62E+12,47560.6666,8.178,-0.237699891,2.848637766,3.090806374,-3.596185671,19.08470714,16.89617213,11.7328093,1.59E+12,53.14973296
Canada,ca,2011,2.912135089,1.79E+12,52223.85884,7.637,-0.236773176,3.244455176,3.13719439,-2.774006026,17.850268,16.92549814,11.80392128,1.76E+12,54.11938584
Canada,ca,2012,1.515678231,1.83E+12,52670.34473,7.392,1.760110339,1.218443707,1.755661325,-3.532247677,17.51751993,16.92032366,11.66442736,1.80E+12,55.72516494
Canada,ca,2013,0.938291898,1.85E+12,52638.11872,7.143,1.237716691,1.740737906,2.325813574,-3.146875451,17.08488216,16.95261766,11.6235046,1.82E+12,53.20086908
Canada,ca,2014,1.906635907,1.81E+12,50960.84312,7.023,1.038638973,1.941198977,2.873466772,-2.318921377,16.40204983,16.97922249,11.80837908,1.78E+12,51.48270813
Canada,ca,2015,1.125241361,1.56E+12,43594.1941,6.945,3.67453345,-0.867651312,0.649970994,-3.513987167,17.05977868,17.8509095,12.38981091,1.53E+12,55.99158378
Canada,ca,2016,1.428759547,1.53E+12,42314.06158,7.038,1.968905239,0.716978141,1.038550935,-3.093111447,17.49860407,17.86507551,12.49656263,1.51E+12,56.0236244
Canada,ca,2017,1.596884129,1.65E+12,45129.62812,6.426,0.125752237,2.571014654,3.033834903,-2.803427477,17.60659541,18.0104464,12.61201668,1.63E+12,54.46256518
Canada,ca,2018,2.268225672,1.73E+12,46539.17616,5.837,,1.651118198,2.742963431,-2.385071611,17.54090045,18.52919391,13.05768467,1.70E+12,53.15153565
Canada,ca,2019,1.949269024,1.74E+12,46352.86934,5.69,,1.546070754,1.908431925,-1.951702748,18.10570968,18.27760904,12.7416889,1.72E+12,53.36232469
Canada,ca,2020,0.716999632,1.66E+12,43537.8393,9.657,,1.070810268,-5.038233441,-2.010493527,28.57147361,19.03675075,13.50333209,1.64E+12,74.5540471
Canada,ca,2021,3.395193185,2.01E+12,52496.84417,7.527,,7.664865423,5.286956891,-0.022126317,22.66563851,19.07622313,13.2198943,1.99E+12,71.07396023
Canada,ca,2022,6.802801153,2.16E+12,55509.39318,5.279,,7.653819927,3.819866339,-0.29227644,18.49653555,18.16336679,12.82601965,2.13E+12,61.41786358
Canada,ca,2023,3.879001598,2.14E+12,53431.18571,5.415,,1.534710113,1.248927304,-0.642444782,19.53781629,19.94260306,14.00758608,2.11E+12,62.22852282
Canada,ca,2024,2.381583833,,,6.45,,,,,,,,,
Canada,ca,2025,,,,,,,,,,,,,
Switzerland,ch,2010,0.688238707,5.99E+11,76531.37294,4.808,2.413050268,0.312736574,3.243397336,13.03328035,16.71974454,17.06898975,9.364008039,6.30E+11,20.99356622
Switzerland,ch,2011,0.231349208,7.16E+11,90476.75897,4.409,2.739346526,-0.020452917,1.813108192,6.211198937,16.63767918,17.29016619,9.321952188,7.20E+11,21.14200705
Switzerland,ch,2012,-0.692552018,6.86E+11,85836.20768,4.491,2.622941725,0.063720263,1.179253833,8.877328183,16.52192618,17.16397915,9.169074742,6.98E+11,21.34449593
Switzerland,ch,2013,-0.217323155,7.06E+11,87304.33058,4.747,2.778422162,-0.08684264,1.792144057,9.606768907,16.78876201,17.36534966,9.256214099,7.18E+11,20.21815744
Switzerland,ch,2014,-0.013202539,7.27E+11,88724.99094,4.826,3.365102086,-0.653123804,2.349881275,6.866976029,16.7192645,17.13224846,9.087339532,7.26E+11,20.61124279
Switzerland,ch,2015,-1.143908672,6.94E+11,83806.4476,4.801,3.996447542,-1.265056875,1.644627687,8.878979615,17.06744466,17.74615141,9.556179017,7.01E+11,20.43929496
Switzerland,ch,2016,-0.434618664,6.88E+11,82153.07454,4.918,3.248908871,-0.583291592,2.068689667,7.276412514,17.24082285,17.45013488,9.404603141,6.84E+11,19.38099266
Switzerland,ch,2017,0.53378784,6.95E+11,82254.37693,4.797,3.006367395,-0.367869217,1.362799557,5.344109874,17.21621714,18.15463237,10.06163529,6.86E+11,20.28441183
Switzerland,ch,2018,0.936335464,7.26E+11,85217.36915,4.713,1.849004653,0.764289197,2.860445795,5.049918258,16.71822365,17.67546501,9.691023945,6.99E+11,18.67811857
Switzerland,ch,2019,0.36288618,7.21E+11,84121.93103,4.394,2.739664717,-0.103895158,1.141982325,3.512294481,16.8530605,17.90641173,9.907169187,6.96E+11,18.95425981
Switzerland,ch,2020,-0.725874933,7.42E+11,85897.78433,4.817,3.357509619,-0.699187623,-2.141737207,0.375066945,20.04319548,17.8932166,9.34487115,7.17E+11,20.85210767
Switzerland,ch,2021,0.581814168,8.13E+11,93446.43445,5.013,1.376511373,1.246191967,5.391888041,7.073403048,19.01106849,18.47591925,10.09367726,8.00E+11,19.98577902
Switzerland,ch,2022,2.835027986,8.18E+11,93245.79521,4.122,0.145920368,2.497159504,2.568328178,8.837019358,16.67215831,17.39362278,9.10068229,8.02E+11,17.80283386
Switzerland,ch,2023,2.13540088,8.85E+11,99564.71003,4.043,1.822186737,1.023314026,0.716066869,5.362490449,16.90559014,17.2390836,9.100054168,8.60E+11,20.09538865
Switzerland,ch,2024,1.06234042,,,4.11,,,,,,,,,
Switzerland,ch,2025,,,,,,,,,,,,,
Channel Islands,jg,2010,,8902070446,56121.63866,7.225,,2.314585858,-3.60663207,,,,,,
Channel Islands,jg,2011,,9649313947,60419.23251,7.457,,3.362347998,1.125042625,,,,,,
Channel Islands,jg,2012,,9455340154,58813.93665,8.264,,5.454656708,-5.753661743,,,,,,
Channel Islands,jg,2013,,9594160920,59304.85125,8.82,,2.03816645,0.493931288,,,,,,
Channel Islands,jg,2014,,10528493035,64700.74257,8.571,,1.778774256,2.427101949,,,,,,
Channel Islands,jg,2015,,10109968847,61852.07365,8.178,,3.034151089,0.374367231,,,,,,
Channel Islands,jg,2016,,9169278193,55950.14854,7.715,,1.396504926,1.213024612,,,,,,
Channel Islands,jg,2017,,9170079926,55806.57091,7.12,,3.062307102,1.806480201,,,,,,
Channel Islands,jg,2018,,10026153345,60783.35331,6.571,,4.309311629,1.122244681,,,,,,
Channel Islands,jg,2019,,10032440928,60568.10853,6.408,,2.954766913,1.573355158,,,,,,
Channel Islands,jg,2020,,9439810776,56785.94024,6.863,,2.833349889,-8.896779523,,,,,,
Channel Islands,jg,2021,,11157002973,66912.17501,6.875,,0.216840096,9.936801364,,,,,,
Channel Islands,jg,2022,,11308300346,67627.30823,6.147,,7.358322059,5.341961831,,,,,,
Channel Islands,jg,2023,,12507927144,74589.13802,6.187,,5.75258335,3.715005661,,,,,,
Channel Islands,jg,2024,,,,6.256,,,,,,,,,
Channel Islands,jg,2025,,,,,,,,,,,,,
Chile,cl,2010,1.41071108,2.17E+11,12632.87047,8.278,-3.768795807,8.857441496,5.851651017,0.896881681,20.20818345,21.55008461,17.47100627,2.03E+11,
Chile,cl,2011,3.341216943,2.51E+11,14487.39278,7.277,5.587457772,3.26051486,6.223896787,-4.917139017,19.49450957,22.66091326,18.936096,2.29E+11,
Chile,cl,2012,3.007448402,2.67E+11,15241.907,6.562,9.223378344,0.763466679,6.155340021,-5.32849119,19.92485452,22.10488657,18.99105955,2.52E+11,
Chile,cl,2013,1.78955554,2.77E+11,15683.54864,6.074,6.846326434,2.260770612,3.308508245,-4.776065417,20.1963012,20.99279061,17.4587729,2.65E+11,
Chile,cl,2014,4.718675279,2.60E+11,14529.67672,6.483,2.121025308,5.852891628,1.792649474,-3.460299919,20.67525226,20.6564877,17.04450121,2.48E+11,
Chile,cl,2015,4.348773532,2.42E+11,13433.9203,6.313,0.534100505,4.954365527,2.151942499,-2.735068216,21.63481488,21.14235766,17.54608293,2.36E+11,
Chile,cl,2016,3.786193559,2.49E+11,13649.85205,6.673,0.982913241,4.560656044,1.753038746,-2.620658524,22.12686348,20.85709928,17.46896441,2.42E+11,
Chile,cl,2017,2.182718469,2.76E+11,14879.90862,7.257,-0.262655301,4.828191882,1.357695378,-2.757799809,22.34725647,21.16804322,17.50579468,2.65E+11,
Chile,cl,2018,2.434889814,2.96E+11,15659.48087,7.623,2.547312161,1.590199738,3.990029475,-4.483675548,22.61798701,22.17403062,18.3955245,2.84E+11,
Chile,cl,2019,2.557544757,2.78E+11,14495.71672,7.493,,2.567787214,0.634367534,-5.212449788,23.31519871,21.73992715,17.71885277,2.68E+11,
Chile,cl,2020,3.045490848,2.54E+11,13114.81547,10.934,,9.665722697,-6.143474792,-1.949411234,26.24219288,19.93826675,16.19616933,2.38E+11,
Chile,cl,2021,4.524568383,3.16E+11,16216.57065,9.281,,6.914755885,11.33395707,-7.27771005,30.79875848,24.15289695,19.66440473,2.98E+11,
Chile,cl,2022,11.64386671,3.02E+11,15451.13196,8.249,,7.913783466,2.058740081,-8.659565316,24.05455473,26.00441349,21.27361513,2.88E+11,
Chile,cl,2023,7.581682514,3.36E+11,17067.81362,9.013,,6.599512046,0.218780667,-3.546305608,24.57846674,22.94548695,17.71859433,3.18E+11,
Chile,cl,2024,4.297638916,,,9.056,,,,,,,,,
Chile,cl,2025,,,,,,,,,,,,,
China,cn,2010,3.175324753,6.09E+12,4550.473944,4.53,-1.002401214,6.881380253,10.63587106,3.906734,,11.23107994,10.21204861,6.06E+12,
China,cn,2011,5.553898923,7.55E+12,5614.386022,4.55,-1.402428747,8.075684467,9.550832179,1.802237144,,11.23872601,10.31279489,7.48E+12,
China,cn,2012,2.619524326,8.53E+12,6300.58218,4.58,3.585203529,2.331217576,7.863736449,2.524461645,,11.13895896,10.25676868,8.51E+12,
China,cn,2013,2.621050017,9.57E+12,7020.386074,4.6,3.755387055,2.163370027,7.766150098,1.548554383,,10.95623652,9.907732583,9.49E+12,
China,cn,2014,1.921641628,1.05E+13,7636.07434,4.63,4.522308432,1.031063688,7.425763656,2.253293518,,15.81817803,9.678618827,1.05E+13,
China,cn,2015,1.437023809,1.11E+13,8016.445595,4.65,4.353072252,-0.002944094,7.041328879,2.649011376,,16.04302306,9.376920447,1.10E+13,
China,cn,2016,2.000001822,1.12E+13,8094.390167,4.56,2.901815389,1.407346027,6.848762205,1.703300028,,15.62992643,9.122915561,1.12E+13,
China,cn,2017,1.593136001,1.23E+13,8817.045608,4.47,0.112553973,4.232681975,6.947200793,1.532644969,,15.88317205,9.419317653,1.23E+13,
China,cn,2018,2.0747904,1.39E+13,9905.406383,4.31,0.821501872,3.499747636,6.749773832,0.173667285,,16.53589554,9.052685732,1.38E+13,
China,cn,2019,2.899234164,1.43E+13,10143.86022,4.56,3.024384821,1.286700408,5.950500754,0.720658984,,16.10057039,8.49286377,1.42E+13,
China,cn,2020,2.419421895,1.47E+13,10408.71955,5,3.838601204,0.492493918,2.238638356,1.694171965,,14.08608684,8.090626216,1.46E+13,
China,cn,2021,0.981015136,1.78E+13,12617.5051,4.55,-0.193517051,4.552326579,8.448469417,1.980228144,,14.9369704,7.965128046,1.77E+13,
China,cn,2022,1.973575557,1.79E+13,12662.58267,4.98,2.481076076,1.823677107,2.95066993,2.479474586,,15.01247334,7.700873217,1.77E+13,
China,cn,2023,0.234836829,1.78E+13,12614.06174,4.67,4.961288028,-0.582393794,5.249557864,1.421693486,,15.46877403,7.842368235,1.76E+13,
China,cn,2024,0.218128938,,,4.571,,,,,,,,,
China,cn,2025,,,,,,,,,,,,,
Cote d'Ivoire,ci,2010,1.226456121,34936307980,1553.54887,6.618,3.543389896,1.516217924,6.848049399,1.330952701,10.6252444,11.26065566,10.21376211,23995591358,
Cote d'Ivoire,ci,2011,4.912433951,36693710801,1596.628266,7.135,-0.428915663,5.7093205,-5.37044724,7.266127618,9.6098391,8.660484939,7.571481261,24425274889,
Cote d'Ivoire,ci,2012,1.304511199,36302302877,1546.946018,7.223,5.465350419,-0.404098361,7.620411765,-0.882958575,11.32156047,12.11102347,10.61935158,25926659727,
Cote d'Ivoire,ci,2013,2.581170373,42760235485,1786.15862,4.255,2.343357493,2.876730429,10.76021313,-1.480122778,9.930601641,11.71300275,10.63592924,29861782822,
Cote d'Ivoire,ci,2014,0.448682077,48843005614,1991.365394,3.285,0.891700761,4.407332356,9.371999942,1.045624137,9.216327497,10.64433865,10.11725755,47933652025,
Cote d'Ivoire,ci,2015,1.251499548,45815005169,1814.718551,2.579,0.361232955,4.775682373,7.194949427,-0.439534824,13.45459122,12.16411655,11.1757328,44807751703,
Cote d'Ivoire,ci,2016,0.723178458,48407761037,1862.595971,1.896,6.552136669,-1.179832436,7.17275964,-0.855798631,13.4001933,11.73123264,11.46037091,47331529983,
Cote d'Ivoire,ci,2017,0.685881065,52512343997,1964.299303,3.272,6.246748203,-1.041677248,7.410762426,-1.997800153,14.94720599,11.95450892,11.75637069,50973205771,
Cote d'Ivoire,ci,2018,0.359409031,58522477787,2130.866194,2.85,,1.681976472,4.843146059,-3.903630867,14.73704178,11.9666616,11.66599275,56893409586,
Cote d'Ivoire,ci,2019,-1.10686344,60382894697,2141.768362,2.401,,1.983352493,6.721371676,-2.23379059,13.62710865,11.96286248,11.6654955,58700458324,
Cote d'Ivoire,ci,2020,2.425006568,63027852805,2179.729348,2.584,,1.828383094,0.699728593,-3.132435368,16.03206832,12.11201005,11.78668823,61181445318,
Cote d'Ivoire,ci,2021,4.091951897,72794636654,2455.981276,2.63,,3.930131375,7.063329102,-3.948253115,16.37735712,12.66432843,12.38941272,70557249155,
Cote d'Ivoire,ci,2022,5.276167243,70173140101,2308.706547,2.306,,2.085898589,6.217850913,-7.686455945,18.610332,12.17427193,11.94466231,67874161726,
Cote d'Ivoire,ci,2023,4.38711707,78875489245,2530.846593,2.27,,2.92244,6.2,,18.31305759,13.69095987,13.3520365,75699486555,
Cote d'Ivoire,ci,2024,3.466373147,,,2.288,,,,,,,,,
Cote d'Ivoire,ci,2025,,,,,,,,,,,,,
Cameroon,cm,2010,1.275380462,27507501821,1398.58702,4.11,,0.688187083,2.899024721,-3.116023035,,,,27243249539,
Cameroon,cm,2011,2.939699463,30630910495,1513.96057,3.987,,2.589044247,3.379211285,-2.445885113,,,,30327885739,
Cameroon,cm,2012,2.735296775,30155062329,1449.098744,3.835,,1.942285364,4.625978722,-3.170060372,12.75274736,15.86936479,11.3444056,29710253435,
Cameroon,cm,2013,2.05034718,33728621180,1575.928821,3.685,,3.053459169,4.995529161,-3.344599905,12.93540897,15.81870256,11.52211698,33113313970,
Cameroon,cm,2014,1.854898504,36386544706,1649.443391,3.534,,2.01421263,5.719818145,-3.853003199,12.86031482,16.33296162,12.28534381,35703010550,
Cameroon,cm,2015,2.676235314,32210233020,1415.000097,3.518,,0.309791678,5.666952987,-3.6438459,12.42131877,15.48490098,12.11096959,31773333682,
Cameroon,cm,2016,0.874190383,33814337044,1441.720173,3.528,,0.661808977,4.535794237,-3.068060297,11.90005313,14.51800493,11.65203139,33256524240,
Cameroon,cm,2017,0.64040915,36098547033,1496.089518,3.568,,1.025141161,3.541176549,-2.631028453,10.52723731,14.69166468,11.87594119,35436388520,
Cameroon,cm,2018,1.068858113,39955552190,1610.696416,3.601,,1.896991623,3.955514239,-3.527255178,11.36738251,15.15051992,12.34694571,39216305348,
Cameroon,cm,2019,2.452802141,39667757528,1555.226605,3.622,,1.169771819,3.475059982,-4.273169973,12.32292075,14.84792253,12.02827276,38825035814,
Cameroon,cm,2020,2.437608822,40773241177,1555.603707,3.87,,0.705572038,0.259932916,-3.709312677,12.06029395,13.12164302,10.87058281,39933227702,
Cameroon,cm,2021,2.271857625,45011937347,1672.326573,3.973,,2.921039334,3.338857472,-3.986708976,12.42280902,13.74283465,11.34151572,44281229348,
Cameroon,cm,2022,6.247677133,44347206073,1604.87727,3.653,,6.831054732,3.736784006,-3.393974884,,,,43241972761,
Cameroon,cm,2023,7.382813843,49279410983,1736.860911,3.613,,4.65972286,3.248344978,-4.09678324,,,,48343641931,
Cameroon,cm,2024,,,,3.518,,,,,,,,,
Cameroon,cm,2025,,,,,,,,,,,,,
"Congo, Dem. Rep.",cd,2010,7.1,21565721045,314.5385863,4.096,29.58282582,20.78632515,7.107976576,-10.07849446,8.369744794,14.26562977,8.350447756,20654940436,
"Congo, Dem. Rep.",cd,2011,15.31651591,25839749199,364.7141918,4.315,26.33035023,13.79166011,6.87467089,-4.955939283,,,,24543304632,
"Congo, Dem. Rep.",cd,2012,9.721828063,29306235285,400.0599018,4.485,21.24473863,5.939992212,7.086898947,-4.301001155,14.2195459,12.54820111,8.857086338,27710051426,
"Congo, Dem. Rep.",cd,2013,0.808223101,32679745048,431.1915282,4.468,16.14723359,2.771291415,8.481956636,-9.512936014,13.09487914,11.28373151,9.043560325,29868626862,
"Congo, Dem. Rep.",cd,2014,1.243038898,35909040926,458.0045418,4.436,17.52473816,0.993630667,9.470288099,-4.797161503,12.26673252,11.05703021,8.63671685,32869069802,
"Congo, Dem. Rep.",cd,2015,0.744198995,37917706497,467.9145805,4.439,20.76675035,-1.155878593,6.916167119,-3.913104324,12.54843795,10.75591665,9.102711981,35126777862,
"Congo, Dem. Rep.",cd,2016,2.885851073,37134801555,442.3104721,4.521,14.08405653,4.349228945,2.399398911,-4.050538765,12.34978006,9.261840571,7.952347,36345366909,
"Congo, Dem. Rep.",cd,2017,,38019264795,436.5845347,4.601,-15.69024723,43.06865976,3.726947659,-3.265250189,7.737007724,7.97675532,6.59070535,36945658211,
"Congo, Dem. Rep.",cd,2018,,47568210010,528.2560198,4.618,-4.771255751,30.99861215,5.8211211,-3.515628582,9.884390144,8.718647537,7.295148854,45864379356,
"Congo, Dem. Rep.",cd,2019,,51775829877,557.0441613,4.591,19.68020037,5.895405374,4.384528874,-3.270313706,7.98205496,7.706403904,6.377289874,48961721321,
"Congo, Dem. Rep.",cd,2020,,48716961860,507.5212301,5.345,21.22869604,3.901549571,1.735422767,-2.159682348,9.078614921,7.729785137,6.429882098,47449011449,
"Congo, Dem. Rep.",cd,2021,,55328482784,558.0340773,5.28,7.227882784,14.97543455,6.200154011,-1.061671929,9.231087254,10.56632855,8.399034388,53338482784,
"Congo, Dem. Rep.",cd,2022,,65801547620,642.6122658,4.522,,10.10641724,8.924447626,-4.78420264,13.32295425,14.16466918,11.41102259,62284414213,15.98969681
"Congo, Dem. Rep.",cd,2023,,66383287003,627.5021817,4.484,,13.17193122,8.560862509,-5.848935464,,,,64288287003,
"Congo, Dem. Rep.",cd,2024,,,,4.556,,,,,,,,,
"Congo, Dem. Rep.",cd,2025,,,,,,,,,,,,,
"Congo, Rep.",cg,2010,0.391525011,13148396212,2946.557981,19.345,,29.4176838,9.931265431,6.854135669,10.75903458,34.59708187,6.902938646,12221536231,25.48268447
"Congo, Rep.",cg,2011,1.759587043,15655383577,3396.165058,19.464,,10.95332551,2.205919363,13.24234729,10.17665001,38.74729619,8.11448977,14089660179,
"Congo, Rep.",cg,2012,5.010187731,17692911296,3732.327373,19.512,,11.36409024,9.947153143,13.68490864,11.65466699,32.8290856,7.278246336,16736472283,
"Congo, Rep.",cg,2013,4.631616197,17958720699,3697.417059,19.827,,-1.104562189,-0.712434452,10.78558048,10.87695363,34.91024255,8.624360765,17547363836,
"Congo, Rep.",cg,2014,0.912139545,17919321078,3601.236581,19.691,,-6.464563313,6.646065409,3.79355486,12.7647551,31.65453685,9.580921156,18182185024,
"Congo, Rep.",cg,2015,3.169097968,12434793867,2439.351894,19.978,,-17.25398754,0.415193061,-37.23882746,14.89587147,19.94571492,12.19514442,12368954507,
"Congo, Rep.",cg,2016,3.190561797,10931328151,2093.107286,20.223,,-3.502487289,-8.685243439,-32.89638838,17.1512744,19.48529081,13.08946423,10540521864,
"Congo, Rep.",cg,2017,0.450063823,11834473039,2211.633099,20.611,,12.36567685,-5.594773719,,16.03966164,16.30817365,10.13526308,10275915423,
"Congo, Rep.",cg,2018,1.152778964,14773900289,2694.434132,20.701,,22.23444129,-2.304317801,,16.42202443,23.03105753,6.828452318,13950568006,
"Congo, Rep.",cg,2019,2.206073058,13976637780,2488.424667,20.392,,-1.317366502,1.12447392,11.67930506,16.22710817,23.63814614,7.101549382,12568374440,
"Congo, Rep.",cg,2020,1.795371471,11468687464,1993.586672,22.198,,-13.9995679,-6.26777228,12.56142809,17.79500138,18.74487143,8.324484886,11405928815,
"Congo, Rep.",cg,2021,1.715642755,14825690211,2516.162551,21.96,,23.29071801,1.01507037,11.57387518,16.13213896,20.05141368,6.509088258,13175025890,
"Congo, Rep.",cg,2022,3.043443347,15817030155,2620.838043,20.108,,18.26089878,1.475356132,,,,,14100325792,
"Congo, Rep.",cg,2023,4.301745636,15321055823,2477.978455,19.898,,-7.567702287,1.906864263,,,,,14546557191,
"Congo, Rep.",cg,2024,,,,19.694,,,,,,,,,
"Congo, Rep.",cg,2025,,,,,,,,,,,,,
Colombia,co,2010,2.272002279,2.86E+11,6398.295845,11.153,5.372224027,3.804860291,4.494658971,-2.995830912,25.40438426,21.57442543,12.1421652,2.77E+11,72.45266993
Colombia,co,2011,3.415033448,3.35E+11,7400.99407,10.288,4.542964842,6.386803373,6.947891982,-2.906114472,24.22474028,23.49200854,14.57588119,3.21E+11,62.86013282
Colombia,co,2012,3.169301888,3.71E+11,8108.598382,9.959,8.655350954,3.616655063,3.912635767,-3.140080131,25.0329863,26.33547975,13.22699071,3.57E+11,65.22769588
Colombia,co,2013,2.016992243,3.82E+11,8279.102556,9.246,8.90797441,1.907676432,5.13399352,-3.236150671,33.28519314,24.49857035,14.02211435,3.69E+11,67.10291195
Colombia,co,2014,2.898837878,3.81E+11,8187.208249,8.799,8.442949352,2.235632376,4.499030001,-5.198431193,30.16259177,23.44699431,15.69974837,3.70E+11,47.97616952
Colombia,co,2015,4.989831158,2.93E+11,6248.514905,8.572,8.785473732,2.449328421,2.955901375,-6.372304422,26.81567706,24.10241628,15.79726266,2.90E+11,53.27858747
Colombia,co,2016,7.513460246,2.83E+11,5959.842504,8.922,9.032095057,5.148334305,2.087382502,-4.451950678,28.6308351,24.22342128,14.38521293,2.80E+11,66.90716091
Colombia,co,2017,4.314313257,3.12E+11,6479.532313,9.086,8.134491128,5.1337359,1.359360868,-3.182241911,27.50496391,22.5842862,14.85081841,3.07E+11,66.72724785
Colombia,co,2018,3.240569329,3.34E+11,6816.968183,9.36,7.15306949,4.630579673,2.564324283,-4.201383447,29.97179072,23.47518717,14.60984245,3.26E+11,71.65057025
Colombia,co,2019,3.523019327,3.23E+11,6472.545449,10.28,7.467547259,4.002620543,3.186855392,-4.584275173,31.30470656,25.57536851,14.90052462,3.16E+11,72.70387858
Colombia,co,2020,2.526635001,2.70E+11,5339.687114,15.983,8.246607616,1.48172462,-7.185914138,-3.427729459,36.55439348,23.68713037,14.04523856,2.68E+11,91.15660694
Colombia,co,2021,3.495057574,3.19E+11,6222.621644,13.898,1.424587394,7.802113095,10.80119819,-5.635169495,35.66354866,23.54747596,14.4463231,3.14E+11,80.36665162
Colombia,co,2022,10.17723135,3.45E+11,6674.596019,10.547,0.819154153,14.86657456,7.288883887,-6.146060907,32.41934569,25.42955007,15.27666814,3.38E+11,70.33140026
Colombia,co,2023,11.73590449,3.63E+11,6947.359287,9.594,13.81899976,6.33605732,0.610409566,-2.372307705,33.59249346,28.6315354,17.70269306,3.60E+11,71.87908824
Colombia,co,2024,6.609085937,,,9.608,,,,,,,,,
Colombia,co,2025,,,,,,,,,,,,,
Comoros,km,2010,3.354757703,907978730.9,1386.574243,4.248,8.679453451,1.67515247,3.77776675,-4.332222707,,,,907127366.7,
Comoros,km,2011,1.842663008,1023086274,1531.437894,4.207,7.233986482,3.045688801,4.143506695,-5.424730257,,,,1022301422,
Comoros,km,2012,6.314744503,1015843491,1490.315114,4.17,5.974382469,4.270482569,3.168409869,-4.049704285,,,,1014150823,
Comoros,km,2013,-4.294873315,1116224107,1603.327971,4.118,8.597206408,1.752157036,4.466247315,,,,,1116441467,
Comoros,km,2014,,1149587661,1615.717237,4.119,9.584916783,0.835044862,2.106657589,-3.780329376,,,,1154095453,
Comoros,km,2015,,966029600.9,1329.370482,4.121,11.08079697,-0.522859923,1.147350761,-0.256465658,,,,971041229.3,
Comoros,km,2016,,1012835493,1365.484034,4.104,8.63689164,1.714986808,3.320446562,-4.348589187,,,,1018354713,
Comoros,km,2017,,1077439757,1423.924803,4.03,10.05702692,0.402494135,3.815762877,-2.132042165,,,,1082473391,
Comoros,km,2018,,1188797449,1540.711323,3.942,8.508150666,1.83566794,3.642451138,-2.832250125,,,,1195077463,
Comoros,km,2019,,1195019532,1519.263864,3.934,6.036798774,4.209105968,1.760780239,-3.331661403,,,,1200664052,
Comoros,km,2020,,1225039197,1527.16991,4.471,7.3746956,0.669668394,-0.195556827,-1.799789413,,,,1229785124,
Comoros,km,2021,,1296089480,1584.124502,4.394,7.692483305,0.169479511,2.000161989,-0.314473575,,,,1302397963,
Comoros,km,2022,,1242519408,1489.495663,3.816,2.946216737,4.9419332,2.603010319,-0.422370445,,,,1248694701,
Comoros,km,2023,,1352380971,1590.312377,3.776,,2.91808886,2.995674572,-1.820598003,,,,1355203004,
Comoros,km,2024,,,,3.875,,,,,,,,,
Comoros,km,2025,,,,,,,,,,,,,
Cabo Verde,cv,2010,2.078664709,1824751468,3579.460061,10.67,10.31796103,0.654415406,1.83641915,-12.20819614,17.98201747,18.2762289,16.82243285,1751605294,
Cabo Verde,cv,2011,4.473883422,2046817987,4002.013869,10.948,6.874906426,2.747040898,3.924718213,-14.87859452,17.78659527,19.34274288,17.98708302,1973681911,
Cabo Verde,cv,2012,2.540396442,1913081210,3736.81517,11.142,9.160677954,0.677607457,1.083648484,-12.73124502,16.83423813,18.14791141,16.28108273,1838501322,
Cabo Verde,cv,2013,1.506542857,2028910915,3960.975968,11.392,8.967572419,1.424760197,0.632136727,-5.291457109,16.95866242,18.73111144,16.27035546,1964307699,
Cabo Verde,cv,2014,-0.238778145,2041930125,3985.607065,11.674,11.00511684,-0.100319979,0.69666684,-8.274552865,17.9305656,17.84062343,15.5325589,1949294166,
Cabo Verde,cv,2015,0.131187999,1749857620,3415.062667,11.907,8.645325498,1.620407559,0.936026508,-2.891278519,19.3035743,20.9324135,17.13559678,1690799360,
Cabo Verde,cv,2016,-1.407816371,1849789993,3608.966066,12.077,7.795759333,1.679924793,4.280714827,-3.46715999,19.07419103,19.79214399,16.72527813,1790348394,
Cabo Verde,cv,2017,0.784415251,1996741545,3893.095723,12.24,8.08633612,1.296913676,4.55131481,-6.993116472,18.66949459,20.66759646,17.80363837,1935686295,
Cabo Verde,cv,2018,1.256995667,2205099509,4294.965105,12.17,7.146958078,1.704171191,3.706964583,-4.401704356,22.51057954,22.80523813,18.93160634,2158337754,
Cabo Verde,cv,2019,1.106666743,2252177134,4380.781192,12.128,8.387679996,0.694871191,6.947826341,-0.968698563,23.87664517,21.64801345,18.22403324,2210013290,
Cabo Verde,cv,2020,0.605795808,1821565618,3539.22662,14.69,7.799794655,0.366160426,-20.8052759,-15.68343047,30.8820649,21.56702957,18.38570329,1780621621,
Cabo Verde,cv,2021,1.862152975,2051842610,3971.444074,13.976,6.185881261,1.349901126,7.033530107,-12.21497773,,,,2023485052,
Cabo Verde,cv,2022,7.930929254,2247003348,4323.313627,12.246,1.399741622,6.343190404,15.84367568,-3.483366777,,,,2218471843,
Cabo Verde,cv,2023,3.724375177,2533819406,4850.984158,11.971,3.59940973,3.792594321,5.475435916,-2.543162343,,,,2503977289,
Cabo Verde,cv,2024,,,,11.878,,,,,,,,,
Cabo Verde,cv,2025,,,,,,,,,,,,,
Costa Rica,cr,2010,5.662757084,37658616952,8265.788203,7.171,9.811593181,6.628844862,5.360343526,-3.223363874,25.61362833,22.8675832,12.95254206,36449994662,
Costa Rica,cr,2011,4.87799831,42762613699,9276.391075,9.518,11.04527389,4.593225141,4.40315924,-5.296817537,25.37852071,23.29766361,13.20898687,41322445055,
Costa Rica,cr,2012,4.495453144,47231655432,10126.9991,9.11,12.86966435,4.733632972,4.88259241,-5.104817858,25.94468316,23.36151384,13.10529607,45751076218,
Costa Rica,cr,2013,5.231336142,50949668842,10803.2402,8.218,10.13299571,4.590211675,2.494766112,-4.77170631,26.51773958,23.5886935,13.41682475,49093855693,
Costa Rica,cr,2014,4.519200985,52016408854,10911.49788,8.499,8.187917606,6.20692042,3.542109878,-4.716004812,26.73585811,23.07074924,13.04558896,49869412874,
Costa Rica,cr,2015,0.801982005,56441920821,11714.7106,8.415,9.887063287,3.955215397,3.652080968,-3.403964563,28.55489407,23.45720806,13.25399422,54026905534,
Costa Rica,cr,2016,-0.017478851,58847019610,12091.03016,8.085,9.493883461,1.958764802,4.204323252,-2.136516229,27.14673342,24.00799346,13.51085434,56365195551,
Costa Rica,cr,2017,1.62590693,60516044657,12317.09028,7.729,8.269830327,2.858883728,4.157698963,-3.616766363,25.39672838,23.31859666,13.24410255,57350348729,
Costa Rica,cr,2018,2.221114615,62420164992,12590.24938,9.01,8.739207219,2.192478428,2.615904404,-2.991531126,28.91922483,24.31677827,13.18214869,59042419844,
Costa Rica,cr,2019,2.096046353,64417670521,12884.686,10.807,6.024715568,2.566792117,2.417511818,-1.190073047,29.45712475,27.53541756,13.32013292,60575320937,
Costa Rica,cr,2020,0.724911478,62395610760,12394.0494,16.432,5.820520183,0.772593247,-4.273354322,-1.04513994,31.88964165,27.18432429,12.23802899,58780239945,
Costa Rica,cr,2021,1.726477551,64960725734,12838.11854,15.139,3.065307094,2.374130826,7.935762247,-3.175933478,30.82459797,28.20613552,14.04058586,60786873652,
Costa Rica,cr,2022,8.274774902,69243626029,13625.90085,11.325,1.016618065,6.280385137,4.55149178,-3.281399152,28.76161252,28.89142583,14.35419412,64292147818,
Costa Rica,cr,2023,0.525193509,86497941439,16942.02681,8.325,9.192541675,-0.087922597,5.111921832,-1.432643568,28.9089244,29.33904029,13.91152966,80477795959,
Costa Rica,cr,2024,-0.413459342,,,7.848,,,,,,,,,
Costa Rica,cr,2025,,,,,,,,,,,,,
Cuba,cu,2010,,59562962963,5272.267558,2.5,,1.202048529,2.390352297,,,,,58237037037,
Cuba,cu,2011,,68990000000,6104.461052,3.18,,4.323767132,2.802300836,,,,,67926000000,
Cuba,cu,2012,,73141000000,6470.836734,3.46,,2.914057805,3.014900289,,,,,72146000000,
Cuba,cu,2013,,77148000000,6828.364282,3.29,,2.65783024,2.747602563,,,,,76226000000,
Cuba,cu,2014,,80656100000,7146.704591,2.7,,3.463375741,1.047576632,,,,,79602100000,
Cuba,cu,2015,,87132800000,7727.919972,2.4,,3.439048763,4.438333589,,,,,86014000000,
Cuba,cu,2016,,91370407864,8110.55874,2,,4.328349243,0.512843096,,,,,90086000000,
Cuba,cu,2017,,96850649692,8610.608295,1.7,,4.113590901,1.809791772,,,,,95497000000,
Cuba,cu,2018,,1.00E+11,8911.46206,1.7,,1.032269335,2.247948541,,,,,98575000000,
Cuba,cu,2019,,1.03E+11,9232.261159,1.705,,3.544742994,-0.163087224,,,,,1.02E+11,
Cuba,cu,2020,,1.07E+11,9605.261251,2.24,,16.55596262,-10.9490846,,,,,,
Cuba,cu,2021,,,,2.116,,401.5911913,1.253693425,,,,,,
Cuba,cu,2022,,,,1.82,,14.15540196,1.774853995,,,,,,
Cuba,cu,2023,,,,1.719,,,-1.928992112,,,,,,
Cuba,cu,2024,,,,1.53,,,,,,,,,
Cuba,cu,2025,,,,,,,,,,,,,
Curacao,cw,2010,2.779442613,2951342793,19847.23101,,,2.779999929,0.082306609,,,,,2940670391,
Curacao,cw,2011,2.332531526,2930092235,19426.32638,,,-1.222272918,0.508457482,-30.01602463,,,,2894784972,
Curacao,cw,2012,3.183987463,3012836257,19809.82232,,,3.184000591,-0.348950824,-29.70778532,,,,2951663073,
Curacao,cw,2013,1.332320862,3033568603,19721.29216,,,1.332300156,-0.635696908,-25.18927963,,,,2951110503,
Curacao,cw,2014,1.498739696,3059406983,19623.02999,,,1.498698698,-0.637397373,-16.53312702,,,,2993652793,
Curacao,cw,2015,-0.47654205,3058779218,19361.813,,,-0.476487693,0.458151544,-16.97869461,,,,3014589274,
Curacao,cw,2016,-0.047207985,3024690168,18944.09615,,,-0.047261999,-1.067708487,-19.34876602,,,,2967651061,
Curacao,cw,2017,1.585588017,3033433240,18938.24405,,,1.58549917,-1.276208101,-22.40806011,,,,2998237709,
Curacao,cw,2018,2.583687566,3046364804,19119.12439,,,2.584799657,-2.104111331,-26.67886196,,,,3028320112,
Curacao,cw,2019,2.622207834,3026124134,19220.6867,,,2.625901636,-3.206132196,-17.86876227,,,,3038652570,
Curacao,cw,2020,,2534327598,16356.09336,,,2.68113287,-18.43847035,-27.17901653,,,,2551929888,
Curacao,cw,2021,,2739608156,17980.08884,,,3.759022321,4.183711931,-18.57047163,,,,2771395859,
Curacao,cw,2022,,3075180835,20501.75228,,,4.997782858,6.906,-26.75181675,,,,3067935216,
Curacao,cw,2023,,3281419347,22192.4453,,,2.403551853,4.202,-19.95135896,,,,,
Curacao,cw,2024,,,,,,,,,,,,,
Curacao,cw,2025,,,,,,,,,,,,,
Cayman Islands,ky,2010,0.276140862,4156841107,76837.66996,,,-0.206405838,-2.715635262,,,,,3934132217,
Cayman Islands,ky,2011,1.325435758,4186073104,75280.96076,,,-0.460452988,1.169062198,,,,,4044214537,
Cayman Islands,ky,2012,1.188948452,4291004524,75101.59136,,,1.261413171,1.229753657,,,,,2904990580,
Cayman Islands,ky,2013,2.160611468,4405796023,75113.73324,,,1.378203316,1.27933102,,,,,2646064824,
Cayman Islands,ky,2014,1.273979115,4562853611,75845.30604,,,0.886728378,2.654527985,,,,,2632382490,
Cayman Islands,ky,2015,-2.347527702,4708167233,76379.20951,,,0.341900568,2.833122226,,,,,2793005892,
Cayman Islands,ky,2016,-0.625258359,4909322237,77802.25416,,,1.000092333,3.239974339,-14.39255745,,,,3102982372,
Cayman Islands,ky,2017,,5166281305,80053.94445,,,1.986798246,3.184045923,-16.86905694,,,,3460458642,
Cayman Islands,ky,2018,,5530178441,83865.55316,,,2.662799499,4.267267452,-16.77239876,,,,3860560522,
Cayman Islands,ky,2019,,5941896608,88254.29037,,,3.396312039,3.915635342,-10.88613083,,,,4403860295,
Cayman Islands,ky,2020,,5655358021,82338.79829,,,0.139369732,-4.954806408,-14.63200636,,,,3861758367,
Cayman Islands,ky,2021,,6060026520,86438.44526,,,2.145332162,4.904929413,-13.10563998,,,,4668860955,
Cayman Islands,ky,2022,,6600843963,92202.1478,,,3.5832476,5.156329542,-9.805875171,,,,4360315001,
Cayman Islands,ky,2023,,7139428558,97749.5079,,,3.640920969,4.359675957,,,,,,
Cayman Islands,ky,2024,,,,,,,,,,,,,
Cayman Islands,ky,2025,,,,,,,,,,,,,
Cyprus,cy,2010,2.430040841,25799940078,31105.02734,6.359,,1.88051148,2.283544997,-10.76227571,40.60658974,37.84261826,23.05416331,25431296723,
Cyprus,cy,2011,3.289449396,27641547910,32485.79688,7.942,,1.616249,0.416712763,-2.093436752,41.87062442,37.42507771,23.1497766,28366739791,
Cyprus,cy,2012,2.3890541,25047436975,28991.93555,12.097,,1.678779216,-3.447381424,-3.868600628,52.64326323,37.79614977,23.33476889,24872764789,
Cyprus,cy,2013,-0.399357676,23959712861,27797.45703,16.131,,-0.937739538,-6.587476957,-1.503169702,44.91377272,38.89171527,23.5211675,23645299457,
Cyprus,cy,2014,-1.354988854,23225918260,27244.35156,16.277,,-1.338262583,-1.776061811,-4.076154081,50.88258465,41.52367135,24.71572201,22592071771,
Cyprus,cy,2015,-2.096997691,19909278417,23487.22852,15.026,,-0.754233927,3.41892299,-0.244186265,41.7266839,40.42486709,24.04738747,19774901919,
Cyprus,cy,2016,-1.429166667,21046462281,24715.1543,13.006,,-0.574742677,6.573591005,-3.870092574,38.13753115,38.32423749,23.51605801,20211956552,
Cyprus,cy,2017,0.531766496,22946570629,26696.99023,11.155,,1.020393673,5.75083246,-4.912276216,36.84588982,38.41241737,23.8198834,22248590724,
Cyprus,cy,2018,1.435491195,25754001368,29599.98633,8.504,,1.025750084,6.271667304,-3.741163873,40.34108358,38.31795359,23.83344798,24823400132,
Cyprus,cy,2019,0.250370997,26196667100,29703.05273,7.155,,1.350090844,5.87559123,-5.523587793,38.50585966,39.32078718,23.07479889,24793491597,
Cyprus,cy,2020,-0.638422798,25555093854,28649.01563,7.755,,-1.207920117,-3.220634336,-9.705217666,43.6947268,38.37328556,21.94010648,23839852611,
Cyprus,cy,2021,2.446088672,30372874320,33734.29297,7.513,,3.043910697,11.38776336,-5.448633944,40.67821743,38.25649629,22.55210779,27682692012,
Cyprus,cy,2022,8.39548298,30976176887,33938.94531,6.806,,6.688553782,7.365622524,-5.518014491,36.4832125,38.37505802,23.13267453,28521267365,
Cyprus,cy,2023,3.541341888,33886930712,36551.41797,6.098,,3.82970232,2.611900909,-9.425771819,39.80824626,41.25910829,24.08231222,30644231435,
Cyprus,cy,2024,1.800230186,,,5.602,,,,,,,,,
Cyprus,cy,2025,,,,,,,,,,,,,
Czechia,cz,2010,1.472727273,2.11E+11,20160.43551,7.281,6.404026198,-0.485125313,2.714665115,-3.481200397,34.63961386,30.20777336,13.51508771,1.93E+11,
Czechia,cz,2011,1.917219136,2.31E+11,22049.10808,6.712,5.952128878,-0.2211334,1.772380837,-2.169153782,34.65201429,31.20791726,14.40314698,2.11E+11,
Czechia,cz,2012,3.287623066,2.10E+11,20014.0354,6.979,4.009470324,1.343390086,-0.770668176,-1.50144944,36.34688443,31.71218045,14.82192296,1.95E+11,
Czechia,cz,2013,1.438297872,2.13E+11,20260.4955,6.953,3.651868522,1.271587778,-0.041812408,-0.519137992,34.51574006,31.7935117,14.98638406,1.98E+11,
Czechia,cz,2014,0.34398859,2.11E+11,20038.41632,6.108,1.887110784,2.706715952,2.245212186,0.217020094,34.21747555,30.82683359,14.32344196,1.95E+11,
Czechia,cz,2015,0.309364548,1.89E+11,17931.59877,5.048,3.010827113,1.234536457,4.95875849,0.446971206,33.06930008,31.12754103,14.68562902,1.75E+11,
Czechia,cz,2016,0.683504209,1.98E+11,18753.96867,3.952,2.380513351,1.491233903,2.580870147,1.747349217,32.52259433,31.4907403,14.77064978,1.83E+11,
Czechia,cz,2017,2.450533985,2.22E+11,20913.19763,2.893,1.874562608,1.683620515,5.173565288,1.353017055,31.38609832,31.32479712,14.80677862,2.06E+11,
Czechia,cz,2018,2.149494949,2.52E+11,23705.93298,2.246,0.708328266,2.813359789,2.830305894,0.451859774,31.82836469,31.74861339,14.65729131,2.35E+11,
Czechia,cz,2019,2.847875959,2.57E+11,24062.719,2.015,-0.149541365,3.841317908,3.565776572,0.356195094,32.03990444,31.47220629,14.5245717,2.37E+11,
Czechia,cz,2020,3.161295285,2.51E+11,23472.89155,2.55,-1.121285332,4.516232224,-5.304879546,1.785200808,37.64245534,31.40933628,14.07311681,2.34E+11,
Czechia,cz,2021,3.839844915,2.91E+11,27696.46195,2.803,-0.80002465,4.034426389,4.029018306,-2.046241119,36.84575574,30.78072944,12.9358385,2.70E+11,
Czechia,cz,2022,15.10016515,3.02E+11,28282.22367,2.224,-4.091328483,8.671100881,2.847170657,-4.520484394,34.44265371,30.22103096,12.64198839,2.77E+11,
Czechia,cz,2023,10.66126014,3.43E+11,31591.17707,2.579,-3.21389906,8.15889264,-0.085330276,0.301691698,,,,3.18E+11,
Czechia,cz,2024,2.435312024,,,2.506,,,,,,,,,
Czechia,cz,2025,,,,,,,,,,,,,
Germany,de,2010,1.103810378,3.47E+12,42409.9357,7.043,,0.682498555,4.146767545,5.771011026,30.74730702,27.4382086,10.96932028,3.47E+12,
Germany,de,2011,2.075172837,3.82E+12,47646.58204,5.967,,1.23193488,3.757968866,6.258866463,28.30490463,27.76403754,11.25470829,3.85E+12,
Germany,de,2012,2.008488848,3.60E+12,44735.58823,5.372,,1.432076415,0.474291306,7.192718167,27.93353045,27.99345089,11.3944179,3.61E+12,
Germany,de,2013,1.504723303,3.81E+12,47220.01021,5.316,,1.99503162,0.386224576,6.727231047,27.98917441,27.99158087,11.385006,3.82E+12,
Germany,de,2014,0.906794,3.97E+12,48971.08247,4.979,,1.900824873,2.169498929,7.192490052,27.50958907,27.949899,11.26046423,3.97E+12,
Germany,de,2015,0.514426137,3.42E+12,41911.01099,4.612,,1.685397783,1.652719772,8.100335396,27.44877092,27.95660558,11.25749842,3.43E+12,
Germany,de,2016,0.491747008,3.54E+12,42961.03569,4.104,,1.256258624,2.294710677,8.899853532,27.36714318,27.85977329,11.07921817,3.56E+12,
Germany,de,2017,1.509494851,3.76E+12,45526.59996,3.781,,1.467989194,2.716024519,8.083585738,27.53919865,28.00814143,11.19990033,3.78E+12,
Germany,de,2018,1.732168798,4.05E+12,48874.8595,3.384,,1.865334231,1.116443109,8.444743691,27.38762449,28.38461382,11.23766806,4.11E+12,
Germany,de,2019,1.445659769,3.96E+12,47623.86561,3.163,,2.015976124,0.987893349,7.880058745,27.89936292,28.66697031,11.21438352,4.03E+12,
Germany,de,2020,0.144877926,3.94E+12,47379.76519,3.881,,1.755045971,-4.095137491,6.349851028,32.1608467,28.57416179,10.4109728,4.00E+12,
Germany,de,2021,3.066666667,4.35E+12,52265.65416,3.594,,2.802929388,3.669999862,6.931967651,32.72076944,28.62043923,11.02250534,4.44E+12,
Germany,de,2022,6.872574386,4.16E+12,49686.11546,3.12,,6.091856622,1.369731055,4.437915484,31.45511337,28.29745691,11.01086283,4.24E+12,
Germany,de,2023,5.946436677,4.53E+12,54343.22651,3.068,,6.14291653,-0.26643841,5.803172942,,,,4.64E+12,
Germany,de,2024,2.256498143,,,3.406,,,,,,,,,
Germany,de,2025,,,,,,,,,,,,,
Djibouti,dj,2010,3.950078759,1128611700,1213.233526,26.371,,,,4.473571379,,,,1145970369,
Djibouti,dj,2011,5.068713948,1239144502,1306.345528,26.314,,,,-13.86782429,,,,1247888544,
Djibouti,dj,2012,3.731209508,1353632942,1400.193579,26.187,,,,-10.93116736,,,,1417840323,
Djibouti,dj,2013,2.706032429,2042817163,2074.296689,26.157,,,,-30.77564547,,,,2051480180,
Djibouti,dj,2014,1.341864943,2214679081,2208.678103,26.173,,1.262304414,7.061543242,23.95750532,,,,2263292357,
Djibouti,dj,2015,-0.847389734,2424391785,2376.125547,26.07,,1.807100821,7.526108919,29.45995118,,,,2500358047,
Djibouti,dj,2016,2.738412087,2604955229,2510.430008,25.992,,0.302782334,7.123432337,-1.00034789,,,,2640882328,
Djibouti,dj,2017,0.568112117,2762581334,2618.955211,26.064,,0.56223153,5.458091517,-4.79510874,,,,2753515439,
Djibouti,dj,2018,0.14797085,2913466732,2718.085323,26.184,,0.656016213,4.774416888,14.71176943,,,,2892833391,
Djibouti,dj,2019,3.319253727,3088853639,2837.171033,26.256,,0.449797431,5.5451306,18.25842625,,,,2994853639,
Djibouti,dj,2020,1.777407838,3185150981,2881.999245,27.713,,1.777809766,1.316363242,11.50207435,,,,3086150981,
Djibouti,dj,2021,1.181917753,3385825229,3019.693439,27.668,,1.701031369,4.522347746,-6.648477009,,,,3326825229,
Djibouti,dj,2022,5.17980848,3674298479,3231.300153,26.307,,4.619220158,3.72857647,17.8593816,,,,3742298479,
Djibouti,dj,2023,1.495068165,4098530514,3554.839189,26.154,,4.564525794,6.676649644,17.60017419,,,,4006530514,
Djibouti,dj,2024,,,,25.875,,,,,,,,,
Djibouti,dj,2025,,,,,,,,,,,,,
Dominica,dm,2010,2.999366305,493825925.9,7171.552389,,9.13092815,0.296969745,0.6726344,-17.82560086,,,,484385185.2,
Dominica,dm,2011,1.131231365,501025925.9,7255.672106,,7.036470594,1.685321882,-0.223550688,-14.17402569,,,,490477777.8,
Dominica,dm,2012,1.356771478,485996296.3,7031.399871,,11.22470262,-1.961543346,-1.059000243,-17.68667524,,,,476466666.7,
Dominica,dm,2013,-0.046411647,498296296.3,7147.619541,,5.317814014,3.566486867,-0.999940631,-18.69600902,,,,478788888.9,
Dominica,dm,2014,0.799250373,520429629.6,7395.302597,,9.262044831,-0.297826834,4.753786581,-6.831480859,,,,504200000,
Dominica,dm,2015,-0.843826985,540737037,7679.832936,,1.730795516,6.819833773,-2.731503063,-7.082533294,,,,518644444.4,
Dominica,dm,2016,0.141816226,576229629.6,8278.447686,,4.416291318,3.697898703,2.763647982,-8.987903341,,,,555762963,
Dominica,dm,2017,0.296252889,521551851.9,7614.34028,,11.50180136,-3.073314798,-6.618994633,-11.02830655,,,,524748148.1,
Dominica,dm,2018,0.989191119,554770370.4,8137.565206,,4.952356544,2.724915826,3.547584418,-46.65246674,,,,556177777.8,
Dominica,dm,2019,1.504623539,611537037,9009.090115,,2.925515094,4.483286354,5.502483437,-38.1318845,,,,602040740.7,
Dominica,dm,2020,-0.727116413,504214814.8,7461.779332,,8.124913964,-1.133721486,-16.60410952,-36.96332538,,,,512888888.9,
Dominica,dm,2021,1.48319445,555266666.7,8262.650913,,3.175850948,3.025965159,6.890549417,-33.51559904,,,,555770370.4,
Dominica,dm,2022,7.780615252,607159259.3,9085.674128,,2.87163795,3.563036298,5.583546263,-26.96918485,,,,609107407.4,
Dominica,dm,2023,4.22769325,653992592.6,9832.996431,,2.983837767,2.866215998,4.712238185,-34.19492734,,,,655788888.9,
Dominica,dm,2024,,,,,,,,,,,,,
Dominica,dm,2025,,,,,,,,,,,,,
Denmark,dk,2010,2.31092437,3.22E+11,58104.54456,7.746,,3.186859803,1.582897021,6.396897407,41.32162484,39.05017603,32.76371433,3.28E+11,
Denmark,dk,2011,2.758682261,3.44E+11,61809.7379,7.769,,0.646380325,1.310803779,6.338950255,41.35537653,39.72835495,32.8089691,3.52E+11,
Denmark,dk,2012,2.397914857,3.27E+11,58443.77471,7.798,,2.407842628,-0.005432319,6.04077393,42.57355515,39.93168309,33.51467416,3.34E+11,
Denmark,dk,2013,0.78907178,3.45E+11,61377.59406,7.384,,0.846911222,1.39267347,7.384382131,40.30693606,39.72953067,33.79614269,3.56E+11,
Denmark,dk,2014,0.56402054,3.53E+11,62520.45097,6.925,,1.018706525,1.277999794,8.337246417,39.85347957,41.87487956,36.58507238,3.66E+11,
Denmark,dk,2015,0.452034154,3.02E+11,53094.01336,6.278,,0.409102896,2.104414587,7.953938174,39.46806548,38.90354147,34.15604274,3.11E+11,
Denmark,dk,2016,0.25,3.12E+11,54500.92604,5.989,,0.426512953,3.073045475,7.078508777,37.3753238,38.03603596,33.49032674,3.20E+11,
Denmark,dk,2017,1.14713217,3.32E+11,57521.5515,5.833,,1.100618743,3.056477244,7.360245321,36.28118547,38.08791689,33.27970952,3.39E+11,
Denmark,dk,2018,0.813609467,3.55E+11,61324.7665,5.131,,0.593022201,1.860007489,6.244572667,36.17676515,37.42938254,32.38392367,3.65E+11,
Denmark,dk,2019,0.758131573,3.45E+11,59404.26632,5.018,,0.950878602,1.711400944,7.425269603,35.29441102,39.77723597,34.97739054,3.55E+11,
Denmark,dk,2020,0.420711974,3.56E+11,60985.48856,5.637,,2.826921654,-1.780105988,7.231129654,38.75857451,39.21207038,34.47093025,3.67E+11,
Denmark,dk,2021,1.85304544,4.08E+11,69727.98737,5.043,,2.768919199,7.38206629,8.659144724,36.2155316,40.37355187,35.00401229,4.25E+11,
Denmark,dk,2022,7.696566999,4.02E+11,68091.31911,4.434,,9.096965534,1.540173107,11.56562237,32.01842539,35.78725132,30.66927192,4.15E+11,
Denmark,dk,2023,3.305178112,4.07E+11,68453.87693,5.094,,-3.788917986,2.495184331,9.84084616,33.1387313,36.69912976,31.40416907,4.19E+11,
Denmark,dk,2024,1.372200498,,,5.587,,,,,,,,,
Denmark,dk,2025,,,,,,,,,,,,,
Dominican Republic,do,2010,6.329932201,53860187258,5484.646379,5.212,6.347720679,5.443413315,8.33965106,-7.470267381,14.20876704,13.8469365,12.20740113,51932987259,
Dominican Republic,do,2011,5.796768092,58029773599,5834.705907,6.087,6.930587162,8.060755175,3.133423003,-7.511144245,14.01591429,13.73373812,12.29762551,55775273599,
Dominican Republic,do,2012,3.694497079,60681535653,6025.725827,6.722,9.880588134,5.098181545,2.717367897,-6.543291888,15.83492098,14.54268209,13.02648297,58281935652,
Dominican Republic,do,2013,4.830950967,62682159338,6149.027489,7.351,8.499705584,4.692819142,4.875205093,-4.096699966,15.45333876,15.0291855,13.50353563,59709859337,
Dominican Republic,do,2014,2.998642261,67179955677,6512.507714,6.719,9.184329642,4.321288938,7.05046369,-3.230427853,15.64190471,15.04112524,13.38644704,63932555677,
Dominican Republic,do,2015,0.836746347,71164826837,6819.932252,7.605,12.10554541,2.471885977,6.927018772,-1.799062904,15.20549755,17.57838899,12.81184796,68228426836,
Dominican Republic,do,2016,1.614166072,75704647878,7174.823496,7.284,12.8346074,1.993678465,6.659200263,-1.076155854,16.14900374,14.90293598,12.91086855,72451547877,
Dominican Republic,do,2017,3.279556947,79998046306,7499.692862,5.832,9.338161416,4.181375034,4.666704677,-0.166379063,16.01948164,15.16246613,13.03075106,76204246305,
Dominican Republic,do,2018,3.56443426,85555390139,7934.981412,5.861,8.079225853,4.121489687,6.982527585,-1.544613376,15.70455214,15.20918629,13.02493499,81863690138,
Dominican Republic,do,2019,1.81060377,88941372558,8164.220809,6.356,9.715764841,2.525618656,5.05216802,-1.335598907,15.86404817,15.45832133,13.3027786,84872472559,
Dominican Republic,do,2020,3.781031799,78844656298,7162.291752,6.126,5.973957523,4.72350402,-6.720239373,-1.685846654,21.39755982,14.66062853,12.3898799,75019656299,
Dominican Republic,do,2021,8.24300348,94243425938,8472.47982,7.702,1.699015129,7.777158111,12.27199023,-2.849323412,17.80612535,16.36757259,14.37741321,89532925939,
Dominican Republic,do,2022,8.811092093,1.14E+11,10109.5234,5.504,1.025970295,10.71415565,4.858324036,-5.768056901,17.67902337,16.08360835,13.82027444,1.09E+11,
Dominican Republic,do,2023,4.78561281,1.21E+11,10717.62767,5.555,7.527087782,6.423919802,2.360615687,-3.603545613,,,,1.16E+11,
Dominican Republic,do,2024,3.30223339,,,5.473,,,,,,,,,
Dominican Republic,do,2025,,,,,,,,,,,,,
Algeria,dz,2010,3.911061955,1.78E+11,4912.785855,9.96,-6.539563572,15.55691812,4.8,6.873619293,,,,1.78E+11,
Algeria,dz,2011,4.524211505,2.18E+11,5916.313644,9.96,-7.620226489,16.90870836,3,8.094953006,,,,2.17E+11,
Algeria,dz,2012,8.891450911,2.27E+11,6033.648847,10.97,-0.002265262,8.002446538,2.4,5.323711069,,,,2.25E+11,
Algeria,dz,2013,3.25423911,2.30E+11,5979.60139,9.82,7.044358287,0.892752994,2.6,0.517147116,,,,2.26E+11,
Algeria,dz,2014,2.916926921,2.39E+11,6094.693923,10.207,6.4559998,1.450364661,4.1,-3.877215884,,,,2.34E+11,
Algeria,dz,2015,4.784447007,1.87E+11,4685.059027,11.206,13.66835056,-4.986744795,3.2,-14.42054464,,,,1.84E+11,
Algeria,dz,2016,6.397694803,1.81E+11,4424.98529,10.202,7.08263567,0.856688224,3.9,-14.49628776,,,,1.80E+11,
Algeria,dz,2017,5.59111591,1.90E+11,4554.66754,12,2.91790628,4.938007295,1.5,-11.62176837,,,,1.88E+11,
Algeria,dz,2018,4.269990205,1.95E+11,4577.210292,12.137,1.728749772,6.164678365,1.4,-8.689412962,,,,1.90E+11,
Algeria,dz,2019,1.951768211,1.93E+11,4468.453419,12.259,7.054714548,0.882992828,0.9,-8.763735988,,,,1.90E+11,
Algeria,dz,2020,2.415130941,1.65E+11,3743.541952,14.057,13.33987672,-4.711383916,-5,-11.03090954,,,,1.62E+11,
Algeria,dz,2021,7.226063074,1.86E+11,4160.559267,13.63,-6.84242363,15.93259959,3.8,-2.423263881,,,,1.83E+11,
Algeria,dz,2022,9.265515516,2.26E+11,4961.552577,12.346,-12.16031645,22.95126261,3.6,8.612490014,,,,2.20E+11,
Algeria,dz,2023,9.322173759,2.48E+11,5364.02795,11.701,7.084596921,0.854841037,4.1,2.568070558,,,,2.44E+11,
Algeria,dz,2024,4.046114553,,,11.427,,,,,,,,,
Algeria,dz,2025,,,,,,,,,,,,,
Ecuador,ec,2010,3.554377346,68151329000,4520.30959,4.088,,9.013717386,4.02913788,-2.321726166,,,,67123852000,
Ecuador,ec,2011,4.474532658,78986648000,5153.691642,3.458,,6.83751223,8.481476563,-0.506587088,,,,77743317000,
Ecuador,ec,2012,5.10172181,87735048000,5634.083932,3.235,,5.003235908,5.783212336,-0.166909556,,,,86468104000,
Ecuador,ec,2013,2.721775777,96570334000,6109.290315,3.083,,2.66686728,7.211236537,-0.966037832,33.53097747,30.56584234,14.12323391,95224218000,
Ecuador,ec,2014,3.589220166,1.03E+11,6405.799793,3.48,,2.052960516,4.226065204,-0.651047971,33.32687967,28.89013397,14.02067573,1.01E+11,
Ecuador,ec,2015,3.966646233,97209558000,5976.159681,3.616,,-5.475632657,0.119692109,-2.284844086,34.07585382,30.84588338,16.38905349,95498179000,
Ecuador,ec,2016,1.728264633,97671433000,5917.637713,4.597,,1.171144504,-0.687954246,0.921880823,35.05495721,28.64120796,14.54177065,95796699000,
Ecuador,ec,2017,0.417335589,1.04E+11,6233.322448,3.836,,0.932031656,5.97039881,-0.388423585,31.51926797,27.98631549,13.68930431,1.02E+11,
Ecuador,ec,2018,-0.224103246,1.07E+11,6303.918925,3.53,,1.819396707,1.044295547,-1.533938732,33.72504461,31.20623252,14.29254843,1.05E+11,
Ecuador,ec,2019,0.266012515,1.08E+11,6205.057595,3.812,,-0.056575187,0.165403533,-0.507339455,33.1468968,29.65999874,13.40088971,1.05E+11,
Ecuador,ec,2020,-0.338872393,95865472000,5463.645096,6.127,,-1.825956443,-9.245096377,2.091431364,34.03967577,27.12108702,12.94143473,92538070200,
Ecuador,ec,2021,0.133251386,1.07E+11,6075.802657,4.552,,2.049010828,9.818417748,2.735305148,31.85009214,29.60077237,12.70551775,1.06E+11,
Ecuador,ec,2022,3.466169722,1.17E+11,6540.998245,3.761,,2.195711083,6.186139073,1.833229932,30.31834663,30.84224547,13.03834428,1.15E+11,
Ecuador,ec,2023,2.215687642,1.19E+11,6609.804082,3.51,,-0.408196858,2.355217907,1.973952159,,,,1.16E+11,
Ecuador,ec,2024,1.547325156,,,4.773,,,,,,,,,
Ecuador,ec,2025,,,,,,,,,,,,,
"Egypt, Arab Rep.",eg,2010,11.26518827,2.19E+11,2455.081946,8.757,0.818721618,10.10686463,5.147234858,-2.056683076,28.86025195,24.78382231,14.13007625,2.15E+11,
"Egypt, Arab Rep.",eg,2011,10.06492599,2.36E+11,2590.643849,11.849,-0.563878053,11.66297635,1.764571949,-2.323788126,29.1899278,21.93074174,14.0086354,2.30E+11,
"Egypt, Arab Rep.",eg,2012,7.111729433,2.79E+11,2996.067707,12.597,-6.262719502,19.48287747,2.226199799,-2.497880217,28.68949663,20.22821998,12.38490476,2.73E+11,
"Egypt, Arab Rep.",eg,2013,9.469719811,2.88E+11,3025.525636,13.154,3.292157153,8.712674575,2.185466054,-1.225132498,32.20173081,21.41630832,13.49806493,2.81E+11,
"Egypt, Arab Rep.",eg,2014,10.07021547,3.06E+11,3133.391023,13.105,0.414129139,11.2476245,2.91591188,-1.948491315,32.92062911,19.87671362,12.22014085,2.98E+11,
"Egypt, Arab Rep.",eg,2015,10.37049034,3.29E+11,3306.981594,13.052,1.54106846,9.93088973,4.372019078,-5.235291379,30.23036949,20.98862474,12.5192111,3.24E+11,
"Egypt, Arab Rep.",eg,2016,13.81360621,3.32E+11,3270.628777,12.45,6.922011355,6.245663134,4.346643456,-6.164659519,,,,3.28E+11,
"Egypt, Arab Rep.",eg,2017,29.50660839,2.48E+11,2395.103333,11.767,-8.758194081,29.51847983,4.181221,-3.196815668,,,,2.44E+11,
"Egypt, Arab Rep.",eg,2018,14.40146578,2.63E+11,2484.703156,9.855,-2.358703013,21.17482082,5.331108619,-2.931644837,,,,2.56E+11,
"Egypt, Arab Rep.",eg,2019,9.152799593,3.19E+11,2962.98892,7.851,2.199095783,13.61809591,5.552093072,-3.207585432,,,,3.08E+11,
"Egypt, Arab Rep.",eg,2020,5.04493289,3.84E+11,3511.11381,7.974,4.88781543,6.176934098,3.550164838,-3.709039906,,,,3.72E+11,
"Egypt, Arab Rep.",eg,2021,5.214049405,4.25E+11,3827.354154,7.441,4.366206699,4.847156432,3.290646012,-4.382402998,,,,4.12E+11,
"Egypt, Arab Rep.",eg,2022,13.89566098,4.77E+11,4233.307837,7.344,0.142669652,10.42578924,6.587845609,-2.210090428,,,,4.61E+11,
"Egypt, Arab Rep.",eg,2023,33.88477631,3.96E+11,3457.456916,7.334,-5.661308504,24.82506537,3.758700552,-3.17277519,,,,3.79E+11,
"Egypt, Arab Rep.",eg,2024,,,,7.198,,,,,,,,,
"Egypt, Arab Rep.",eg,2025,,,,,,,,,,,,,
Eritrea,er,2010,,1589515447,539.6995121,5.675,,-16.2281997,2.194190349,,,,,1569887473,
Eritrea,er,2011,,2065001626,688.6816596,5.614,,19.53822815,8.679800101,,,,,2041455161,
Eritrea,er,2012,,,,5.501,,,,,,,,,
Eritrea,er,2013,,,,5.423,,,,,,,,,
Eritrea,er,2014,,,,5.43,,,,,,,,,
Eritrea,er,2015,,,,5.541,,,,,,,,,
Eritrea,er,2016,,,,5.554,,,,,,,,,
Eritrea,er,2017,,,,5.577,,,,,,,,,
Eritrea,er,2018,,,,5.511,,,,,,,,,
Eritrea,er,2019,,,,5.552,,,,,,,,,
Eritrea,er,2020,,,,6.088,,,,,,,,,
Eritrea,er,2021,,,,6.177,,,,,,,,,
Eritrea,er,2022,,,,5.695,,,,,,,,,
Eritrea,er,2023,,,,5.586,,,,,,,,,
Eritrea,er,2024,,,,5.553,,,,,,,,,
Eritrea,er,2025,,,,,,,,,,,,,
Spain,es,2010,1.799864577,1.43E+12,30658.74223,19.86,,0.292837726,0.094122317,-3.658959731,31.46781538,26.42485459,12.35525394,1.40E+12,49.96119495
Spain,es,2011,3.196101888,1.49E+12,31824.62191,21.39,,-0.145958717,-0.639920691,-2.687286374,31.19379801,25.92313954,11.82569314,1.45E+12,57.78998576
Spain,es,2012,2.446127824,1.33E+12,28456.44382,24.789,,-0.202955006,-2.865113673,0.055233167,38.03211309,25.87329289,11.70629481,1.31E+12,77.44615941
Spain,es,2013,1.408581092,1.36E+12,29218.91052,26.094,,0.438174976,-1.427322192,2.077915361,35.33976436,27.92194624,13.54465257,1.35E+12,91.86933107
Spain,es,2014,-0.151114838,1.38E+12,29694.88749,24.441,,-0.220686783,1.520485923,1.735950073,34.53066512,28.31390184,14.04823528,1.37E+12,104.9278374
Spain,es,2015,-0.50036571,1.21E+12,25969.83831,22.057,,0.552441843,4.060866697,2.036974295,32.65606488,27.53938877,14.0820817,1.20E+12,104.5136015
Spain,es,2016,-0.202598,1.24E+12,26740.68518,19.635,,0.372182499,2.915156028,3.15808866,32.4323867,27.12884706,13.68383933,1.24E+12,105.968137
Spain,es,2017,1.956076334,1.32E+12,28367.93926,17.224,,1.257944316,2.896042081,2.828576998,31.36192078,27.03602661,13.6257034,1.31E+12,106.5777805
Spain,es,2018,1.674981369,1.43E+12,30592.12648,15.255,,1.187354743,2.395411204,1.861426472,31.72561364,27.7525085,14.12549617,1.42E+12,107.2031219
Spain,es,2019,0.699518994,1.40E+12,29776.20115,14.104,,1.428671214,1.961178532,2.119789178,32.11492291,27.83969179,13.65802299,1.40E+12,111.2931012
Spain,es,2020,-0.322753017,1.29E+12,27230.35999,15.532,,1.133914569,-10.94007066,0.819280214,40.36940739,29.22333588,13.44625554,1.28E+12,138.9552455
Spain,es,2021,3.09313512,1.46E+12,30817.68286,14.781,,2.556112384,6.683144185,0.765004613,38.36211851,30.12236599,14.87752879,1.46E+12,132.546759
Spain,es,2022,8.390576341,1.45E+12,30287.36576,12.917,,4.711874184,6.179312226,0.309856961,35.39529232,29.79130464,15.49617837,1.42E+12,109.2179612
Spain,es,2023,3.532361335,1.62E+12,33509.0128,12.179,,6.235280039,2.675663493,2.654942704,34.0313577,29.6351123,14.9927519,1.61E+12,107.2599689
Spain,es,2024,2.774178265,,,11.394,,,,,,,,,
Spain,es,2025,,,,,,,,,,,,,
Estonia,ee,2010,2.97204512,19524355419,14663.7041,16.707,,1.816541955,2.449745916,1.743660495,38.24304361,35.70603413,20.18862598,18473734528,8.965682945
Estonia,ee,2011,4.981901315,23303915795,17555.54552,12.328,,5.539172669,7.606976635,1.305487645,34.85276454,33.51718988,19.44611043,22028387855,7.168858269
Estonia,ee,2012,3.933399873,23237406116,17568.2138,10.021,,4.205527367,3.672021159,-1.858072591,34.19555925,34.2044056,20.16209938,22063932820,14.50414089
Estonia,ee,2013,2.78056659,25451032781,19310.38749,8.631,,4.123953056,1.756494612,-0.13314304,34.11481081,33.78553439,20.23959321,24507230930,14.63010074
Estonia,ee,2014,-0.106175147,27055689003,20581.7899,7.352,,2.856545419,3.322787536,0.518408484,33.61455947,34.63343543,20.70468899,25876006877,14.44839774
Estonia,ee,2015,-0.492326007,23311847751,17722.15577,6.412,,1.30643468,1.838157048,1.463273609,35.82095661,35.53443846,21.5659169,22387751107,13.31357532
Estonia,ee,2016,0.148684908,24561027788,18666.37365,6.882,,2.438529959,3.093015834,0.996247381,35.82141911,35.44104976,21.67740271,23537298482,13.70501428
Estonia,ee,2017,3.417235495,27469461919,20851.52235,5.807,,3.741096673,5.634674322,1.699709782,34.69838258,34.67864259,20.86809166,26262150182,13.13490858
Estonia,ee,2018,3.436326884,31222632741,23618.13613,5.412,,4.849077774,3.69969444,0.563761631,35.21686125,34.42748129,20.8332766,29976050227,13.17360549
Estonia,ee,2019,2.277259312,31873748770,24021.25014,4.514,,3.822676117,3.726653182,2.009059441,35.65108717,35.20257735,21.06264657,30681549838,13.8075699
Estonia,ee,2020,-0.444531098,31820771494,23933.99394,6.956,,0.753341078,-2.883810041,-2.73062427,40.90843812,35.20262129,20.72159846,30896975845,24.38540337
Estonia,ee,2021,4.653166738,37204563051,27953.76702,6.178,,5.372329156,7.154447483,-3.72846856,38.23247788,35.6412591,21.74039237,36275709776,24.59448427
Estonia,ee,2022,19.39826341,38376046175,28451.14778,5.571,,15.78242251,0.060427832,-3.897998547,35.27856871,34.96849378,21.01668628,36987912195,25.98345544
Estonia,ee,2023,9.15922508,41291245222,30133.30445,6.378,,8.054783147,-3.023035841,-1.750173546,37.85190219,36.29590693,21.42148782,40050178865,28.25275742
Estonia,ee,2024,3.520560533,,,7.828,,,,,,,,,
Estonia,ee,2025,,,,,,,,,,,,,
Ethiopia,et,2010,8.14926403,29933790334,330.6194128,2.3,,1.444572317,12.55053835,-2.122260872,12.50319755,10.76183752,8.16344108,29825574928,
Ethiopia,et,2011,33.24995988,31952763089,343.0249424,2.275,,20.06187508,11.17829623,-3.303679641,10.58393132,10.87647408,9.209358617,31883271774,
Ethiopia,et,2012,23.60041768,43310721414,452.1010319,2.255,,33.54140502,8.647811633,-7.106748681,8.466379845,11.07044066,9.377594715,43214529006,
Ethiopia,et,2013,7.464021929,47648276605,484.0398331,2.251,,4.901979299,10.58227005,-6.366263992,10.21191395,10.44028758,8.764725377,47541495176,10.73328378
Ethiopia,et,2014,6.890019516,55612228234,549.9865771,2.359,,10.98178829,10.25749296,-10.37817212,9.552433677,9.737452986,8.811955393,55459432981,26.93727974
Ethiopia,et,2015,9.56889956,64589328551,621.8456738,2.443,,10.83654278,10.39246302,-11.71490206,10.37763701,9.943344344,8.351338267,64326828328,27.94312504
Ethiopia,et,2016,6.628133372,74296745208,696.1958847,2.554,,10.39792554,9.433482658,-10.64041927,10.08929654,9.358219992,8.087065533,74054063837,29.00569007
Ethiopia,et,2017,10.68711503,81770886826,745.6324492,2.662,,6.676855083,9.564189643,-7.250291439,11.23250356,9.444828163,7.603929229,81285285938,30.0951132
Ethiopia,et,2018,13.83303566,84269196626,747.9681436,2.802,,12.38229481,6.816147797,-5.47209883,10.81747539,8.973363668,7.519920423,83891882898,32.5332185
Ethiopia,et,2019,15.80963217,95912607722,828.7089723,2.917,,12.86039682,8.364085699,-5.239283846,9.705417035,7.788220305,6.661739148,95323016754,31.44884867
Ethiopia,et,2020,20.35634686,1.08E+11,905.3131758,3.994,,18.25459029,6.059530886,-2.525414273,8.412268515,7.104628624,6.196300573,1.07E+11,
Ethiopia,et,2021,26.83952216,1.11E+11,910.9478403,3.935,,21.76326407,5.641530717,-4.051044455,8.417419709,6.554604696,5.324726235,1.11E+11,
Ethiopia,et,2022,33.88987971,1.27E+11,1011.073286,3.409,,34.66735302,5.321176284,-4.07059182,7.301783413,5.055719371,4.49688526,1.26E+11,
Ethiopia,et,2023,30.21882781,1.64E+11,1272.016282,3.402,,33.02069288,6.498134642,-2.924689133,6.122189219,4.505380915,3.931422738,1.63E+11,
Ethiopia,et,2024,,,,3.398,,,,,,,,,
Ethiopia,et,2025,,,,,,,,,,,,,
Finland,fi,2010,1.184135232,2.49E+11,46506.2919,8.394,,0.34887313,3.168287723,1.392741087,38.41623837,35.30271543,18.60088123,2.53E+11,
Finland,fi,2011,3.416807543,2.75E+11,51060.32426,7.781,,2.600928228,2.390394726,-1.55989642,37.99499127,36.84500772,20.05261693,2.77E+11,
Finland,fi,2012,2.808336226,2.57E+11,47551.67408,7.689,,2.945346184,-1.522840285,-2.254074291,39.07315174,37.36737566,20.20181856,2.59E+11,
Finland,fi,2013,1.478286157,2.70E+11,49691.01452,8.193,,2.561394163,-0.979741028,-1.875861118,40.28658899,37.73520003,20.72708689,2.72E+11,
Finland,fi,2014,1.041196212,2.73E+11,50073.77608,8.663,,1.644670408,-0.478068319,-1.403069588,40.79327682,37.76055962,20.73595492,2.78E+11,
Finland,fi,2015,-0.20792884,2.33E+11,42560.34568,9.376,,1.63270263,0.466503518,-0.912485504,40.68328005,37.61941463,20.58689198,2.37E+11,
Finland,fi,2016,0.356684501,2.39E+11,43451.25624,8.818,,0.055195317,2.571934232,-1.982138961,39.93890143,37.97197254,20.98721937,2.42E+11,
Finland,fi,2017,0.754015047,2.54E+11,46085.01747,8.64,,0.836045811,3.303370161,-0.613710516,38.17299049,36.99500681,20.88106237,2.56E+11,
Finland,fi,2018,1.083820984,2.74E+11,49654.2497,7.361,,1.987058878,1.19297773,-1.638112719,37.67835967,37.01515707,20.96418792,2.77E+11,
Finland,fi,2019,1.02409393,2.67E+11,48358.18078,6.695,,1.481859055,1.349738438,-0.154995291,37.30997241,36.88149322,20.78459487,2.70E+11,
Finland,fi,2020,0.290554556,2.70E+11,48828.68469,7.759,,1.63841613,-2.49103621,0.529983304,41.48197659,35.46980164,20.00575328,2.76E+11,
Finland,fi,2021,2.194574323,2.94E+11,53099.13514,7.617,,2.434612369,2.734713486,0.326640932,40.10266759,37.02263993,20.82978244,3.01E+11,
Finland,fi,2022,7.123507733,2.80E+11,50438.4754,6.719,,5.449434224,1.450048073,-2.507030126,37.93607491,37.18304249,21.20026754,2.85E+11,
Finland,fi,2023,6.250643222,2.96E+11,52925.68976,7.151,,3.913517347,-1.163962815,-0.534469354,44.85438314,42.06571052,25.33184546,2.97E+11,
Finland,fi,2024,1.565689062,,,8.26,,,,,,,,,
Finland,fi,2025,,,,,,,,,,,,,
Fiji,fj,2010,3.689012297,3140166713,3449.144529,4.343,3.127572744,4.229784999,2.954672422,-4.759196875,23.83504581,24.36500664,21.82256442,3042538815,
Fiji,fj,2011,7.278117827,3779411899,4139.602886,4.406,-1.759995185,9.391340519,2.705143029,-5.161191927,22.24362075,25.35759579,22.91709332,3663305384,
Fiji,fj,2012,3.423375234,3972028104,4341.403387,4.375,3.308231576,3.576513521,1.411314382,-1.434044291,22.99444917,25.06703227,22.89257614,3825371293,
Fiji,fj,2013,2.913541936,4189967999,4572.443775,4.357,2.396639496,3.621296542,4.73421949,-9.711780735,24.3834618,25.39096834,23.47566275,4108022908,
Fiji,fj,2014,0.519306475,4857104791,5293.356791,4.325,-5.99464056,12.50540568,5.603514896,-5.777812379,25.48091457,24.83053119,22.64375599,4631708776,
Fiji,fj,2015,1.374885426,4682479912,5097.531088,4.291,3.177970316,2.530898974,4.501199383,-3.472992476,26.32301006,25.65663549,23.61570554,4398111345,
Fiji,fj,2016,3.863225382,4930213634,5363.790256,4.319,3.135431678,2.633325827,2.445652008,-3.606969368,25.32754922,25.69796409,23.53462359,4658241005,
Fiji,fj,2017,3.347578348,5353469171,5826.848141,4.324,3.974547618,1.698457348,5.353364937,-6.639070886,25.37029329,27.22863355,24.66994208,4930366665,
Fiji,fj,2018,4.081476376,5581425325,6085.419792,4.335,4.191844428,1.425718272,3.81235097,-8.447298457,28.02558673,26.23780485,23.99335343,5221596259,
Fiji,fj,2019,1.773101825,5444407214,5950.828686,4.373,4.411148973,1.548022179,-0.581946371,-12.82226845,26.95987809,25.10485254,22.89284886,4993717625,
Fiji,fj,2020,-2.595243259,4432466237,4844.42129,4.649,7.784400836,-1.48397938,-17.03866753,-13.85526024,30.50380011,22.14280733,19.45223514,4151389792,
Fiji,fj,2021,0.155855722,4305031631,4696.171019,4.701,8.673453795,-2.513063125,-4.881036056,-15.94824424,34.55921819,19.01298957,15.87420988,4054721701,
Fiji,fj,2022,4.520192664,4969503561,5405.030074,4.446,2.912603954,2.447985026,19.79272669,-17.41955369,29.65341635,20.93266253,18.5269734,4704672932,
Fiji,fj,2023,2.148174406,5442046565,5888.736686,4.322,0.836818516,4.099576358,7.524290882,,27.75283635,22.80210381,20.66866831,5130419433,
Fiji,fj,2024,,,,4.307,,,,,,,,,
Fiji,fj,2025,,,,,,,,,,,,,
France,fr,2010,1.531122704,2.65E+12,40694.82117,9.279,,1.089446457,2.000324727,-0.832545469,49.6925291,43.26567673,21.98602648,2.71E+12,81.58390433
France,fr,2011,2.111597952,2.87E+12,43929.78409,9.228,,0.851478332,2.437576569,-1.028027979,47.92797429,42.96913393,21.82602512,2.94E+12,83.33768965
France,fr,2012,1.954195316,2.68E+12,40863.58144,9.841,,1.082046895,0.183835271,-1.225308078,48.53717164,43.8790804,22.60897414,2.74E+12,91.02816199
France,fr,2013,0.863715498,2.82E+12,42669.17951,9.913,,0.747875808,0.781756446,-0.597990457,49.07173191,44.72645791,23.20410117,2.87E+12,92.63226543
France,fr,2014,0.507758823,2.86E+12,43148.04593,10.273,,0.570795064,0.997832938,-0.962733699,49.12078474,44.93248026,23.15565935,2.92E+12,99.72897756
France,fr,2015,0.037514381,2.44E+12,36702.43237,10.354,,1.134440103,1.066754735,-0.334528437,48.44918801,44.65300652,23.29741198,2.49E+12,100.3126372
France,fr,2016,0.183334861,2.47E+12,37024.21571,10.057,,0.517258226,0.860031082,-0.538632352,48.1500428,44.4509842,23.14632834,2.53E+12,103.3182706
France,fr,2017,1.032282751,2.59E+12,38687.16264,9.409,,0.586343167,2.083614851,-0.474615185,48.46634162,45.08487549,23.78633496,2.65E+12,104.0349647
France,fr,2018,1.850815083,2.78E+12,41418.17665,9.018,,1.114593308,1.645908729,-0.735670615,47.10007732,44.72593776,24.30986428,2.86E+12,103.3809738
France,fr,2019,1.108254923,2.72E+12,40408.28486,8.415,,1.210523071,2.027446476,0.587362765,45.88979029,43.65501322,24.6605264,2.79E+12,104.5417684
France,fr,2020,0.476498853,2.65E+12,39169.8606,8.009,,2.977978716,-7.44064593,-2.003136137,51.96363143,43.32199071,24.78880644,2.67E+12,122.1815157
France,fr,2021,1.64233141,2.97E+12,43725.09995,7.874,,1.22181611,6.882337866,0.244238512,49.99444401,43.50484827,23.97944454,3.02E+12,115.5885069
France,fr,2022,5.222367484,2.80E+12,41082.81193,7.308,,3.220632171,2.570840474,-1.182590803,48.83386714,44.2550166,24.53424768,2.83E+12,96.77649801
France,fr,2023,4.878357265,3.05E+12,44690.93454,7.335,,5.303571753,0.936487503,-0.993970971,47.32646541,42.27498646,23.11038059,3.09E+12,98.47290369
France,fr,2024,1.999049423,,,7.37,,,,,,,,,
France,fr,2025,,,,,,,,,,,,,
Faroe Islands,fo,2010,,2331796784,47923.15154,,,6.948630666,-0.379817991,6.18734358,,,,2362041758,
Faroe Islands,fo,2011,,2505740669,51618.99078,,,-0.952002297,3.566363179,7.754369926,,,,2640968635,
Faroe Islands,fo,2012,,2427200389,50261.96163,,,-2.400123528,7.081483445,,,,,2553433109,
Faroe Islands,fo,2013,,2690110521,55758.20837,,,1.516211823,5.856143897,,,,,2836986264,
Faroe Islands,fo,2014,,2914012679,60172.06325,,,2.671724945,5.432142068,,,,,3018921982,
Faroe Islands,fo,2015,,2573905971,52635.03755,,,4.878549553,0.958001934,,,,,2643571024,
Faroe Islands,fo,2016,,2813278869,56875.28038,,,7.866387385,1.386447959,,,,,2915942112,
Faroe Islands,fo,2017,,2980057378,59384.98621,,,0.375894775,3.512013675,,,,,3080225592,
Faroe Islands,fo,2018,,3188600927,62524.03874,,,-0.425379107,2.763709523,,,,,3279611961,
Faroe Islands,fo,2019,,3266432734,63064.63431,,,3.499897057,4.538510287,,,,,3360023702,
Faroe Islands,fo,2020,,3271813312,62236.08666,,,-0.111554949,-1.63732118,,,,,3350503015,
Faroe Islands,fo,2021,,3664686797,68736.50561,,,2.025444106,5.504380173,,,,,3791867587,
Faroe Islands,fo,2022,,3566698398,66108.73365,,,5.779142883,3.556023804,,,,,3656054873,
Faroe Islands,fo,2023,,3907323961,71717.70422,,,4.073186874,2.489058117,,,,,3935467411,
Faroe Islands,fo,2024,,,,,,,,,,,,,
Faroe Islands,fo,2025,,,,,,,,,,,,,
"Micronesia, Fed. Sts.",fm,2010,3.313709631,296944100,2761.243258,,11.12614224,3.602984573,2.259389956,-8.275193883,16.77572135,12.19189874,4.661135884,307507200,24.15488134
"Micronesia, Fed. Sts.",fm,2011,5.082594039,311301600,2890.50493,,12.55405106,1.595632434,3.188574755,-14.20532371,15.68133893,12.0296648,4.964073105,320855800,25.2019617
"Micronesia, Fed. Sts.",fm,2012,5.01850353,327248700,3033.169895,,6.718942254,7.122501016,-1.866819755,-7.282565217,17.44399535,14.50492607,4.891801556,342609600,27.11517204
"Micronesia, Fed. Sts.",fm,2013,1.752327374,317214400,2933.883334,,14.96771926,0.636944649,-3.679767791,-0.685151746,18.19616323,17.78853482,5.466541557,342707900,26.32302411
"Micronesia, Fed. Sts.",fm,2014,0.650284892,319271200,2945.41496,,12.30404447,3.023894237,-2.305775745,7.018359313,18.10030369,28.68896443,12.54406661,344654400,23.38973481
"Micronesia, Fed. Sts.",fm,2015,-0.298115837,316489900,2911.16211,,22.11128033,-5.250358783,4.621884004,,20.65268996,28.37381793,5.418243679,375852000,29.94314479
"Micronesia, Fed. Sts.",fm,2016,-1.037468064,325000000,2979.601192,,13.21584386,2.194177119,0.484101802,,22.66102185,27.75054123,6.137696308,379735000,25.95939692
"Micronesia, Fed. Sts.",fm,2017,0.582253735,359000000,3279.10779,,5.969514082,9.559811617,0.823045267,,22.63898411,32.05898106,10.63015125,408887900,31.59722033
"Micronesia, Fed. Sts.",fm,2018,1.498400236,392000000,3566.586904,,5.95994898,9.192200557,0,,22.05209826,45.82094413,25.83468444,402265100,23.69796607
"Micronesia, Fed. Sts.",fm,2019,1.923851708,394000000,3572.659183,,18.77563452,-3.431372549,4.081632653,,23.70593781,40.11577487,19.91372183,442208700,24.15144416
"Micronesia, Fed. Sts.",fm,2020,0.554594631,372000000,3353.88943,,18.86248155,-3.695431472,-1.960784314,,23.48261006,29.77609435,7.048216398,420832800,27.86301425
"Micronesia, Fed. Sts.",fm,2021,3.191284066,390000000,3493.872286,,10.42997415,1.98318062,2.8,,,,,435690300,
"Micronesia, Fed. Sts.",fm,2022,5.408743755,430000000,3835.381843,,,11.12116642,-0.778210117,,,,,478025600,
"Micronesia, Fed. Sts.",fm,2023,,460000000,4084.169404,,,6.14424034,0.784313725,,,,,504260500,
"Micronesia, Fed. Sts.",fm,2024,,,,,,,,,,,,,
"Micronesia, Fed. Sts.",fm,2025,,,,,,,,,,,,,
Gabon,ga,2010,1.461544027,14372593020,8356.74662,20.39,,16.56432021,7.089887315,17.06850596,,,,12484464819,
Gabon,ga,2011,1.263317078,18210307744,10219.11393,19.941,,12.68122777,7.091753343,14.30205454,,,,15711223534,
Gabon,ga,2012,2.652418287,17170464016,9296.965879,19.728,,-2.941902704,5.251076918,11.51765233,16.27961828,29.79216863,14.06052433,15456970451,
Gabon,ga,2013,0.505441059,17595744798,9197.701063,19.794,,-6.157924934,5.638699003,8.312421476,16.33078188,29.85773671,16.05883561,15890971279,
Gabon,ga,2014,4.690457518,18203966896,9201.362766,19.916,,-0.851390333,4.314964441,6.108920584,15.25324533,25.66528488,15.10522888,17256249273,
Gabon,ga,2015,-0.338795189,14383107763,7047.126546,19.978,,-8.927172453,3.878899395,0.980288665,17.18518723,20.07516814,12.83006855,13188718896,
Gabon,ga,2016,2.106707128,14023890265,6677.070039,20.134,,-4.26975398,2.091442208,,17.08549952,17.39206057,11.46806371,12934874985,
Gabon,ga,2017,2.651925831,14929487485,6921.733731,20.303,,3.820302144,0.472642031,,15.66749478,17.65452712,11.0849703,13985728543,
Gabon,ga,2018,4.749066521,16867326402,7624.277523,20.439,,7.176657494,0.837916581,,13.69763627,16.78200626,10.21533638,15754973543,
Gabon,ga,2019,2.464567562,16874405465,7441.178647,20.358,,1.547485198,3.920808795,,13.54186761,19.40734189,11.47952824,15511133841,
Gabon,ga,2020,1.352761107,15342236164,6605.803461,21.27,,-9.009868562,-1.837761064,,16.44537162,17.42014587,12.42677785,14503352825,
Gabon,ga,2021,1.086907465,19444935097,8181.409141,21.218,,20.33840918,1.467957315,,14.05195849,15.11491235,9.490325545,17052331403,
Gabon,ga,2022,4.231247983,20440655695,8409.207415,20.399,,14.75834268,3.037614495,,,,,19032454429,
Gabon,ga,2023,3.629015342,19388402542,7802.836596,20.278,,-9.964011078,2.445880831,,,,,18421276708,
Gabon,ga,2024,1.173119984,,,20.061,,,,,,,,,
Gabon,ga,2025,,,,,,,,,,,,,
United Kingdom,gb,2010,2.492654725,2.49E+12,39598.95712,7.924,-1.072045031,1.589080692,2.233315126,-2.771841075,44.13780584,38.26693929,25.27339789,2.49E+12,131.0879405
United Kingdom,gb,2011,3.856112447,2.66E+12,42109.64188,8.169,-1.65955031,2.195993934,1.138362347,-1.630970089,42.70036509,33.50675753,25.83493224,2.67E+12,143.7590145
United Kingdom,gb,2012,2.573234797,2.71E+12,42497.3405,8.25,-1.026900718,1.542743159,1.508998374,-3.147189147,43.33211765,32.8653831,25.10306556,2.68E+12,147.0536816
United Kingdom,gb,2013,2.291666667,2.78E+12,43426.29814,7.704,-1.576192178,2.109441023,1.799921494,-4.651193731,40.20437183,33.72606675,25.13634238,2.74E+12,141.6433278
United Kingdom,gb,2014,1.451120163,3.06E+12,47439.61659,6.363,-0.808242607,1.318902539,3.194637313,-5.011417068,39.4099588,32.88329645,24.88051097,3.01E+12,150.5916197
United Kingdom,gb,2015,0.368046842,2.93E+12,44964.39114,5.517,,0.658400581,2.222888449,-4.946677011,38.44397796,33.10248997,25.06664663,2.86E+12,147.9494127
United Kingdom,gb,2016,1.008417368,2.69E+12,40985.23514,4.867,,1.964151337,1.921710078,-5.498797343,37.255535,33.60418147,25.45503842,2.63E+12,156.6044652
United Kingdom,gb,2017,2.557755776,2.68E+12,40572.12148,4.452,,1.855117006,2.656504893,-3.49784869,37.10418625,33.99630825,25.5968599,2.65E+12,161.2697253
United Kingdom,gb,2018,2.292839903,2.87E+12,43203.81411,4.12,,1.920647087,1.405190266,-3.92206515,37.52968911,33.96095533,25.54671645,2.83E+12,158.1627874
United Kingdom,gb,2019,1.738104601,2.85E+12,42662.53537,3.613,,2.132951415,1.624475159,-2.685148885,36.71615961,33.53287784,25.11127296,2.85E+12,160.3219183
United Kingdom,gb,2020,0.989486704,2.70E+12,40201.68124,4.472,,4.969820525,-10.29691887,-2.958399491,48.01248974,33.73728183,24.78542762,2.64E+12,196.6405766
United Kingdom,gb,2021,2.518371096,3.14E+12,46896.86624,4.826,,0.066556623,8.575950905,-0.440671239,43.64728275,35.10405181,26.4149383,3.16E+12,186.7949156
United Kingdom,gb,2022,7.922048831,3.11E+12,45935.92765,3.73,,5.443904798,4.839085147,-2.278774112,41.52835545,36.68091867,27.17314723,3.10E+12,141.2443972
United Kingdom,gb,2023,6.793967068,3.38E+12,49463.85546,3.984,,7.298254796,0.339966158,-2.214326135,41.71631994,35.84627223,27.31886314,3.30E+12,138.1934898
United Kingdom,gb,2024,3.271572946,,,4.111,,,,,,,,,
United Kingdom,gb,2025,,,,,,,,,,,,,
Georgia,ge,2010,7.110178975,12426907967,3281.729309,20.203,-0.052416138,15.90582836,6.246408653,-9.646839122,25.05711319,22.72563095,21.11065962,12209869879,31.42083164
Georgia,ge,2011,8.542933333,15475290469,4119.668183,19.632,5.334216452,9.171711283,7.934336525,-11.90982345,23.13996705,23.90168206,22.66140465,15049331839,27.69722978
Georgia,ge,2012,-0.943658853,16894392033,4530.695334,19.653,14.47513678,0.291166471,6.57883102,-11.14417867,24.27286088,24.60873929,23.08850414,16722078803,28.10481414
Georgia,ge,2013,-0.512058411,17517660144,4712.002294,19.416,14.3391998,-0.650965016,5.132885312,-5.45445308,24.60189443,25.46262612,22.06259867,17200885803,28.9477658
Georgia,ge,2014,3.068812104,17966015109,4830.334862,17.439,6.998579186,4.589904484,4.090490596,-9.930878443,26.23731164,25.45394364,22.05314923,17737747152,30.39215686
Georgia,ge,2015,4.003578207,15223796149,4086.622347,16.506,6.748175912,5.377421677,3.351023503,-11.60711642,27.68756513,27.15063101,22.34774806,14880351882,36.00034734
Georgia,ge,2016,2.134927139,15444548902,4143.401257,16.604,10.1159781,2.27481843,3.45021518,-12.24173294,28.67480097,27.83027385,23.04243154,14744998637,39.47883895
Georgia,ge,2017,6.035317253,16473125375,4418.752065,13.939,3.662257128,7.546744998,5.159902617,-7.951247435,26.86211901,28.03072085,23.0135462,15681941286,38.84131592
Georgia,ge,2018,2.615244714,17902544881,4804.054604,12.667,7.377483629,3.484816287,6.062036413,-6.65935234,23.71754749,25.40573897,22.04786882,17228317459,38.2238727
Georgia,ge,2019,4.852898217,17638337117,4741.283272,11.565,6.558656698,3.995680346,5.380719266,-5.99374849,24.36351205,26.10002815,22.89727708,16841958712,44.7236858
Georgia,ge,2020,5.20246489,16010869216,4300.857013,11.73,4.635435104,6.847933388,-6.290471785,-12.43357965,29.00901806,24.60161883,21.1807829,15254265042,65.19331579
Georgia,ge,2021,9.566914338,18853115589,5083.606955,11.791,2.06923029,10.22958765,10.64423366,-10.30459947,27.20440024,24.85508201,21.47289375,17678574249,54.72712601
Georgia,ge,2022,11.89816542,24984568960,6729.846599,11.647,5.10459322,8.135450144,10.95853214,-4.420876101,24.93645347,26.48915729,22.90227834,23246873363,42.96939336
Georgia,ge,2023,2.487760566,30777833585,8283.669602,11.537,10.26012186,2.948099536,7.832201215,-5.551101277,25.24171972,27.96702231,23.59921893,28388158127,43.40638138
Georgia,ge,2024,1.10971758,,,11.48,,,,,,,,,
Georgia,ge,2025,,,,,,,,,,,,,
Ghana,gh,2010,10.73338984,32197655567,1263.892518,5.384,,16.59564473,7.899711941,-8.532733057,20.15750429,16.69153747,13.3883874,31663500965,
Ghana,gh,2011,8.728459371,39336668081,1507.435732,4.227,,13.91482218,14.04712358,-9.002581734,21.14092605,19.37171319,14.86579036,38113676482,
Ghana,gh,2012,11.18634094,41271701061,1543.775242,3.141,,15.20527874,9.292789406,-11.90092376,26.88391785,19.33926835,15.36818101,39175664473,
Ghana,gh,2013,11.66619231,62824629066,2294.025645,2.173,,54.01291176,7.312525017,-9.079296821,19.28113478,14.22625903,10.6718365,61074141772,
Ghana,gh,2014,15.48961603,54783319817,1953.645136,4.415,,23.93995876,2.856240163,-6.743978551,18.20350861,14.21503189,11.25218598,51920567774,
Ghana,gh,2015,17.1499695,49406010054,1721.699644,6.806,,13.25296668,2.120759338,-5.715175816,17.36429965,14.5298039,11.69056321,47920547875,
Ghana,gh,2016,17.45463471,56164929305,1913.186733,5.232,,15.74862031,3.37346575,-5.042376632,18.28958536,14.15894343,11.05832919,53961346503,
Ghana,gh,2017,12.37192155,60405924079,2012.970258,3.369,,10.67730823,8.128894881,-3.315303971,17.35524031,14.52053126,11.57703128,57431261825,
Ghana,gh,2018,7.808765166,67298914624,2196.612906,3.253,,10.5684825,6.200077681,-3.03807909,17.60184752,15.06928929,12.24424151,64269886148,
Ghana,gh,2019,7.143640033,68337969248,2186.189241,3.16,,8.481070297,6.507774794,-2.727578758,17.51094509,14.69480555,11.99699591,65527721243,
Ghana,gh,2020,9.887289563,70043099676,2196.547893,3.313,,9.365574966,0.513941671,-3.046646265,21.88355441,13.75450736,11.34043196,70776526813,
Ghana,gh,2021,9.971088675,79524421861,2445.500818,3.384,,12.10610163,5.076466435,-3.195789115,20.75087487,14.92637312,12.24468673,77088309093,
Ghana,gh,2022,31.2558951,74263364042,2240.279451,3.084,,28.16824787,3.817504621,-2.343867247,22.67899295,15.55055069,12.29753581,72989253312,
Ghana,gh,2023,38.10696563,76370396722,2260.287413,3.063,,33.07982505,2.944785831,1.842485685,,,,75420372240,
Ghana,gh,2024,22.84832812,,,3.007,,,,,,,,,
Ghana,gh,2025,,,,,,,,,,,,,
Gibraltar,gi,2010,,,,,,,,,,,,,
Gibraltar,gi,2011,,,,,,,,,,,,,
Gibraltar,gi,2012,,,,,,,,,,,,,
Gibraltar,gi,2013,,,,,,,,,,,,,
Gibraltar,gi,2014,,,,,,,,,,,,,
Gibraltar,gi,2015,,,,,,,,,,,,,
Gibraltar,gi,2016,,,,,,,,,,,,,
Gibraltar,gi,2017,,,,,,,,,,,,,
Gibraltar,gi,2018,,,,,,,,,,,,,
Gibraltar,gi,2019,,,,,,,,,,,,,
Gibraltar,gi,2020,,,,,,,,,,,,,
Gibraltar,gi,2021,,,,,,,,,,,,,
Gibraltar,gi,2022,,,,,,,,,,,,,
Gibraltar,gi,2023,,,,,,,,,,,,,
Gibraltar,gi,2024,,,,,,,,,,,,,
Gibraltar,gi,2025,,,,,,,,,,,,,
Guinea,gn,2010,15.05026886,6853467146,659.2353262,5.097,,16.10260337,4.81336017,-4.769702591,,,,6776357146,
Guinea,gn,2011,21.31692685,6785137203,636.6949587,5.094,,8.999290643,5.612111774,-17.11652934,,,,6651747203,
Guinea,gn,2012,15.2262941,7638044557,699.3533772,4.884,,11.51596111,5.915286261,-13.597983,,,,7516064557,
Guinea,gn,2013,11.88758845,8376613539,748.4550208,4.967,,4.329356461,3.945687086,-14.20347249,,,,7971453539,
Guinea,gn,2014,6.150505567,8778473373,765.1469994,5.09,,2.615897706,3.696553117,-11.1827727,,,,8566213821,
Guinea,gn,2015,11.7800825,8794201743,747.3569668,5.224,,2.972284899,3.825910569,-11.6007987,,,,8650895057,
Guinea,gn,2016,8.172681123,8595955222,711.9965098,5.013,,5.668951633,10.8206272,-31.93283907,,,,8493617258,
Guinea,gn,2017,8.914359479,10324668271,833.5986217,4.826,,10.35650721,10.30000534,5.030185826,,,,10274041365,
Guinea,gn,2018,9.827617013,11857030367,933.2736156,4.787,,7.05908442,6.358491927,-1.606388734,,,,11675180327,
Guinea,gn,2019,9.470010393,13442861496,1031.341465,5.018,,9.402907663,5.616914469,-2.340424322,,,,13328776519,
Guinea,gn,2020,10.60162034,14088693743,1053.660977,6.018,,4.249980167,4.704590961,19.05606048,,,,13942249439,
Guinea,gn,2021,12.59728826,17069115738,1244.965505,5.827,,11.98629786,5.582332811,27.17615881,,,,16378939820,
Guinea,gn,2022,10.493041,19910452542,1416.59612,5.267,,2.805582924,3.972407842,16.82653869,,,,19564303529,
Guinea,gn,2023,7.804975919,22199409741,1541.040509,5.244,,3.921978885,6.744934446,10.30631006,,,,20265865042,
Guinea,gn,2024,8.123139149,,,5.23,,,,,,,,,
Guinea,gn,2025,,,,,,,,,,,,,
"Gambia, The",gm,2010,5.049680759,1543294927,801.0333727,9.723,20.21468541,5.644330861,5.90833581,1.133911817,,,,1513388695,
"Gambia, The",gm,2011,4.795882662,1409693597,710.6084115,10.283,22.40355815,4.572123504,-8.130444223,-7.671352279,,,,1377826168,
"Gambia, The",gm,2012,4.254321998,1415004738,692.5793616,10.346,23.26043865,3.845160214,5.241569246,-6.557071527,,,,1385745351,
"Gambia, The",gm,2013,5.699129896,1375609453,653.8627133,9.454,20.83094149,5.933131381,2.87276879,-7.059356592,,,,1345939442,
"Gambia, The",gm,2014,5.947999357,1229461721,568.0045356,8.218,22.13467873,5.211723107,-1.407382495,-6.877587197,,,,1200491695,
"Gambia, The",gm,2015,6.808454946,1378176609,619.5363643,7.26,,9.720362427,4.058073804,-3.902280613,,,,1345126615,
"Gambia, The",gm,2016,7.228792721,1484578886,650.0565013,6.285,,7.820622749,1.943359655,-5.127966475,,,,1456754211,
"Gambia, The",gm,2017,8.034189745,1504909463,642.5226413,5.157,24.13189631,3.92171862,4.822611249,-6.328755935,,,,1476610319,
"Gambia, The",gm,2018,6.520968239,1670671328,696.219807,4.127,19.68012043,6.951764038,7.234890333,-8.083325297,,,,1641472105,
"Gambia, The",gm,2019,7.115676256,1813609692,738.186752,4.538,20.46808658,6.252206399,6.22205316,-2.044452216,,,,1783609669,
"Gambia, The",gm,2020,5.931276366,1812170891,720.3351434,5.892,25.25839564,2.188758959,0.591487288,-4.776218486,,,,1785259980,
"Gambia, The",gm,2021,7.370347589,2014158842,781.8909252,6.269,11.28481801,7.382122856,5.255968788,-4.313331603,,,,1963778534,
"Gambia, The",gm,2022,11.51311984,2204734528,836.2448759,6.076,9.357836646,8.817075804,5.49299823,-4.093504272,,,,2173634528,
"Gambia, The",gm,2023,16.97421296,2396111022,888.1574077,6.479,4.453296545,15.60190439,4.797508952,-8.519289807,,,,2365211022,
"Gambia, The",gm,2024,,,,6.496,,,,,,,,,
"Gambia, The",gm,2025,,,,,,,,,,,,,
Guinea-Bissau,gw,2010,2.517851402,940112538.9,600.1942985,3.137,-0.096642279,5.215015522,5.605363114,-7.529995172,,,,937792525,
Guinea-Bissau,gw,2011,5.046102263,1157074319,719.5395735,3.08,-2.947827756,8.452922004,8.085041672,-1.214319105,,,,1138565679,
Guinea-Bissau,gw,2012,2.130545803,1049412177,635.4616533,3.143,5.067767332,-0.02722116,-1.712869584,-7.932246541,,,,1016379261,
Guinea-Bissau,gw,2013,1.207125557,1109682824,654.3045344,3.162,6.278306341,-0.932275245,3.256071909,-4.731876539,,,,1101660822,
Guinea-Bissau,gw,2014,-1.509244606,1135250721,652.022501,3.254,3.989016188,1.297557372,0.964525746,0.555849591,,,,1172586040,
Guinea-Bissau,gw,2015,1.476720489,1152384167,645.0668372,3.157,-8.178068285,14.5196629,6.134089362,1.817263366,,,,1177955665,
Guinea-Bissau,gw,2016,1.503120559,1245074264,679.6653866,3.123,2.386478895,2.840727737,5.306596331,1.362937393,,,,1262696604,
Guinea-Bissau,gw,2017,1.691114618,1469978606,783.1231866,3.066,-4.761146387,10.39612092,4.788991619,0.263885195,11.59802934,11.62869158,9.481533963,1484444605,
Guinea-Bissau,gw,2018,0.381324703,1554133594,808.5316132,3.127,,-2.531561246,3.761453596,-3.483247955,,,,1502990771,
Guinea-Bissau,gw,2019,0.246600268,1588638854,807.359904,2.413,,2.156540881,5.55045565,-8.020071957,13.27284657,11.23168579,8.574614468,1615032332,
Guinea-Bissau,gw,2020,1.140009394,1646400350,817.7803357,2.89,,0.309718604,1.495274437,-2.349565504,,,,1671667501,
Guinea-Bissau,gw,2021,2.242488796,1853796456,900.4077808,3.031,,2.161739286,6.182676683,-0.762101077,,,,1870779714,
Guinea-Bissau,gw,2022,9.393838775,1796608531,853.281304,2.666,,4.214284393,4.605831807,-8.162029784,,,,1804947439,
Guinea-Bissau,gw,2023,,2048348108,951.2427483,2.65,,5.390392868,5.199268297,,,,,2045279197,
Guinea-Bissau,gw,2024,,,,2.622,,,,,,,,,
Guinea-Bissau,gw,2025,,,,,,,,,,,,,
Equatorial Guinea,gq,2010,7.78916548,16314443436,13720.16587,8.07,,24.90653418,-8.924175889,,5.623251039,26.64585267,7.586159224,9578455863,
Equatorial Guinea,gq,2011,4.805389222,21357343669,17198.21367,8.045,,17.04510657,6.52392363,,4.973676679,28.30735635,7.015790113,13819219548,
Equatorial Guinea,gq,2012,3.656620483,22388344144,17308.57239,7.957,,4.854782044,8.312871844,,7.133814883,27.94896431,8.742219053,14844232072,
Equatorial Guinea,gq,2013,2.948876946,21948834284,16304.07132,7.86,,-1.072673757,-4.133198501,,8.042606114,25.01104102,8.516349943,15003861970,
Equatorial Guinea,gq,2014,4.309998661,21765453082,15548.66247,7.845,,-1.273842647,0.415066302,,7.092118114,24.20620204,8.298900808,14796386736,
Equatorial Guinea,gq,2015,1.676630853,13185496881,9068.910032,7.95,,-20.19275037,-9.110041149,,9.943302762,26.36465746,11.45673493,9945017698,
Equatorial Guinea,gq,2016,1.411939155,11240808848,7453.197979,7.962,,-6.285422111,-8.816417232,,10.2457381,16.81128585,6.384406989,8709938328,
Equatorial Guinea,gq,2017,0.744354747,12200913879,7809.104657,8.004,,12.74238316,-5.667508505,,9.902142683,17.39670201,5.981846872,8983531110,
Equatorial Guinea,gq,2018,1.060074107,13097012134,8102.470848,7.967,,9.513834297,-6.236544067,,10.32139292,19.79741795,6.168908909,10026980386,
Equatorial Guinea,gq,2019,1.53027529,11364133550,6804.149231,8.064,,-3.163689834,-5.481825379,,11.41039614,18.58894212,9.301943614,8329916826,
Equatorial Guinea,gq,2020,4.766695239,9893816008,5764.055029,8.781,,-10.16854575,-4.791080834,,12.25352792,14.34731794,8.011290134,7454529303,
Equatorial Guinea,gq,2021,-0.097100766,12215878033,6945.630698,8.976,,17.93863072,0.860269956,,10.35788675,15.32352436,5.395099126,9147762583,
Equatorial Guinea,gq,2022,4.786717047,13687643436,7589.299649,8.455,,22.10040873,3.223508317,,11.04529216,26.44987578,6.595986826,8930191429,
Equatorial Guinea,gq,2023,,12337550584,6677.793435,8.367,,-7.647520198,-5.089308721,,,,,8681962206,
Equatorial Guinea,gq,2024,,,,7.823,,,,,,,,,
Equatorial Guinea,gq,2025,,,,,,,,,,,,,
Greece,gr,2010,4.712989078,2.96E+11,26653.0488,12.719,,1.180920638,-5.693741203,-10.20944995,51.07864738,37.95376023,20.43467912,2.91E+11,136.9281871
Greece,gr,2011,3.329853234,2.83E+11,25504.78665,17.973,,0.976658123,-9.876779039,-10.09762724,54.78412878,40.73965081,22.45927139,2.75E+11,116.1163449
Greece,gr,2012,1.501526962,2.39E+11,21624.34605,24.731,,-0.3345702,-8.331133959,-2.584185061,57.37626663,44.3396292,24.95438871,2.44E+11,170.2781783
Greece,gr,2013,-0.921269454,2.37E+11,21573.34498,27.686,,-1.960321679,-2.272116922,-2.092162261,61.35456123,43.76076281,24.73080469,2.39E+11,187.608118
Greece,gr,2014,-1.312260964,2.34E+11,21474.72571,26.708,,-1.923474536,0.792225038,-1.596634093,49.74787479,43.19429995,25.39872318,2.37E+11,190.5858678
Greece,gr,2015,-1.735888048,1.95E+11,17980.72982,24.981,,-0.174753666,-0.228301959,-0.828192198,52.2111641,43.8507858,25.39591076,1.96E+11,190.3015529
Greece,gr,2016,-0.825653978,1.93E+11,17919.24264,23.514,,-0.489960702,-0.031795213,-1.688816363,48.85519445,46.39371857,27.0349617,1.92E+11,194.7253679
Greece,gr,2017,1.12125452,2.00E+11,18631.99301,21.413,,0.203613277,1.473124985,-1.799568308,47.67038874,45.68367623,26.74281917,1.99E+11,198.4585986
Greece,gr,2018,0.625621413,2.13E+11,19873.40152,19.179,,-0.234800896,2.064672533,-2.929468372,48.0218614,45.66935216,27.10839198,2.10E+11,207.6619039
Greece,gr,2019,0.253007522,2.07E+11,19335.3602,17.045,,0.245015798,2.277180636,-1.501218406,46.92592604,44.01526364,25.93243597,2.03E+11,210.3813716
Greece,gr,2020,-1.247983556,1.91E+11,17886.73317,15.899,,-0.363959732,-9.196231471,-6.486642004,58.06988176,44.00155908,24.99171569,1.88E+11,249.3660272
Greece,gr,2021,1.22382501,2.18E+11,20654.7002,14.656,,1.392756453,8.654497853,-6.347952835,54.83257622,43.94971279,25.57773596,2.13E+11,233.448695
Greece,gr,2022,9.645259813,2.19E+11,20971.83493,12.426,,6.495824145,5.74364919,-10.3357101,50.59460313,45.0580295,27.66939718,2.15E+11,202.4803927
Greece,gr,2023,3.464801285,2.43E+11,23400.72788,11.066,,5.874562668,2.332123883,-6.163304182,47.19470128,43.23727542,26.63358261,2.39E+11,190.6081421
Greece,gr,2024,2.741490458,,,10.133,,,,,,,,,
Greece,gr,2025,,,,,,,,,,,,,
Grenada,gd,2010,3.436509059,771014814.8,6909.601696,,10.0470161,0.479792195,-0.511146187,-19.44829945,,,,731135629.6,
Grenada,gd,2011,3.033472803,778655555.6,6947.381361,,10.43803745,0.224507392,0.76477355,-18.66564956,,,,746883222.2,
Grenada,gd,2012,2.41077704,799881481.5,7092.719854,,5.580645485,3.926150009,-1.154838164,-14.98307075,,,,765599963,
Grenada,gd,2013,-0.043999786,842618518.5,7424.802123,,6.166845617,2.923098252,2.351098017,-17.06409799,,,,816932777.8,
Grenada,gd,2014,-0.983603056,911496296.3,7986.334212,,8.346067682,0.775212925,7.34212396,-9.082369007,,,,828796296.3,
Grenada,gd,2015,-0.515448031,997007407.4,8694.12438,,6.037649233,2.758392063,6.445223147,-10.6165101,,,,880607407.4,
Grenada,gd,2016,1.650389944,1061640741,9221.234611,,5.836425342,2.644245258,3.739603956,-8.849574675,,,,965140740.7,
Grenada,gd,2017,0.908458256,1125685185,9751.426612,,6.684312296,1.526173501,4.438675669,-11.46353067,,,,1005085185,
Grenada,gd,2018,0.804102313,1166514815,10083.02128,,8.599878241,-0.70365939,4.361440394,-12.75789363,,,,1053114815,
Grenada,gd,2019,0.598149765,1213485185,10462.79292,,4.106838563,3.327532948,0.676511739,-10.32821323,,,,1092085185,
Grenada,gd,2020,-0.740732597,1043411111,8968.558901,,7.154646579,-0.299985587,-13.75662226,-16.10600342,,,,972011111.1,
Grenada,gd,2021,1.219511939,1122800000,9622.240505,,3.653053914,2.790317773,4.687478169,-14.37205116,,,,1024000000,
Grenada,gd,2022,2.580539259,1224577778,10474.26529,,4.736474445,1.624941611,7.320740616,-12.12211722,,,,1143677778,
Grenada,gd,2023,2.696122698,1316733333,11246.34512,,2.992578803,3.82303341,3.566128618,-18.49070823,,,,1233833333,
Grenada,gd,2024,,,,,,,,,,,,,
Grenada,gd,2025,,,,,,,,,,,,,
Greenland,gl,2010,,2503167187,43988.52803,,,2.027604919,1.735825059,,,,,,
Greenland,gl,2011,,2684461375,47186.876,,,2.884045659,-0.496519392,,,,,,
Greenland,gl,2012,,2609678486,45936.95628,,,3.445331812,1.39419336,,,,,,
Greenland,gl,2013,,2684946990,47535.48838,,,1.067372531,-1.298280693,,,,,,
Greenland,gl,2014,,2842065708,50485.22441,,,0.990273554,4.742135673,,,,,,
Greenland,gl,2015,,2499113023,44536.35497,,,8.144380572,-2.529318024,,,,,,
Greenland,gl,2016,,2707139544,48181.74535,,,3.537782458,4.68195411,,,,,,
Greenland,gl,2017,,2851613679,50765.74947,,,3.266499642,0.052728183,,,,,,
Greenland,gl,2018,,3055782146,54545.13586,,,1.846720352,0.623065429,,,,,,
Greenland,gl,2019,,2997309972,53309.20359,,,0.744863,2.832177568,,,,,,
Greenland,gl,2020,,3082884653,54693.07668,,,0.703000441,0.187608794,,,,,,
Greenland,gl,2021,,3235809504,57116.29577,,,-0.416168295,1.290210488,,,,,,
Greenland,gl,2022,,,,,,,,,,,,,
Greenland,gl,2023,,,,,,,,,,,,,
Greenland,gl,2024,,,,,,,,,,,,,
Greenland,gl,2025,,,,,,,,,,,,,
Guatemala,gt,2010,3.859509098,40676578423,2805.259602,3.497,7.803198652,5.137572988,2.884175428,-1.885485505,12.85781092,11.25089521,10.60502184,39642878334,24.81695941
Guatemala,gt,2011,6.214123931,46876006272,3168.983706,3.172,6.113829832,6.894643403,4.163906883,-3.370242147,12.74531113,11.58863152,11.01784354,45572706218,24.56395978
Guatemala,gt,2012,3.781807547,49593929487,3286.619593,2.765,9.778618455,3.377750844,2.974708568,-3.724801703,13.17140048,11.65362877,11.00955226,48568929273,24.70074241
Guatemala,gt,2013,4.343371313,52996446269,3444.159718,3.017,9.906354068,3.358446346,3.694819199,-4.224398611,13.03309622,11.67480802,11.10229389,51760446244,25.20994956
Guatemala,gt,2014,3.418361697,57852153059,3689.144725,2.717,10.60955538,2.860311607,4.443977583,-3.300320263,13.28361103,12.27547791,10.77781592,56335052824,
Guatemala,gt,2015,2.388720328,62186064719,3893.505218,2.506,10.75584871,2.23162146,4.092170816,-1.244310093,12.73581077,11.66841342,10.35825157,60699664551,
Guatemala,gt,2016,4.448441999,66053403469,4060.137556,2.583,10.12049423,2.707191297,2.677802555,0.964776433,12.79606526,11.97848556,10.42151488,64628103062,
Guatemala,gt,2017,4.424536552,71653754066,4324.996079,2.462,11.11202392,1.747914109,3.079851491,1.196141125,12.89352552,11.88556605,10.63557397,70152653690,
Guatemala,gt,2018,3.751861867,73328365862,4352.946518,2.283,11.50541688,1.271612175,3.4068734,0.885829177,12.98245084,11.77837622,10.56094993,71826156761,
Guatemala,gt,2019,3.69998398,77172317259,4511.997552,2.193,8.859152325,3.565782872,4.017897934,2.3602906,13.12694888,11.71624993,10.43539133,75768261351,
Guatemala,gt,2020,3.214440622,77719464221,4477.617618,2.955,9.383973364,2.872322034,-1.785551945,5.041311349,14.998015,11.11868176,9.955089967,76315720435,
Guatemala,gt,2021,4.261051274,86478835636,4913.947129,2.174,8.744200525,3.166421252,8.033267715,2.186047171,13.27210135,12.65625453,11.555779,84342291465,
Guatemala,gt,2022,6.885128233,95630524813,5358.089638,3.051,5.274930979,6.315275909,4.200155889,1.251830566,13.99484664,12.89515804,11.82020351,93633153318,
Guatemala,gt,2023,6.206575923,1.04E+11,5762.821746,2.344,4.988067349,6.642278016,3.526792142,3.116749629,13.49022835,12.83982999,11.55880244,1.03E+11,
Guatemala,gt,2024,2.869194822,,,2.219,,,,,,,,,
Guatemala,gt,2025,,,,,,,,,,,,,
Guam,gu,2010,,4949000000,29719.79678,8.2,,0.237584678,2.263251936,,,,,,
Guam,gu,2011,,4984000000,29926.20524,13.3,,0.629070251,0.077654824,,,,,,
Guam,gu,2012,,5265000000,31653.75065,12.2,,3.430979133,2.13385063,,,,,,
Guam,gu,2013,,5399000000,32530.75931,11.5,,0.840493089,1.690408357,,,,,,
Guam,gu,2014,,5610000000,33900.14865,7.6,,2.07782277,1.793051924,,,,,,
Guam,gu,2015,,5799000000,35165.70146,6.9,,2.522468165,0.825688073,,,,,,
Guam,gu,2016,,5901000000,35930.65949,5.4,,1.574075771,0.181983621,,,,,,
Guam,gu,2017,,6013000000,36779.00789,5.418,,0.998991461,0.890099909,,,,,,
Guam,gu,2018,,6051000000,37195.95031,5.449,,1.472390793,-0.828231905,,,,,,
Guam,gu,2019,,6355000000,39274.94314,5.401,,2.438814964,2.523602033,,,,,,
Guam,gu,2020,,5916000000,36482.9364,6.248,,4.035390089,-10.51885957,,,,,,
Guam,gu,2021,,6234000000,38074.87937,5.991,,3.25017572,2.058183257,,,,,,
Guam,gu,2022,,6910000000,41833.15171,5.454,,5.46517905,5.099864262,,,,,,
Guam,gu,2023,,,,5.363,,,,,,,,,
Guam,gu,2024,,,,5.586,,,,,,,,,
Guam,gu,2025,,,,,,,,,,,,,
Guyana,gy,2010,3.733377577,3432912517,4581.761797,11.636,10.1656426,3.972252419,4.138441601,-7.176246319,,,,3445692394,
Guyana,gy,2011,4.977735637,3691384318,4947.221706,11.819,11.75877642,2.40931983,5.196251561,-10.08533626,,,,3682055317,
Guyana,gy,2012,2.391935213,4063088536,5444.397519,12.038,8.721191673,4.727615067,5.27633062,-9.024419099,,,,4087055581,
Guyana,gy,2013,1.901251819,4167800929,5556.912312,12.303,14.11241913,-0.536680528,3.653384333,-10.94173657,,,,4196300929,
Guyana,gy,2014,0.852630498,4127660152,5472.688205,12.639,15.26002232,-2.105403887,1.68649445,-9.331747022,,,,4154360152,
Guyana,gy,2015,-1.001734328,4279840194,5640.415606,13.004,9.542339621,3.004309517,0.687404591,-0.907095962,,,,4304540194,
Guyana,gy,2016,0.836008062,4482697337,5870.878238,13.257,11.99409599,0.898175927,3.807456264,3.372255537,,,,4436690887,
Guyana,gy,2017,1.904656155,4748174334,6178.665044,13.462,10.66604441,2.109007874,3.734491546,-2.560425525,,,,4665466504,
Guyana,gy,2018,1.282842884,4787636998,6048.386972,13.627,16.35987741,-2.887487925,4.440912885,-26.67731108,,,,4688671632,
Guyana,gy,2019,2.087230892,5173760192,6405.824434,13.172,7.301759348,2.961188463,5.352840035,-57.10700481,,,,5090626464,
Guyana,gy,2020,0.993337023,5471256595,6775.709391,15.334,48.52033122,-26.29609907,43.47965172,-11.6095975,,,,5365305654,
Guyana,gy,2021,5.032855746,8041363893,9860.872334,14.557,-11.06269277,22.41769331,20.06002806,-16.90761048,,,,6440066094,
Guyana,gy,2022,6.115055501,14718387017,17913.49101,12.013,-3.251618872,12.06044525,63.33458716,28.82077991,,,,8913522449,
Guyana,gy,2023,2.821103351,17159509565,20765.35036,12.025,24.37957422,-12.86752613,33.80261709,13.70697146,,,,10421587649,
Guyana,gy,2024,2.903952264,,,10.165,,,,,,,,,
Guyana,gy,2025,,,,,,,,,,,,,
"Hong Kong SAR, China",hk,2010,2.292890886,2.29E+11,32550.13649,4.329,4.716603382,0.270631981,6.767695702,7.003273063,,,,2.33E+11,
"Hong Kong SAR, China",hk,2011,5.30524893,2.49E+11,35142.48793,3.422,1.060783611,3.897868439,4.814711086,5.556417879,,,,2.55E+11,
"Hong Kong SAR, China",hk,2012,4.053909509,2.63E+11,36730.7962,3.285,1.405356718,3.544825834,1.700288999,1.579162534,,,,2.66E+11,
"Hong Kong SAR, China",hk,2013,4.337993421,2.76E+11,38403.77771,3.4,3.130773331,1.812481967,3.101508347,1.520032105,,,,2.81E+11,
"Hong Kong SAR, China",hk,2014,4.42364532,2.91E+11,40315.37395,3.296,2.090160304,2.850264596,2.762422858,1.392010987,,,,2.97E+11,
"Hong Kong SAR, China",hk,2015,2.990848193,3.09E+11,42432.16197,3.314,1.308743214,3.643571787,2.387777134,3.317562788,,,,3.15E+11,
"Hong Kong SAR, China",hk,2016,2.409307439,3.21E+11,43734.19807,3.392,3.307542281,1.638271207,2.175431356,3.954409376,,,,3.29E+11,
"Hong Kong SAR, China",hk,2017,1.493872439,3.41E+11,46160.42979,3.124,2.060071061,2.880586804,3.796104066,4.577291822,,,,3.56E+11,
"Hong Kong SAR, China",hk,2018,2.40613432,3.62E+11,48537.56689,2.805,1.333319667,3.659553454,2.846927701,3.736035658,,,,3.79E+11,
"Hong Kong SAR, China",hk,2019,2.883208538,3.63E+11,48359.0012,2.917,2.99794473,2.044916471,-1.672391239,5.85365355,,,,3.81E+11,
"Hong Kong SAR, China",hk,2020,0.250962021,3.45E+11,46109.22999,5.808,4.334042986,0.638293116,-6.544767573,6.994121895,,,,3.65E+11,
"Hong Kong SAR, China",hk,2021,1.568758344,3.69E+11,49770.56424,5.174,4.287055146,0.68363696,6.454408241,11.83305684,,,,3.95E+11,
"Hong Kong SAR, China",hk,2022,1.881367072,3.59E+11,48826.05277,4.318,3.3585866,1.688858298,-3.683571131,10.18316853,,,,3.82E+11,
"Hong Kong SAR, China",hk,2023,2.096605112,3.81E+11,50531.73854,2.949,2.912190925,2.777749052,3.276526256,8.491844807,,,,4.15E+11,
"Hong Kong SAR, China",hk,2024,1.729721191,,,2.793,,,,,,,,,
"Hong Kong SAR, China",hk,2025,,,,,,,,,,,,,
Honduras,hn,2010,4.69889065,15839344592,1893.327227,4.119,13.55479289,4.676043295,3.731140344,-5.076429076,22.74800692,20.55492071,14.4250984,15110478378,
Honduras,hn,2011,6.762279573,17710275685,2073.661211,4.474,9.971806992,7.807205237,3.835690662,-7.953918119,22.50415237,20.89513057,14.78797879,16768716966,
Honduras,hn,2012,5.196186155,18528554398,2126.034747,3.755,14.35696298,3.579787426,4.128687749,-8.531405029,23.49926829,21.18690682,14.74747232,17246974067,
Honduras,hn,2013,5.161898986,18499729215,2081.128435,5.646,18.45328242,1.374030519,2.791559757,-9.527293886,23.89384039,22.33794308,15.06324191,17196025367,
Honduras,hn,2014,6.129249303,19756533972,2179.88172,7.078,12.88062187,6.849356725,3.058080562,-6.945166366,24.24191773,23.11343354,16.54263824,18168820190,
Honduras,hn,2015,3.15783118,20979791685,2271.20266,6.147,12.83497683,6.932770369,3.840079971,-4.670901416,21.97608747,23.36315517,17.34447206,19549522845,
Honduras,hn,2016,2.724612233,21717604952,2307.344684,6.727,15.09853656,3.678068144,3.892972197,-3.143414009,,,,20198525791,
Honduras,hn,2017,3.934360844,23136247991,2413.007656,5.528,14.10912758,4.512842976,4.842913911,-1.245895113,,,,21719792887,
Honduras,hn,2018,4.347349378,24067750760,2464.642415,5.648,15.55407811,1.947216915,3.84499477,-6.572346508,,,,22173255705,
Honduras,hn,2019,4.365871598,24882225742,2502.327443,5.698,13.52611851,3.358740885,2.559634346,-2.656008564,,,,22895236636,
Honduras,hn,2020,3.46841178,23352232484,2307.614943,10.982,13.15950051,3.401982283,-8.965082233,2.851352573,24.39244929,22.20991261,15.06613155,21695036275,
Honduras,hn,2021,4.480879634,28144331507,2735.147515,8.506,10.85992656,4.605728089,12.56528438,-5.463561649,,,,25771440694,
Honduras,hn,2022,9.089639115,31426041807,3003.289968,8.774,4.843586541,9.31239503,4.14356194,-6.697897989,,,,28961571884,
Honduras,hn,2023,6.663251803,34400509852,3231.657245,6.07,7.74172345,6.17858774,3.582603626,-4.037073018,,,,31872841684,
Honduras,hn,2024,4.606210981,,,6.061,,,,,,,,,
Honduras,hn,2025,,,,,,,,,,,,,
Croatia,hr,2010,1.030555053,58981738869,13731.28652,11.62,9.370335825,0.920113149,-1.334081524,-2.518143756,41.14473764,34.69062149,20.27868687,56943854316,65.34250814
Croatia,hr,2011,2.272727273,62903737380,14694.99932,13.678,7.883223416,1.66934505,-0.097751453,-1.66224276,42.01752378,34.4717408,19.64392207,60863146671,71.91698126
Croatia,hr,2012,3.412073491,57551963753,13508.6837,15.935,7.957066768,1.411456064,-2.253745581,-0.361322794,40.22750349,34.71811899,20.12800573,55633820701,76.32614757
Croatia,hr,2013,2.216582064,59852401272,14136.39677,17.251,8.451835241,0.732888866,-0.125449826,-0.858964119,40.27700178,35.22309935,20.59687138,58734779236,87.12950874
Croatia,hr,2014,-0.21519616,59612144078,14187.96945,17.29,8.442771615,0.12654452,-0.557150197,0.393612117,42.12847352,36.53186143,20.38099902,58743509683,93.12920963
Croatia,hr,2015,-0.464499005,51005200670,12285.30326,16.175,,0.124372158,2.323175158,2.815691328,41.53413447,37.79571867,21.41364828,50921927823,95.5735482
Croatia,hr,2016,-1.125,52654855638,12821.17381,13.103,,0.01511307,3.461129474,2.462588775,40.08563416,38.60590949,21.90213454,51687937115,93.22074978
Croatia,hr,2017,1.129372103,56186190438,13902.63105,11.208,,1.231638976,3.280958121,4.050339961,39.04594516,38.66412541,22.01662148,56015572345,86.85815409
Croatia,hr,2018,1.50012501,61668130123,15460.41833,8.432,,2.025597566,2.904681493,1.218793623,38.29356115,37.87779515,21.78686401,61012800387,83.6696721
Croatia,hr,2019,0.771820346,61467582194,15563.81674,6.617,,1.988381833,3.100439114,2.639404149,38.46827259,39.07676393,21.97301939,61266599944,81.50395296
Croatia,hr,2020,0.154811375,57963370885,14808.46202,7.507,,0.803359808,-8.311642579,-0.794716422,44.89398943,39.20400969,20.87391385,58907901172,98.50467116
Croatia,hr,2021,2.554506996,69006802299,17789.93047,7.608,,2.08111753,12.63170033,0.807872378,40.65824406,38.96166542,21.07085031,68667460258,91.17070842
Croatia,hr,2022,10.78058068,71198635102,18466.09555,6.96,,8.012806698,7.287936432,-3.680782629,37.8374255,38.25626707,21.67521678,70919879052,83.07676946
Croatia,hr,2023,7.941281776,84393795502,21865.45628,6.086,,11.74033063,3.302544881,0.753574362,38.68092282,35.59172361,21.49228168,84099779090,75.55964396
Croatia,hr,2024,,,,5.236,,,,,,,,,
Croatia,hr,2025,,,,,,,,,,,,,
Haiti,ht,2010,4.827341901,11859312725,1209.727335,15.252,9.393317859,7.393823467,-5.651511534,-0.858601856,,,,11881595333,
Haiti,ht,2011,6.332794838,13008746039,1312.039536,14.485,6.987364203,4.320730613,5.098213544,-2.487741446,,,,13046543752,
Haiti,ht,2012,5.018041554,13708925477,1361.393966,14.1,0.671275932,8.207793791,0.502424404,-3.145018335,,,,13763468551,
Haiti,ht,2013,4.765024048,14902488604,1457.832212,13.642,0.597120821,8.077148842,4.324784115,-3.763383894,,,,14934015430,
Haiti,ht,2014,3.4381666,15146883498,1460.188986,13.755,8.36864816,2.218986039,2.888772509,-4.955821028,,,,15195978881,
Haiti,ht,2015,6.731840697,14849629309,1411.126847,13.724,7.335487261,5.205963298,1.400000009,-1.823452841,,,,14890262234,
Haiti,ht,2016,11.50290739,14069277526,1318.402682,13.852,-2.135389703,15.70321453,1.812468078,-1.69084789,,,,14117174028,
Haiti,ht,2017,10.68008872,15093357161,1395.239452,13.881,-0.905881386,13.7798774,2.510271345,-2.152529383,,,,15151864668,
Haiti,ht,2018,12.48141112,16403864618,1496.38049,13.878,6.163884496,6.535758876,1.667810955,-2.89019633,,,,16454143147,
Haiti,ht,2019,18.70378257,15016090930,1352.172042,14.057,-4.740152627,19.8003879,-1.723096998,-1.122652603,,,,15065747026,
Haiti,ht,2020,22.79631136,14508222518,1290.325387,15.546,-3.413247764,18.68518613,-3.30550547,0.355302484,,,,14536821917,
Haiti,ht,2021,16.84152402,20877414953,1835.443941,15.28,-4.718161778,18.96023641,-1.798239889,0.419859714,,,,20900827153,
Haiti,ht,2022,33.98393195,20253551921,1760.626357,14.635,-13.11914161,30.20129186,-1.681983969,-2.428975239,,,,20277253098,
Haiti,ht,2023,36.81351628,19850829758,1705.779055,14.556,-13.15302126,31.51196314,-1.863884203,-3.43849434,,,,19855138997,
Haiti,ht,2024,,,,15.058,,,,,,,,,
Haiti,ht,2025,,,,,,,,,,,,,
Hungary,hu,2010,4.855557957,1.32E+11,13217.5046,11.172,4.929511313,2.532570453,1.076254043,-0.187824311,43.5272422,37.97649511,22.58762595,1.26E+11,81.28171515
Hungary,hu,2011,3.929920989,1.42E+11,14234.47158,11.029,6.270716359,1.928720703,1.866837475,0.428149464,44.98183172,37.27717324,21.0415078,1.35E+11,90.5625449
Hungary,hu,2012,5.652145171,1.29E+11,12984.83657,11.003,5.937038459,2.892761678,-1.250226023,1.07616344,44.59972953,40.34002778,22.86779799,1.23E+11,94.14751321
Hungary,hu,2013,1.73319985,1.36E+11,13715.07036,10.177,3.387825758,2.82053189,1.802522101,2.990247158,46.9322912,40.14429672,22.86798623,1.32E+11,94.73319021
Hungary,hu,2014,-0.227566271,1.41E+11,14294.25842,7.725,0.727927851,3.692726095,4.232209806,0.747980299,45.02151291,40.06131142,23.01842233,1.35E+11,98.67133092
Hungary,hu,2015,-0.06164468,1.25E+11,12717.0386,6.813,0.123325583,2.775741908,3.707315979,2.119744655,43.26979194,40.22121673,23.23512801,1.19E+11,96.39735356
Hungary,hu,2016,0.394769307,1.29E+11,13104.69955,5.115,0.758582251,1.320471995,2.201001893,4.415133605,43.51684023,40.61100415,23.06745669,1.25E+11,96.77762377
Hungary,hu,2017,2.348242812,1.43E+11,14621.2396,4.156,-2.449840292,4.029705051,4.271976016,1.722224814,42.08182411,39.74727363,22.88129752,1.37E+11,91.98722477
Hungary,hu,2018,2.850247926,1.61E+11,16425.20503,3.708,-3.220353563,4.847425392,5.362348362,0.342221041,39.85114074,38.43601368,22.5345388,1.54E+11,86.52965159
Hungary,hu,2019,3.338586354,1.64E+11,16786.21364,3.419,-2.855934221,4.785025181,4.864225735,-0.610126818,39.54605564,38.08212342,22.36405626,1.60E+11,83.36830159
Hungary,hu,2020,3.326743858,1.57E+11,16131.95404,4.25,-4.165625787,6.389476606,-4.487046048,-0.856486462,44.42728248,38.01016909,22.85602069,1.54E+11,95.93720225
Hungary,hu,2021,5.110965344,1.82E+11,18755.10235,4.045,-3.264501158,6.439248105,7.06122061,-3.878003474,42.53878052,35.97447201,21.48315359,1.76E+11,86.92368625
Hungary,hu,2022,14.60814395,1.77E+11,18353.29836,3.609,-3.130410331,14.23134116,4.583407673,-8.320570534,42.41695588,37.94364595,23.4281197,1.72E+11,75.52595348
Hungary,hu,2023,17.12496597,2.12E+11,22141.86698,4.107,0.481988652,14.74900514,-0.907685956,0.787522464,,,,2.05E+11,
Hungary,hu,2024,3.703703704,,,4.434,,,,,,,,,
Hungary,hu,2025,,,,,,,,,,,,,
Indonesia,id,2010,5.134204008,7.55E+11,3065.683484,5.614,-1.746097536,15.26429366,6.223854181,0.681277287,,,,7.35E+11,
Indonesia,id,2011,5.35604779,8.93E+11,3579.464425,5.153,4.594376749,7.465943034,6.169784208,0.188703954,,,,8.68E+11,
Indonesia,id,2012,4.279499996,9.18E+11,3632.27254,4.468,7.750188565,3.753878753,6.030050653,-2.660273595,,,,8.92E+11,
Indonesia,id,2013,6.412513302,9.13E+11,3566.602845,4.336,6.374931242,4.965990291,5.557263689,-3.189964829,,,,8.85E+11,
Indonesia,id,2014,6.394925408,8.91E+11,3441.068085,4.049,6.792118581,5.443174549,5.006668426,-3.088169075,,,,8.61E+11,
Indonesia,id,2015,6.363121131,8.61E+11,3288.222697,4.514,8.349910635,3.98024266,4.8763223,-2.035041927,,,,8.32E+11,
Indonesia,id,2016,3.525805157,9.32E+11,3521.469435,4.301,9.224432344,2.438924087,5.033069183,-1.819150893,,,,9.02E+11,
Indonesia,id,2017,3.80879807,1.02E+12,3798.883262,3.783,6.501563996,4.292678122,5.069785901,-1.5946569,,,,9.83E+11,
Indonesia,id,2018,3.198346416,1.04E+12,3860.953531,4.387,6.471249839,3.818323569,5.17429154,-2.939072915,,,,1.01E+12,
Indonesia,id,2019,3.03058665,1.12E+12,4106.948562,3.59,8.62940479,1.5984885,5.01928768,-2.705661981,,,,1.09E+12,
Indonesia,id,2020,1.920968006,1.06E+12,3853.702888,4.255,9.98592672,-0.401651435,-2.065511829,-0.418606248,,,,1.03E+12,
Indonesia,id,2021,1.560129905,1.19E+12,4287.17314,3.827,2.75322395,6.003973221,3.702885628,0.295885915,,,,1.15E+12,
Indonesia,id,2022,4.209463834,1.32E+12,4730.745489,3.462,-0.95529661,9.566686845,5.307419348,1.001847675,,,,1.28E+12,
Indonesia,id,2023,3.670131424,1.37E+12,4876.314327,3.308,7.281955254,1.533073673,5.048105771,-0.148899138,,,,1.34E+12,
Indonesia,id,2024,,,,3.3,,,,,,,,,
Indonesia,id,2025,,,,,,,,,,,,,
Isle of Man,im,2010,,5920369790,70587.31403,,,5.206787843,3.399998424,,,,,5981932356,
Isle of Man,im,2011,,6565667053,77808.85796,,,4.85475953,1.999999382,,,,,6691838863,
Isle of Man,im,2012,,6690228372,79329.20343,,,-3.683684217,7.303890305,,,,,6817825533,
Isle of Man,im,2013,,7001175623,83207.65884,,,1.535662175,4.141862742,,,,,7202019507,
Isle of Man,im,2014,,7708454412,91885.45287,,,-0.522056398,5.15509985,,,,,7655177464,
Isle of Man,im,2015,,7084800892,84753.51874,,,-0.627042047,-0.385867274,,,,,6826496268,
Isle of Man,im,2016,,6846377563,82025.94545,,,2.236786066,6.952303657,,,,,6105448845,
Isle of Man,im,2017,,6979788334,83481.30385,,,3.999997098,2.837757415,,,,,6365336426,
Isle of Man,im,2018,,7491649456,89393.82442,,,1.299987186,2.21339675,,,,,7111610979,
Isle of Man,im,2019,,7314967866,87127.5518,,,1.800003425,0.254878786,,,,,6961139582,
Isle of Man,im,2020,,6684225641,79513.53303,,,-0.205802426,-8.8368174,,,,,6534625641,
Isle of Man,im,2021,,7931193222,94299.96935,,,6.514916898,3.837836666,,,,,6828337219,
Isle of Man,im,2022,,,,,,,,,,,,,
Isle of Man,im,2023,,,,,,,,,,,,,
Isle of Man,im,2024,,,,,,,,,,,,,
Isle of Man,im,2025,,,,,,,,,,,,,
India,in,2010,11.98938992,1.68E+12,1347.519391,7.652,-1.983859221,10.52603086,8.497584702,-3.253483689,16.50513595,13.18359654,10.38803979,1.66E+12,51.5919103
India,in,2011,8.911793365,1.82E+12,1445.461275,7.616,1.317980862,8.733578906,5.241316199,-3.429284686,14.4898394,11.49599601,10.1773872,1.81E+12,51.55655366
India,in,2012,9.478996914,1.83E+12,1429.321995,7.666,2.473520489,7.934387478,5.456387552,-5.004889718,16.1667124,12.59987278,10.83677172,1.81E+12,50.67803056
India,in,2013,10.01787847,1.86E+12,1432.843975,7.711,3.865992863,6.186504001,6.386106401,-2.645667117,16.63868255,12.60899341,11.00162569,1.83E+12,50.31182736
India,in,2014,6.665656719,2.04E+12,1553.883961,7.674,6.69517609,3.331756917,7.410227605,-1.339508965,14.80313764,11.55062064,9.984654191,2.02E+12,49.90092487
India,in,2015,4.906973441,2.10E+12,1583.998159,7.631,7.556488414,2.279588108,7.996253786,-1.067549072,15.12569036,12.41520954,10.56970905,2.08E+12,49.96471839
India,in,2016,4.948216341,2.29E+12,1707.508929,7.601,6.232711415,3.237974951,8.256305502,-0.527880606,15.27195003,12.85101699,11.14773842,2.27E+12,47.63375559
India,in,2017,3.328173375,2.65E+12,1950.104683,7.618,5.327608862,3.969257934,6.795383419,-1.439488203,15.61410992,12.7267619,11.38744398,2.62E+12,47.58360938
India,in,2018,3.938826467,2.70E+12,1966.254552,7.652,5.36166639,3.884240272,6.453851345,-2.426975458,15.66313192,13.18853295,12.01742775,2.67E+12,46.52249867
India,in,2019,3.729505735,2.84E+12,2041.428637,6.51,6.894875427,2.405517161,3.871436941,-1.049612039,,,,2.81E+12,
India,in,2020,6.623436776,2.67E+12,1907.042516,7.859,4.135999578,4.814857919,-5.777724707,1.22362111,,,,2.64E+12,
India,in,2021,5.131407472,3.17E+12,2239.613844,6.38,0.316945144,8.354907715,9.689592492,-1.055241668,,,,3.13E+12,
India,in,2022,6.699034141,3.35E+12,2352.613925,4.822,1.704610929,6.747513083,6.987039326,-2.357287533,13.30424147,9.090114774,6.719656056,3.31E+12,
India,in,2023,5.649143189,3.57E+12,2480.792087,4.172,,1.334050656,8.152936311,-0.895916593,,,,3.52E+12,
India,in,2024,4.95303551,,,4.202,,,,,,,,,
India,in,2025,,,,,,,,,,,,,
Ireland,ie,2010,-0.918388645,2.22E+11,48679.40268,14.534,,-2.858303186,1.682972351,1.044960169,62.33949264,30.94444021,21.83289692,1.87E+11,82.46531369
Ireland,ie,2011,2.548978302,2.41E+11,52692.78131,15.354,,1.864537613,1.6487739,1.172225656,44.40371845,31.60119162,21.64641693,1.95E+11,110.5693723
Ireland,ie,2012,1.694741167,2.27E+11,49411.73875,15.451,,2.435150977,-0.398959965,-3.391799434,39.92280717,32.06959925,22.30656444,1.82E+11,128.7850456
Ireland,ie,2013,0.515099485,2.43E+11,52619.21237,13.735,,1.339413945,2.192175744,2.396193736,37.57031175,31.97423675,22.44218984,2.01E+11,129.1086322
Ireland,ie,2014,0.190916399,2.67E+11,57278.25909,11.858,,0.260925717,9.336033729,2.074632679,34.35529974,31.63402502,22.46044268,2.20E+11,117.75744
Ireland,ie,2015,-0.330959783,3.02E+11,64311.82347,9.908,,8.908450599,24.61556998,6.166118367,26.56324075,25.05267428,18.11123059,2.25E+11,85.45792331
Ireland,ie,2016,0.020124774,3.06E+11,64292.65997,8.374,,0.119373686,1.22263861,-1.190436086,25.71407561,25.66057965,18.63085827,2.43E+11,83.48852464
Ireland,ie,2017,0.362173038,3.49E+11,72499.32687,6.713,,1.499937219,10.04962854,1.647766821,23.73609542,23.97226338,17.61287233,2.68E+11,73.98502273
Ireland,ie,2018,0.471130714,3.95E+11,81248.31354,5.741,,0.924337097,7.544341908,4.536842814,23.07307995,23.87545076,17.64041147,3.00E+11,73.35366747
Ireland,ie,2019,0.937842961,4.07E+11,82508.46599,4.95,,3.39169553,5.040550288,-20.56196144,22.00318263,23.35581694,17.35666999,3.10E+11,68.21015319
Ireland,ie,2020,-0.326183651,4.37E+11,87567.1149,5.623,,-1.92433939,7.157898831,-6.712762626,25.09442648,21.12041473,15.90519831,3.24E+11,70.00477901
Ireland,ie,2021,2.340341134,5.31E+11,105561.1375,6.364,,1.098103052,16.25561324,12.25627994,22.22114143,21.40865622,16.5930206,3.83E+11,62.16656855
Ireland,ie,2022,7.829457364,5.49E+11,106194.7559,4.501,,6.762875657,8.619503552,8.827774231,19.23471366,21.56109681,16.785703,3.83E+11,45.40025889
Ireland,ie,2023,6.299424874,5.51E+11,103887.8004,4.288,,3.621871537,-5.530007361,8.114688501,,,,4.20E+11,
Ireland,ie,2024,2.113449996,,,4.369,,,,,,,,,
Ireland,ie,2025,,,,,,,,,,,,,
"Iran, Islamic Rep.",ir,2010,10.08936293,4.87E+11,6291.194437,13.679,-3.350481528,15.88262598,5.797938296,,,,,4.87E+11,
"Iran, Islamic Rep.",ir,2011,26.29338567,6.29E+11,8025.687434,12.491,-16.79755009,33.40953315,2.64571792,,,,,6.30E+11,
"Iran, Islamic Rep.",ir,2012,27.25681272,6.44E+11,8114.080998,12.275,-6.686527474,18.95388414,-3.747171399,,,,,6.48E+11,
"Iran, Islamic Rep.",ir,2013,36.60303552,5.00E+11,6222.741948,10.595,-18.84519306,36.77563189,-1.521979205,,,,,5.04E+11,
"Iran, Islamic Rep.",ir,2014,16.60655324,4.62E+11,5672.063729,10.68,3.86413889,9.758768733,4.984775067,,,,,4.65E+11,
"Iran, Islamic Rep.",ir,2015,12.48468156,4.09E+11,4952.733555,11.166,13.98544676,0.197001679,-1.424884939,,,,,4.09E+11,
"Iran, Islamic Rep.",ir,2016,7.24542549,4.59E+11,5477.037124,12.618,7.861272686,9.399784613,8.815086643,,,,,4.60E+11,
"Iran, Islamic Rep.",ir,2017,8.044924377,4.89E+11,5753.115447,12.232,,13.03533117,2.758505246,,,,,4.90E+11,
"Iran, Islamic Rep.",ir,2018,18.01411834,3.99E+11,4631.78709,12.195,,31.6411843,-1.838007571,,,,,4.01E+11,
"Iran, Islamic Rep.",ir,2019,39.90734557,3.34E+11,3831.278948,10.74,,30.53486623,-3.070587985,,,,,3.34E+11,
"Iran, Islamic Rep.",ir,2020,30.59413904,2.62E+11,2988.781224,9.687,,44.26498363,3.330288459,,,,,2.62E+11,
"Iran, Islamic Rep.",ir,2021,43.38901627,3.83E+11,4334.792686,9.282,,56.31965464,4.719777732,,,,,3.83E+11,
"Iran, Islamic Rep.",ir,2022,43.48846417,3.94E+11,4405.092915,9.085,,50.58524806,3.776631402,,,,,3.94E+11,
"Iran, Islamic Rep.",ir,2023,44.57918576,4.05E+11,4465.63767,9.041,,30.49314012,5.044890511,,,,,4.04E+11,
"Iran, Islamic Rep.",ir,2024,,,,9.192,,,,,,,,,
"Iran, Islamic Rep.",ir,2025,,,,,,,,,,,,,
Iraq,iq,2010,2.877747253,1.39E+11,4461.751962,8.267,-1.922094573,16.58674075,6.402564845,4.684127574,,,,1.40E+11,
Iraq,iq,2011,5.801455371,1.86E+11,5775.542291,8.191,-8.467921829,24.68943742,7.5464712,14.06516673,,,,1.86E+11,
Iraq,iq,2012,6.089096416,2.18E+11,6477.596185,7.965,10.90655086,2.669769383,13.93643017,13.55076352,,,,2.19E+11,
Iraq,iq,2013,1.879498007,2.35E+11,6650.352822,9.205,13.58787276,-0.011332865,7.628285923,6.858439215,,,,2.34E+11,
Iraq,iq,2014,2.235974079,2.28E+11,6249.39227,10.59,18.28905906,-4.80663704,2.263688176,6.94151192,25.70901416,39.16943642,0.914773293,2.27E+11,
Iraq,iq,2015,1.393330288,1.67E+11,4440.141893,10.842,57.62593122,-28.76013539,2.606766429,-1.656021013,27.03093015,30.59581162,1.321196149,1.65E+11,27.39189089
Iraq,iq,2016,0.556521397,1.67E+11,4334.420964,10.82,26.39970828,-11.10417092,13.78737302,1.294166941,26.56002375,27.58450699,2.077805236,1.65E+11,29.47606783
Iraq,iq,2017,0.184058899,1.87E+11,4759.284644,13.02,,14.65035979,-1.819750351,7.954621373,25.97498339,34.56372568,2.687030207,1.86E+11,35.86300616
Iraq,iq,2018,0.367441489,2.27E+11,5646.689321,13.49,,18.2039921,2.633850991,15.11627857,24.48342043,39.0612218,1.984007163,2.26E+11,27.43824837
Iraq,iq,2019,-0.19896538,2.34E+11,5671.856863,14.109,,-2.674440036,5.513790575,6.746645809,27.61213528,38.60382951,1.344593618,2.32E+11,
Iraq,iq,2020,0.574162679,1.81E+11,4295.189451,15.778,,-11.22019639,-12.03679309,-3.485982266,,,,1.79E+11,
Iraq,iq,2021,6.041864891,2.10E+11,4868.494311,16.173,,38.89983315,1.50218071,11.71480379,,,,2.08E+11,
Iraq,iq,2022,4.994765964,2.87E+11,6504.124284,15.511,,26.99383376,7.639811402,20.2377306,,,,2.86E+11,
Iraq,iq,2023,4.358353511,2.51E+11,5565.126446,15.447,,-18.18941272,-2.93555774,11.31170136,,,,2.52E+11,
Iraq,iq,2024,,,,15.524,,,,,,,,,
Iraq,iq,2025,,,,,,,,,,,,,
Iceland,is,2010,5.396731132,13751161918,43237.07295,7.564,3.655369094,6.368854465,-2.832774915,-6.144910977,37.96215176,31.85728561,20.22643799,11655447395,150.6338125
Iceland,is,2011,4.001026643,15221622926,47714.59223,7.028,4.463192565,3.096669582,1.845779156,-4.703541064,38.45445824,33.136931,20.58217743,13450225651,156.9159182
Iceland,is,2012,5.185899888,14751508134,45995.54788,6,4.72101403,3.4408803,1.063636607,-3.51560114,37.06907142,34.10911549,21.50330708,13461900236,152.7396245
Iceland,is,2013,3.872279237,16125060515,49804.983,5.376,5.901739895,2.124541839,4.55246032,6.261570557,34.65980353,33.64522023,21.6567855,16010321394,140.9545802
Iceland,is,2014,2.044614815,17867662178,54576.74481,4.897,3.457644457,4.141651945,1.687215018,4.346448863,34.33424356,35.20372157,24.49195998,17641035407,135.7965219
Iceland,is,2015,1.633055582,17517210519,52951.68151,3.979,1.466679258,6.054520348,4.436663719,5.627625908,32.21064469,32.36346226,22.68944412,17486094485,117.3708396
Iceland,is,2016,1.69692762,20793168031,61987.92636,2.978,5.843688141,2.260860867,6.303687107,8.271719875,35.48875659,47.96776549,37.61284979,21200175323,103.3624232
Iceland,is,2017,1.760415592,24728285177,72010.14903,2.742,6.260183009,0.936992856,4.194948829,4.256747895,31.45025466,33.78679392,23.9232132,24848957647,90.4444869
Iceland,is,2018,2.682917683,26260850582,74452.18907,2.704,4.212530388,2.631612151,4.889172995,4.281027343,30.86474435,33.01485652,22.97836107,26701147668,81.96219674
Iceland,is,2019,3.013971792,24681343649,68452.23622,3.507,2.386847746,4.456775802,1.861177943,6.542638196,31.07069713,30.43043294,21.93201342,25374511608,90.11418947
Iceland,is,2020,2.847924015,21629953194,59023.56635,5.478,1.675536616,4.01588812,-6.940453095,1.127129348,37.03409741,29.46666626,22.40161375,22327335577,100.3162621
Iceland,is,2021,4.444239702,25825287184,69325.90783,6.029,-0.909890205,6.372026146,5.254209753,-2.793958045,35.21714953,28.83187822,21.39009804,25842739235,95.82170483
Iceland,is,2022,8.308755116,28770206627,75314.08556,3.789,-1.182799754,8.885194567,8.992507613,-2.426694978,33.01462295,31.08872967,22.46848163,28515019178,86.29097568
Iceland,is,2023,8.736302999,31325116556,79636.95486,3.518,5.517036903,5.699492127,5.03717944,0.927701017,32.43522094,31.82539165,23.43609825,31871436145,81.05788123
Iceland,is,2024,5.8568385,,,3.107,,,,,,,,,
Iceland,is,2025,,,,,,,,,,,,,
Israel,il,2010,2.691370063,2.39E+11,31338.55689,8.48,,1.223355177,5.633119564,3.45172219,36.67976028,31.32737652,22.03413078,2.35E+11,
Israel,il,2011,3.484949198,2.67E+11,34433.82261,7.139,,1.466999759,5.562822781,1.700783432,36.2007855,31.31241055,22.25175014,2.64E+11,
Israel,il,2012,1.679207194,2.63E+11,33236.57312,6.762,,3.329470366,2.540804593,0.373766851,36.34265636,30.60071698,21.65976216,2.56E+11,
Israel,il,2013,1.570255392,2.98E+11,36929.60422,6.137,2.66834635,1.703885277,4.230599674,2.930073764,36.26747153,31.28778386,22.56572953,2.92E+11,
Israel,il,2014,0.479786761,3.14E+11,38230.4954,5.789,3.2277007,0.658477267,3.885324239,4.177079263,34.97663502,31.62757279,22.8722554,3.12E+11,
Israel,il,2015,-0.601291007,3.03E+11,36123.99079,5.176,1.099231716,2.334512383,2.313510735,5.330853084,34.54254925,31.87575734,23.11980164,3.00E+11,
Israel,il,2016,-0.551552353,3.21E+11,37556.62729,4.723,3.030457747,0.378235723,4.367283642,3.969261653,34.58254046,31.64672712,23.12438328,3.18E+11,
Israel,il,2017,0.259414975,3.57E+11,40997.91102,4.14,3.455645341,0.040273259,4.273421788,3.696640056,35.66679737,33.06315503,24.31082657,3.55E+11,
Israel,il,2018,0.79407566,3.75E+11,42233.26103,3.917,2.805753572,0.653516851,4.074476006,2.905640757,35.92912375,31.47386053,22.78888691,3.75E+11,
Israel,il,2019,0.849783128,4.00E+11,44140.82894,3.731,1.601439229,1.901665382,3.785141452,3.343691826,35.33842196,30.83123659,22.27141975,3.98E+11,
Israel,il,2020,-0.614412358,4.12E+11,44679.77158,4.169,2.3142605,0.971284968,-1.464605643,4.053495797,41.69934603,30.31815355,21.98741452,4.08E+11,
Israel,il,2021,1.510200477,4.90E+11,52255.61591,4.812,1.009646234,2.070202117,9.343907746,3.258817686,38.20229942,32.6931125,24.57144336,4.82E+11,
Israel,il,2022,4.393596659,5.25E+11,54930.72616,3.695,-1.687856846,4.725798006,6.470371502,3.257921232,35.25791719,33.25421614,25.01032278,5.20E+11,
Israel,il,2023,4.225352113,5.14E+11,52642.42675,3.596,,4.266089441,2.42300691,3.622195854,37.33250687,30.27896361,22.07492617,5.07E+11,
Israel,il,2024,3.070526147,,,3.15,,,,,,,,,
Israel,il,2025,,,,,,,,,,,,,
Italy,it,2010,1.525516021,2.14E+12,36184.71187,8.363,3.413420208,0.597839678,1.529105757,-3.244122153,42.69299192,38.68302792,23.73795594,2.13E+12,
Italy,it,2011,2.780632729,2.31E+12,38851.38813,8.359,2.82160351,1.728783734,0.695463129,-2.741638087,41.82815319,38.36771467,23.69077803,2.29E+12,
Italy,it,2012,3.041363332,2.10E+12,35235.79891,10.655,3.461197426,1.702379847,-3.125238795,-0.215238993,43.498907,39.75409372,24.91073389,2.08E+12,
Italy,it,2013,1.219993423,2.15E+12,35747.70795,12.149,3.973647986,1.125783988,-1.818025061,1.038255998,43.7480536,40.20525508,25.1831183,2.14E+12,
Italy,it,2014,0.24104743,2.17E+12,35750.71975,12.683,3.928657805,0.902550731,-0.00138764,1.709795525,43.56982493,39.93310718,24.96939397,2.16E+12,
Italy,it,2015,0.0387904,1.85E+12,30387.12932,11.896,3.320481576,0.782776475,0.885667638,1.233266525,43.52935171,39.81824562,24.83914743,1.82E+12,
Italy,it,2016,-0.094016657,1.89E+12,31126.32469,11.688,2.220281914,1.24817182,1.236221107,2.46140246,43.20140221,39.88927632,25.08310523,1.88E+12,
Italy,it,2017,1.226533166,1.97E+12,32554.14668,11.211,2.274864132,0.709821721,1.603699946,2.479683096,42.94657531,39.42417654,24.69720429,1.97E+12,
Italy,it,2018,1.137487636,2.10E+12,34746.34414,10.61,1.59237084,1.070581531,0.826646697,2.571446696,42.50273549,39.29040643,24.24358642,2.12E+12,
Italy,it,2019,0.611246944,2.02E+12,33812.78872,9.951,1.539375726,1.047006904,0.429162534,3.233881964,42.29483077,40.08598795,24.66161453,2.03E+12,
Italy,it,2020,-0.137707574,1.91E+12,32091.48666,9.164,0.739269304,1.577402775,-8.86822121,3.93695456,50.34449156,40.59504007,24.84581098,1.92E+12,
Italy,it,2021,1.873783258,2.18E+12,36852.54254,9.497,0.733185623,1.283321912,8.931062066,2.365511662,49.65271781,40.33487193,24.87691501,2.18E+12,
Italy,it,2022,8.201289912,2.10E+12,35635.74422,8.069,-1.251162981,3.560161402,4.661762651,-1.55888512,48.39491393,39.627854,24.61895264,2.09E+12,
Italy,it,2023,5.622194422,2.30E+12,39003.3161,7.627,-0.875338875,5.81875394,0.697632994,-0.010754812,47.60490289,39.34160946,24.87756822,2.25E+12,
Italy,it,2024,0.982373023,,,6.778,,,,,,,,,
Italy,it,2025,,,,,,,,,,,,,
Jamaica,jm,2010,12.610552,13220549908,4809.97738,7.63,9.693284432,9.810235168,-1.457147209,-7.06479945,28.90174567,27.41556102,24.27817173,12725932639,136.2243349
Jamaica,jm,2011,7.555856466,14444661522,5232.636449,8.034,12.96180044,5.796188472,1.730376267,-14.28340924,28.20107591,25.96512319,23.3643683,13926261521,133.9784598
Jamaica,jm,2012,6.873977087,14807086556,5340.833332,8.695,10.37456239,6.571903614,-0.61363604,-9.726347028,27.5103722,26.22866828,24.33289303,14607486110,137.9346699
Jamaica,jm,2013,9.341500766,14264205153,5124.213014,9.698,8.578676322,8.415815657,0.517686013,-9.512238584,25.01598585,27.72016516,24.0092922,13930605101,135.885095
Jamaica,jm,2014,8.274078862,13899217722,4975.11327,9.046,9.620375908,6.929945891,0.689822357,-8.017387248,25.68046185,26.70180535,24.05323043,13600817722,132.4138905
Jamaica,jm,2015,3.691542289,14188936958,5062.895565,8.825,9.677050802,6.655407824,0.921487125,-3.031241504,25.78646954,27.46533101,24.81530926,13748936958,124.6483008
Jamaica,jm,2016,2.351021975,14077096714,5009.794501,8.634,11.2974879,4.664111756,1.375223064,-0.308749954,26.20144034,28.38654053,26.02668425,13482096714,122.6557478
Jamaica,jm,2017,4.37839865,14808985171,5259.313341,7.399,7.841678201,6.549827352,0.997123062,-2.684068647,26.66160077,29.59188235,26.22100376,14387985171,102.4636034
Jamaica,jm,2018,3.736638822,15730792836,5578.103461,5.47,8.668017564,4.99324115,1.889923681,-1.492781656,26.55779472,31.02650935,26.78106657,15134792836,
Jamaica,jm,2019,3.905100009,15830766571,5607.243007,4.987,9.513194465,3.182503095,0.892291654,-1.911686162,25.78993782,30.78795608,27.45394175,15389266571,92.24644845
Jamaica,jm,2020,5.226777793,13812421803,4879.440246,6.501,8.309335384,3.464192043,-9.920322449,-1.13600321,29.82962049,29.25379581,25.7094657,13358021803,106.282373
Jamaica,jm,2021,5.862782428,14657586127,5165.33781,5.188,3.786210143,7.425960713,4.601424504,1.018326893,,,,14238986127,
Jamaica,jm,2022,10.34956884,17097760724,6022.153411,4.083,-1.234776194,12.79780039,5.221519847,-0.797768636,,,,16744360724,
Jamaica,jm,2023,6.474137347,19423355409,6839.725039,4.4,-0.031236104,11.68655319,2.200061472,2.929113195,,,,19134255409,
Jamaica,jm,2024,5.41194448,,,4.885,,,,,,,,,
Jamaica,jm,2025,,,,,,,,,,,,,
Jordan,jo,2010,4.845518759,27133804225,3718.465716,12.5,0.875955637,8.077456097,2.314834221,-6.93580743,26.24033085,22.11731004,15.49909081,26919156338,59.77108436
Jordan,jo,2011,4.162441629,29524149155,3946.855039,12.9,2.646406244,5.910510958,2.737179886,-10.01220116,28.84771449,20.03086907,14.60823722,29259642113,60.42177199
Jordan,jo,2012,4.515229567,31634561690,4169.504701,12.2,3.9901971,4.606815226,2.429358001,-14.89269037,28.87464124,21.04579967,14.92128052,31246533521,65.35061394
Jordan,jo,2013,4.824623143,34454440141,4311.219167,12.6,2.700469426,6.143623889,2.609947375,-10.16958408,26.23999993,20.92863805,14.930515,34115848592,73.72381225
Jordan,jo,2014,2.89947905,36847643521,4191.180501,11.9,5.360006858,3.445323563,3.384078099,-7.077869627,27.48775927,23.05305368,15.43164403,36430961831,77.71399175
Jordan,jo,2015,-0.87685136,38587017887,4042.756781,13.075,6.172976266,2.169752117,2.496528793,-8.992114246,25.71469824,21.57187603,14.95102562,38153862958,78.86144967
Jordan,jo,2016,-0.778430463,39892551127,3986.71677,15.275,6.662253029,1.362006642,1.994180849,-9.655514318,25.85784018,22.00876832,15.02063044,39586916901,74.07186077
Jordan,jo,2017,3.323894476,41608435915,4065.616287,18.12,6.49396019,1.78355011,2.473598154,-10.55751509,25.55887443,22.73848212,14.70212424,41401816901,75.38050205
Jordan,jo,2018,4.462311085,43370860704,4145.439897,18.257,6.246631014,2.273046806,1.919070913,-6.831223811,26.29207354,23.43431006,14.72884805,43171142394,
Jordan,jo,2019,0.761514047,44503006338,4170.1144,16.801,7.755163184,0.844355657,1.751240779,-1.736613173,26.24826628,22.04598648,14.81400157,44510471127,79.34485325
Jordan,jo,2020,0.333294351,43700383099,4022.040136,19.213,8.247864681,-0.70858797,-1.102751883,-5.732228086,28.16522187,20.10489353,15.98110204,43576298592,75.96607269
Jordan,jo,2021,1.346093772,46296100141,4183.499983,19.837,4.708471174,2.203606005,3.65564191,-8.030062192,,,,46064410000,
Jordan,jo,2022,4.229155689,48764963380,4332.251599,18.2,4.631108018,2.616072186,2.647436164,-7.823384164,28.79636165,23.45773305,17.4675168,48259188732,100.9082831
Jordan,jo,2023,2.084869863,50967475352,4455.505405,17.969,7.038072697,1.790364587,2.678271538,-3.748316985,28.50450816,23.30152141,17.08960623,50463109155,103.091444
Jordan,jo,2024,,,,17.996,,,,,,,,,
Jordan,jo,2025,,,,,,,,,,,,,
Japan,jp,2010,-0.728243208,5.76E+12,44968.15623,5.102,3.545761915,-1.88074195,4.097917919,3.835478963,17.22174681,,,5.91E+12,160.4980984
Japan,jp,2011,-0.272455616,6.23E+12,48760.07895,4.55,3.174489687,-1.62208025,0.023809524,2.079153288,18.59567887,,,6.41E+12,175.5676412
Japan,jp,2012,-0.04406451,6.27E+12,49145.28043,4.358,2.180076528,-0.75609312,1.374750999,0.958442611,18.11170475,,,6.45E+12,183.7062093
Japan,jp,2013,0.335037912,5.21E+12,40898.6479,4.038,1.664021933,-0.354375054,2.005100177,0.889785416,18.14065091,,,5.39E+12,186.5642973
Japan,jp,2014,2.759226714,4.90E+12,38475.39525,3.589,-0.459381592,1.686294786,0.296205514,0.74232205,17.57416477,,,5.08E+12,192.1128503
Japan,jp,2015,0.795279631,4.44E+12,34960.63938,3.385,-0.94844123,2.111298993,1.560626697,3.070279659,16.97385083,,,4.62E+12,194.5840612
Japan,jp,2016,-0.127258844,5.00E+12,39375.47316,3.132,0.62219276,0.419944376,0.753826746,3.938091284,16.71124463,,,5.18E+12,193.2304378
Japan,jp,2017,0.484199796,4.93E+12,38834.05293,2.822,1.069144407,-0.074349504,1.675331752,4.120369663,16.19534853,,,5.11E+12,193.4891597
Japan,jp,2018,0.989094598,5.04E+12,39751.1331,2.467,,-0.000237506,0.643391023,3.516618175,16.07131918,,,5.23E+12,197.3356094
Japan,jp,2019,0.468776159,5.12E+12,40415.95676,2.351,,0.634803166,-0.402169201,3.450766114,16.42389787,,,5.32E+12,198.0103092
Japan,jp,2020,-0.024995834,5.06E+12,40040.76551,2.809,,0.941449701,-4.147118899,2.967586623,23.59880787,,,5.24E+12,215.7555406
Japan,jp,2021,-0.233352779,5.03E+12,40058.53733,2.828,,-0.190060625,2.559320239,3.903473089,21.63809057,,,5.28E+12,216.3293649
Japan,jp,2022,2.497702782,4.26E+12,34017.27181,2.6,,0.333979877,0.954736938,2.118019483,20.96095818,,,4.52E+12,216.2133755
Japan,jp,2023,3.268133659,4.20E+12,33766.52683,2.6,,3.793017835,1.679019523,3.786066768,,,,4.45E+12,
Japan,jp,2024,2.738536816,,,2.563,,,,,,,,,
Japan,jp,2025,,,,,,,,,,,,,
Kazakhstan,kz,2010,7.400463563,1.48E+11,8793.0759,5.77,,19.54228539,7.300000003,1.808971403,16.46783199,21.411552,15.71238046,1.29E+11,9.522963251
Kazakhstan,kz,2011,8.452904662,1.93E+11,11287.14649,5.39,,20.54295827,7.400000001,7.303014036,15.20707592,24.00306652,18.25783421,1.65E+11,8.801310072
Kazakhstan,kz,2012,5.19568369,2.08E+11,12018.79665,5.29,,4.785569811,4.799999995,1.263759024,15.79604355,22.52402723,13.31209815,1.80E+11,10.49811385
Kazakhstan,kz,2013,5.942838716,2.37E+11,13478.45963,5.2,,9.499081444,5.999999997,1.913168328,14.60898154,20.53231613,16.03017776,2.11E+11,10.84063915
Kazakhstan,kz,2014,6.84944977,2.21E+11,12427.70946,5.06,,5.771239525,4.200000006,-1.28837366,15.30891499,19.45438738,14.19343274,1.99E+11,12.64696963
Kazakhstan,kz,2015,6.678285856,1.84E+11,10196.12263,4.93,,1.823549876,1.200000001,-5.412231277,15.48714271,13.66643674,9.835711552,1.73E+11,19.30791606
Kazakhstan,kz,2016,14.36109424,1.37E+11,7475.566887,4.96,,13.63843362,1.099999999,-5.073315467,16.3309403,13.747856,9.924250197,1.24E+11,16.76942527
Kazakhstan,kz,2017,7.442663213,1.67E+11,8943.084168,4.9,,11.21110565,4.100000003,-2.054297216,19.02613921,16.16730161,10.30301138,1.49E+11,16.93035826
Kazakhstan,kz,2018,6.163662476,1.79E+11,9472.485273,4.85,,9.205605998,4.099999993,-0.984581634,14.70504331,16.00368309,11.71779959,1.57E+11,21.99223694
Kazakhstan,kz,2019,5.333560989,1.82E+11,9457.126147,4.8,,7.633286237,4.500000001,-3.868422084,16.06421255,14.93851668,11.78694274,1.59E+11,18.48304695
Kazakhstan,kz,2020,6.718154549,1.71E+11,8781.507978,4.89,,4.210858293,-2.499999996,-6.461820578,16.83286427,11.84215599,8.318809314,1.56E+11,23.7157605
Kazakhstan,kz,2021,8.04147134,1.97E+11,9983.601036,5.546,,13.93007506,4.299999997,-1.359356717,17.11651935,12.33818235,9.447111363,1.73E+11,22.41204058
Kazakhstan,kz,2022,15.02786444,2.25E+11,11255.33964,4.86,,19.76900648,3.2,2.853901063,16.1647367,16.88776058,12.06169211,2.00E+11,21.35478301
Kazakhstan,kz,2023,14.72499002,2.63E+11,12918.86613,4.821,,9.857619324,5.1,-3.419529787,17.39252282,16.4861706,11.85617216,2.36E+11,20.82208957
Kazakhstan,kz,2024,4.856555893,,,4.794,,,,,,,,,
Kazakhstan,kz,2025,,,,,,,,,,,,,
Kenya,ke,2010,3.961388891,45405615064,1091.518731,2.796,12.52695849,1.639199648,8.058473603,-5.216693897,,,,39852484980,
Kenya,ke,2011,14.0224913,46869473151,1096.144998,2.704,4.526185832,10.06501297,5.12110612,-8.148809352,,,,41961926465,
Kenya,ke,2012,9.377770035,56396704672,1285.005362,2.682,9.313511345,9.522972212,4.568679614,-7.475871662,,,,50187341471,
Kenya,ke,2013,5.71749357,61671440408,1370.878852,2.764,9.29394636,7.337562234,3.797848393,-7.851522286,,,,54496773151,
Kenya,ke,2014,6.878154993,68285796514,1482.815663,2.768,8.249078992,7.635031901,5.020111002,-9.340048506,20.53749523,19.56210588,15.18702127,60579831276,
Kenya,ke,2015,6.582154293,70120446897,1489.119598,2.762,6.268805783,9.238654684,4.967721128,-6.304596563,20.71507115,19.35154294,14.83948265,63195136106,
Kenya,ke,2016,6.297249538,74815144164,1554.126103,2.757,10.11812871,5.849628946,4.213517068,-5.397008638,22.19097977,19.06577553,14.96647273,73804818195,
Kenya,ke,2017,8.005649677,82036510877,1667.484472,3.541,5.656747616,7.581934028,3.837958174,-6.996833221,25.12850909,21.1458722,15.05246413,80475458830,
Kenya,ke,2018,4.689806468,92202979985,1836.452755,4.284,8.487960475,4.215028415,5.647946407,-5.411066791,23.63517816,18.67893421,14.36127892,90812279975,
Kenya,ke,2019,5.239637958,1.00E+11,1960.408089,5.014,7.831100748,4.275234239,5.114158858,-5.238529359,18.79831984,19.09780507,15.10010935,98773632629,
Kenya,ke,2020,5.405162079,1.01E+11,1927.66459,5.619,6.714634409,4.948852833,-0.272766327,-3.706144384,19.99414618,17.6588131,14.29982263,99981709857,
Kenya,ke,2021,6.107936037,1.10E+11,2061.356221,5.693,7.427581005,4.330747559,7.590489473,-5.10159026,23.59100697,17.34523835,13.55464432,1.08E+11,
Kenya,ke,2022,7.659862683,1.14E+11,2109.562885,5.707,5.02892163,6.957054456,4.859981043,-5.145885483,25.06293347,17.88260949,14.59934963,1.13E+11,
Kenya,ke,2023,7.67139634,1.08E+11,1952.304579,5.567,7.050093845,6.107802092,5.555873013,-3.995862696,27.70605929,18.54606462,13.99311977,1.06E+11,
Kenya,ke,2024,4.489788542,,,5.434,,,,,,,,,
Kenya,ke,2025,,,,,,,,,,,,,
Kyrgyz Republic,kg,2010,7.967722256,4794361863,876.9544764,2.887,12.43804433,10.03390354,-0.471566597,-9.898338594,,,,4489261605,
Kyrgyz Republic,kg,2011,16.63632627,6197765984,1117.401844,2.999,1.058988802,22.48184224,5.956274297,-7.697302619,,,,5538865999,
Kyrgyz Republic,kg,2012,2.768442365,6605142884,1168.622447,3.114,13.19759191,8.656316809,-0.0881502,-15.52523259,,,,6435842810,
Kyrgyz Republic,kg,2013,6.613752024,7335033801,1269.663035,3.153,17.59058869,3.175188136,10.91546945,-13.77541899,,,,6912033443,
Kyrgyz Republic,kg,2014,7.534247298,7468102413,1264.526795,3.262,10.80871833,8.415225436,4.024038631,-17.42441566,25.99766555,29.44860667,17.54865309,7159302171,53.88932702
Kyrgyz Republic,kg,2015,6.50331839,6678177512,1105.65203,3.338,19.53336065,3.427287503,3.875825445,-15.75924784,27.24194835,30.06601324,16.80166806,6417477544,72.45655758
Kyrgyz Republic,kg,2016,0.388838297,6813095379,1103.274984,3.474,17.42687928,6.050564271,4.335855922,-11.62823331,27.03509659,28.13084677,16.94917318,6455295205,60.47351087
Kyrgyz Republic,kg,2017,3.175309864,7702938379,1221.390565,3.57,12.68917742,6.327145863,4.739937224,-6.952696226,26.04976986,27.97023502,17.04628506,7331338207,60.91822868
Kyrgyz Republic,kg,2018,1.542661452,8271106235,1283.520403,3.67,15.53033705,3.447445116,3.757910136,-11.62755604,25.48525288,28.00423825,17.99885701,8020105524,51.65678584
Kyrgyz Republic,kg,2019,1.133622577,9371275264,1421.999275,4.295,8.364750007,9.811311947,4.600625657,-11.38407989,23.21229996,25.811342,15.96383387,8591968638,51.33253784
Kyrgyz Republic,kg,2020,6.325422963,8270468614,1229.517757,4.63,11.10267685,5.340185535,-7.148977577,4.525221279,25.7763,24.62947374,14.03632819,8014044231,67.95622229
Kyrgyz Republic,kg,2021,11.90503982,9249133946,1349.997307,4.096,0.543018693,15.99279792,5.507007627,-7.975837423,23.4050916,27.31194965,16.49126028,8626877845,56.36236946
Kyrgyz Republic,kg,2022,13.92290932,12134931018,1739.720308,4.043,-0.829301475,19.65728424,8.9675052,-42.68363396,23.83194582,29.87914901,19.54197945,11864509827,47.08548054
Kyrgyz Republic,kg,2023,10.75327704,13987627909,1970.15781,3.991,5.017049423,13.41574141,6.151391837,,25.72715996,33.28254532,21.28116652,13793509246,44.00042298
Kyrgyz Republic,kg,2024,,,,3.289,,,,,,,,,
Kyrgyz Republic,kg,2025,,,,,,,,,,,,,
Cambodia,kh,2010,3.996395281,13808673288,952.2746163,0.771,,6.264998869,5.076918432,-7.104069188,8.656624524,9.338819163,8.143934511,13409374659,
Cambodia,kh,2011,5.478447496,16032622024,1088.981528,0.577,,4.950767232,7.286658139,-6.398661727,8.843504609,9.244171823,8.125935343,15499707261,
Cambodia,kh,2012,2.934316093,17826536700,1192.80263,0.496,,2.638436085,7.650256579,-6.802614563,8.336023979,9.963652047,8.737433282,17147398898,
Cambodia,kh,2013,2.941625095,19807135253,1305.660097,0.438,,2.869045247,7.857499755,-6.541607549,9.119181338,10.5671123,9.286384255,18982047189,
Cambodia,kh,2014,3.855688614,22041463968,1431.563965,0.692,,3.299369121,8.000320746,-6.55176399,9.436420075,12.56323688,11.08378845,21110279793,
Cambodia,kh,2015,1.223931955,24174170369,1547.320104,0.393,,3.069359341,7.207034725,-6.612213487,8.993961641,12.37852831,10.88849293,23177973371,
Cambodia,kh,2016,3.019139751,26556545153,1675.195557,0.716,,1.580074806,7.905501161,-6.527739234,9.790821369,13.08954136,11.17487652,25507606313,
Cambodia,kh,2017,2.912635574,29355665910,1826.353917,0.141,,2.076507092,8.075039155,-6.156642051,10.79896738,14.02021699,11.92783662,28215504536,
Cambodia,kh,2018,2.459085154,33145892169,2036.673776,0.13,,3.816580945,8.776223762,-8.735823045,10.76406768,14.76677334,12.64107231,31820166407,
Cambodia,kh,2019,1.942575008,36685356408,2225.877055,0.119,,2.792557411,7.936950136,-7.999919234,11.65009181,16.83104261,14.57064596,35040667434,
Cambodia,kh,2020,2.940295143,34818073901,2081.739142,0.172,,-0.824281403,-3.555721934,-1.000061508,12.93758045,14.82193767,13.29020846,33712316727,
Cambodia,kh,2021,2.920734776,36790163687,2167.403242,0.396,,2.645734035,3.089842841,-29.60824887,13.5193066,13.29850037,11.99276989,35300301362,
Cambodia,kh,2022,5.343702649,39994532960,2325.0305,0.231,,3.515024831,5.103368887,-18.95759205,,,,38444130462,
Cambodia,kh,2023,2.127467966,42335646896,2429.748535,0.225,,1.063096072,4.960066589,1.30468362,,,,41383539143,
Cambodia,kh,2024,,,,0.27,,,,,,,,,
Cambodia,kh,2025,,,,,,,,,,,,,
Kiribati,ki,2010,-3.899550407,165458478.2,1522.101102,,,-0.858149905,1.225962861,0.11760534,,,,237948086.4,
Kiribati,ki,2011,1.497409799,195970104.4,1771.128945,,,1.998625995,3.263744917,-8.828921621,59.28390663,50.67596128,16.34639112,267122979.1,
Kiribati,ki,2012,-3.045862928,207001557.8,1843.553469,,,-0.542030496,5.803641006,1.748772384,62.16226186,62.358541,16.83340464,304752720,
Kiribati,ki,2013,-1.488059085,201730847.8,1772.087069,,,-2.979246138,7.730912864,-5.022221167,60.20232621,70.63102098,16.55291909,321103831.6,
Kiribati,ki,2014,2.103985209,200287275.6,1736.705301,,,5.004309369,1.263670229,27.98298667,55.24596038,87.00063385,15.91910371,358705793.1,
Kiribati,ki,2015,0.572015744,191559398.2,1639.852743,,,3.139247079,11.2653381,29.36321227,58.73477741,107.6362236,19.73063793,372670569.4,
Kiribati,ki,2016,1.917310902,206467834,1742.668124,,,1.716631147,7.088029601,9.308788004,61.39683195,79.93388494,21.52440124,346110095.1,
Kiribati,ki,2017,0.355520889,222875724.7,1853.05113,,,0.917037424,3.749130019,31.63247647,64.4148088,83.66767518,18.45946547,393942612.9,
Kiribati,ki,2018,0.564030491,233514703.7,1912.737981,,,3.86213659,3.4794388,32.94665432,61.71142121,95.47152859,17.91328135,403822028.3,
Kiribati,ki,2019,-1.813079953,216985362.3,1750.997509,,,-3.286226355,3.264259304,40.01111682,70.07808812,102.9774907,22.29898826,411922551.9,
Kiribati,ki,2020,2.553245544,223123620.6,1769.432118,,,4.458032629,-0.562016449,31.94577644,75.21412153,88.15144328,21.31084174,379762256.8,
Kiribati,ki,2021,2.053616768,289339292.2,2253.825001,,,9.47162129,8.522661217,6.999035125,82.93039299,74.60243304,21.53511479,450862098.6,
Kiribati,ki,2022,5.345954409,270841698.4,2075.908441,,,-2.437457963,3.905352807,-12.00816471,81.64182122,65.93176588,20.19502599,412934906.3,
Kiribati,ki,2023,9.283073745,279208903.3,2106.760004,,,3.368445895,4.124590543,-1.832603657,87.41200463,83.80453935,18.3135702,466251742.7,
Kiribati,ki,2024,,,,,,,,,,,,,
Kiribati,ki,2025,,,,,,,,,,,,,
St. Kitts and Nevis,kn,2010,0.85087865,778718518.5,16622.94579,,7.938364301,0.628549213,-0.054194207,-15.32872836,25.21426465,24.15228313,16.31176643,749534037,104.8779096
St. Kitts and Nevis,kn,2011,5.835165196,836092592.6,17832.45729,,3.582667814,5.659653515,1.616607304,-7.814625986,26.35362909,28.79257409,18.07517171,806446925.9,103.0095905
St. Kitts and Nevis,kn,2012,0.816089282,824585185.2,17532.0559,,9.438159083,-0.643441223,-0.737636737,-3.128915423,24.54477672,28.95364496,17.92183548,800808000,96.95559608
St. Kitts and Nevis,kn,2013,1.10698554,874548148.1,18580.13019,,8.435968493,0.313904255,5.727280872,-2.864591109,23.74051362,34.41972321,17.8401562,859948148.1,67.12884537
St. Kitts and Nevis,kn,2014,0.247865392,952111111.1,20219.39542,,7.984643631,1.200956466,7.576966023,0.698262924,24.19263236,34.58941144,18.47317851,893511111.1,57.66639437
St. Kitts and Nevis,kn,2015,-2.30187563,957222222.2,20328.80035,,9.467940947,-0.156232299,0.694135528,-8.107186148,24.71619269,34.30489456,19.63513252,894222222.2,
St. Kitts and Nevis,kn,2016,-0.687037123,1006818519,21387.54155,,7.933369209,1.201325225,3.932703193,-12.0811606,25.84525513,28.13188592,18.35411141,950218518.5,
St. Kitts and Nevis,kn,2017,0.694916712,1056977778,22464.98996,,4.14506836,4.750519365,0.220941147,-10.25328165,22.92490119,26.29930199,17.41267906,1011577778,
St. Kitts and Nevis,kn,2018,-1.037122141,1076548148,22901.38164,,9.020360359,-0.148999867,2.003525498,-5.845801533,,,,1032848148,
St. Kitts and Nevis,kn,2019,-0.329562064,1107855556,23595.49232,,8.44236757,0.074745245,2.831267379,-4.785116358,,,,1091755556,
St. Kitts and Nevis,kn,2020,-1.167245018,883922222.2,18859.01904,,14.20616583,-5.74014002,-15.35445176,-10.83804139,26.74946262,28.45901474,15.04238265,860622222.2,
St. Kitts and Nevis,kn,2021,1.19568887,858622222.2,18361.14497,,10.83081582,-3.325967194,0.479678357,-3.352113679,,,,827422222.2,
St. Kitts and Nevis,kn,2022,2.668175331,981429629.6,21011.57442,,3.509972626,3.420103591,10.52284928,-11.37985414,,,,953229629.6,
St. Kitts and Nevis,kn,2023,3.557112308,1055499778,22573.67248,,1.448588007,5.144667457,2.284948091,-11.59511962,,,,1027699778,
St. Kitts and Nevis,kn,2024,,,,,,,,,,,,,
St. Kitts and Nevis,kn,2025,,,,,,,,,,,,,
"Korea, Rep.",kr,2010,2.939286527,1.14E+12,23079.26013,3.324,2.700250556,2.737496837,6.804824918,2.443925715,17.62712549,20.09507571,13.43693029,1.15E+12,
"Korea, Rep.",kr,2011,4.025965004,1.25E+12,25097.59543,2.992,4.418990751,1.281863806,3.685667782,1.327562347,18.13577497,20.69234203,13.85096763,1.26E+12,
"Korea, Rep.",kr,2012,2.187071044,1.28E+12,25459.1689,2.812,4.092791268,1.25180817,2.402530992,3.817591818,24.63344155,26.65220343,14.0775915,1.29E+12,32.40902058
"Korea, Rep.",kr,2013,1.301347545,1.37E+12,27179.51701,2.747,3.588241715,1.018543805,3.164708636,5.636731533,24.03260993,26.11512973,13.63062344,1.38E+12,34.9298593
"Korea, Rep.",kr,2014,1.274774464,1.48E+12,29252.93124,3.082,3.326270741,0.906896751,3.202453795,5.593145284,23.61889445,24.98844436,13.24116166,1.49E+12,36.50026402
"Korea, Rep.",kr,2015,0.706331772,1.47E+12,28737.43917,3.546,0.337001849,3.185595967,2.809103268,7.170246124,23.48942943,24.81399026,13.15814434,1.47E+12,37.49295711
"Korea, Rep.",kr,2016,0.97168574,1.50E+12,29280.44032,3.65,1.354559423,1.986038505,2.946881715,6.529640423,23.50454887,25.75718742,13.98195298,1.51E+12,38.06551416
"Korea, Rep.",kr,2017,1.944332308,1.62E+12,31600.73587,3.653,1.2266202,2.222781382,3.15963574,4.63508697,23.96287327,26.18468005,14.49381853,1.63E+12,37.34863514
"Korea, Rep.",kr,2018,1.47583935,1.73E+12,33447.15628,3.824,3.164269211,0.482948983,2.907403774,4.489839455,24.9180358,27.44892328,15.53638373,1.73E+12,37.55564318
"Korea, Rep.",kr,2019,0.383000304,1.65E+12,31902.4169,3.746,4.321429493,-0.839325308,2.24397786,3.61361701,27.51245135,27.88016163,15.19956653,1.67E+12,39.96948014
"Korea, Rep.",kr,2020,0.537288023,1.64E+12,31721.29891,3.931,1.218859926,1.563746857,-0.709415359,4.616043768,29.72592853,27.90250205,14.86125767,1.66E+12,46.43159664
"Korea, Rep.",kr,2021,2.498333333,1.82E+12,35125.5225,3.639,0.117975152,2.762931941,4.304734819,4.686905806,30.49121438,29.93376681,16.73473394,1.84E+12,48.95527864
"Korea, Rep.",kr,2022,5.089513651,1.67E+12,32394.68337,2.857,2.978979865,1.275522574,2.612672192,1.543004076,33.64303226,32.00416444,18.44457967,1.70E+12,51.17913232
"Korea, Rep.",kr,2023,3.59745625,1.71E+12,33121.37129,2.675,3.06189297,2.064073962,1.356733243,1.91626792,30.50537982,29.46038997,15.72427913,1.74E+12,52.2965549
"Korea, Rep.",kr,2024,2.321743286,,,2.604,,,,,,,,,
"Korea, Rep.",kr,2025,,,,,,,,,,,,,
Kuwait,kw,2010,4.496402878,1.15E+11,39212.27267,1.82,-5.113880201,11.10335058,-2.370497135,32.04853702,,,,1.25E+11,
Kuwait,kw,2011,4.839403499,1.54E+11,49169.6064,2.053,-10.26588621,17.22753724,9.628576961,42.94089812,,,,1.63E+11,
Kuwait,kw,2012,3.255146003,1.74E+11,52155.22255,2.231,-2.32907656,7.487252059,6.625875037,45.46000067,,,,1.83E+11,
Kuwait,kw,2013,2.682296841,1.74E+11,49651.04397,2.471,4.328630682,0.223023776,1.149464448,39.89983646,,,,1.87E+11,
Kuwait,kw,2014,2.908926729,1.63E+11,44368.78137,2.9,11.82558148,-6.757963055,0.500915351,33.17907585,,,,1.78E+11,
Kuwait,kw,2015,3.271701661,1.15E+11,29882.21269,2.2,40.85973759,-25.95833147,0.592771759,7.491556309,,,,1.27E+11,
Kuwait,kw,2016,3.198397767,1.09E+11,27323.68906,2.16,12.14487177,-6.837841374,2.926073901,0.586532844,,,,1.22E+11,
Kuwait,kw,2017,2.171832985,1.21E+11,29047.65358,2.227,-9.925022605,16.23087384,-4.71222158,6.42748124,,,,1.39E+11,
Kuwait,kw,2018,0.543133148,1.39E+11,32067.96237,2.204,-5.815110842,11.29917011,2.743330539,17.34565755,,,,1.57E+11,
Kuwait,kw,2019,1.091848027,1.41E+11,31707.87375,2.251,4.926987765,-0.110446099,2.263816906,21.47922656,,,,1.61E+11,
Kuwait,kw,2020,2.101729548,1.11E+11,25236.07555,3.557,24.65676664,-16.45867999,-4.817428606,19.83845887,,,,1.27E+11,
Kuwait,kw,2021,3.423629476,1.48E+11,34043.54215,3.002,-19.46861685,28.77708368,2.260806098,23.53731496,,,,1.73E+11,
Kuwait,kw,2022,3.98064962,1.84E+11,40077.23805,2.174,-12.55289539,18.82929168,5.859208873,34.29244617,,,,2.10E+11,
Kuwait,kw,2023,3.64216403,1.64E+11,33729.79855,2.127,13.26000172,-7.356710163,-3.640425903,31.39561724,,,,1.96E+11,
Kuwait,kw,2024,2.898550725,,,2.144,,,,,,,,,
Kuwait,kw,2025,,,,,,,,,,,,,
Lao PDR,la,2010,5.982545216,7131771015,1125.916102,0.708,12.28603495,9.196571111,8.526905517,0.410966616,11.02709834,14.50461025,13.02713909,6679601954,
Lao PDR,la,2011,7.568988561,8750104617,1361.547044,1.055,,10.4687176,8.03865268,-2.357982035,10.74317449,14.49149028,13.14641218,8157259575,
Lao PDR,la,2012,4.255126778,10192846339,1563.565077,1.399,,7.528859305,8.026098435,-7.313004116,10.98499613,15.22824564,13.60534126,9584409924,
Lao PDR,la,2013,6.371427178,11983252627,1812.517744,1.757,,6.473972083,8.026300227,-7.810922321,16.81336733,15.63294906,13.73883384,11338527583,
Lao PDR,la,2014,4.129243069,13279245886,1981.039109,2.119,,5.726559182,7.61196344,-14.49227154,15.48607596,16.09266436,13.83018194,12693401481,
Lao PDR,la,2015,1.277354271,14426380126,2121.013391,2.494,,2.348496007,7.270065844,-15.71848893,14.89228329,15.8072954,13.50614062,13784824956,
Lao PDR,la,2016,1.596912276,15912501723,2303.22156,2.881,,3.022306443,7.022836255,-8.702240689,13.86772428,14.69659063,12.94311134,15228408813,
Lao PDR,la,2017,0.825478608,17071155481,2432.430595,3.268,,1.852096761,6.892530873,-7.37970658,12.33553489,14.62140398,12.23932049,16170183137,
Lao PDR,la,2018,2.040392669,18141641090,2545.107542,2.9,,1.919889194,6.247960008,-9.089236034,12.31026418,14.32219609,11.72064624,17355911536,
Lao PDR,la,2019,3.322558813,18740561513,2589.32081,2.537,,1.197423921,5.457735092,-7.041243436,12.44785552,13.96087431,11.46555609,17656111400,
Lao PDR,la,2020,5.10407263,18981805250,2583.777307,2.361,,5.034504125,0.503031829,-1.603786192,11.44771037,11.22013478,9.401877473,17853654980,
Lao PDR,la,2021,3.755620367,18827148531,2526.05105,2.066,,3.713448367,2.528351005,2.292627809,10.76279303,12.82086491,10.39102166,17754927768,
Lao PDR,la,2022,22.95622251,15468785204,2046.404403,1.209,,15.77394592,2.707426526,-2.965678056,10.31602416,13.91398853,12.11293278,14311266176,
Lao PDR,la,2023,31.23013417,15843155731,2066.949798,1.188,,24.42172021,3.745681402,2.553295928,,,,14685693869,
Lao PDR,la,2024,23.13056959,,,1.218,,,,,,,,,
Lao PDR,la,2025,,,,,,,,,,,,,
Lebanon,lb,2010,3.983479419,38443907042,7625.810516,6.775,7.713429522,0.578606723,7.975135558,-19.64433796,25.84334288,20.07475219,16.84447669,37934237042,
Lebanon,lb,2011,4.971485717,39927125962,7834.962571,7.349,4.431035601,2.965080621,0.867339879,-13.83406905,26.39701348,21.86023302,16.37733291,39687755962,
Lebanon,lb,2012,6.581474477,44016799516,8406.984056,7.937,-0.220386929,7.486051875,2.564791337,-23.43821402,26.79920553,19.9441295,15.19802662,43812619516,
Lebanon,lb,2013,4.821019563,46880103081,8162.379294,8.458,4.649984661,2.578451092,3.827873499,-25.51143195,26.691993,18.50552024,14.06611445,46661653081,
Lebanon,lb,2014,1.854604213,48095213747,7577.64133,8.833,7.161348674,0.105278623,2.484060105,-26.22986556,25.94687998,19.91764685,14.10956588,47517903747,
Lebanon,lb,2015,-3.749145248,49929337837,7714.11,9.306,3.633832079,3.335784449,0.462320793,-17.10773781,22.89755118,17.12476796,13.46505128,49420827837,
Lebanon,lb,2016,-0.783359624,51147308774,8089.012088,9.786,7.414932183,0.871295202,1.554549409,-20.47802371,25.8470049,17.74008513,13.52535689,50329518774,
Lebanon,lb,2017,4.321352183,53027680686,8608.21085,10.251,5.396472991,2.748536322,0.903028464,-22.88220403,25.98358926,19.96837257,15.35988176,52818460686,
Lebanon,lb,2018,6.076989079,54901519156,9174.536662,10.745,3.385546529,5.522487101,-1.884705756,-24.34704179,29.34619677,19.26917137,15.32540546,53788969156,
Lebanon,lb,2019,3.005389494,51605959131,8905.880055,11.301,6.166022462,4.094823156,-6.914924729,-21.82809249,29.18755763,19.33814198,15.40539053,50358759131,
Lebanon,lb,2020,84.86433305,31712128254,5561.19167,13.284,,85.54204234,-21.39989969,-8.761841999,14.94487076,11.55744362,8.901728325,30697478254,
Lebanon,lb,2021,154.756096,23131941557,4045.373911,12.669,,150.0007168,-7.001238625,-19.69781286,6.295711084,6.86804527,5.684795546,21239241557,
Lebanon,lb,2022,171.2054913,20992421949,3654.358455,11.6,,112.149479,-0.621678971,-34.60622711,,,,20158671949,
Lebanon,lb,2023,221.341644,,,11.543,,,,-28.10366964,,,,,
Lebanon,lb,2024,,,,,,,,,,,,,
Lebanon,lb,2025,,,,,,,,,,,,,
Liberia,lr,2010,7.289927969,1998000000,492.252808,2.266,7.257863943,6.512003689,6.09982524,-42.7136317,,,11.2051496,1818599900,
Liberia,lr,2011,8.488167518,2398000000,568.0878655,2.211,2.54895434,10.92344536,8.200768225,-52.48534702,,,11.14878716,2273155200,21.73060884
Liberia,lr,2012,6.831787034,2791614000,638.3687515,2.146,5.307353478,7.797157164,7.993814446,-59.99555099,,,12.97157471,2529644000,20.31799525
Liberia,lr,2013,7.577306817,3177198100,710.7445709,2.08,8.378989667,4.715308133,8.687287816,-32.82096884,,,12.46142652,2875704600,
Liberia,lr,2014,9.861112856,3225652000,706.7144901,2.079,12.58084393,0.817921327,0.7013931,-19.91983599,,,,2892652000,
Liberia,lr,2015,7.748696876,3227075700,692.5900824,2.557,13.53546469,0.062713426,-0.01856497,5.302425371,,,,2947075700,
Liberia,lr,2016,8.834248683,3398419600,714.6130631,3.081,6.185715732,6.972956972,-1.554958617,-8.122612799,,,,3117419600,
Liberia,lr,2017,12.41963239,3390703400,699.2690957,3.066,16.29470396,-2.617934153,2.45515592,-16.67983238,,,,3087813500,
Liberia,lr,2018,23.5635149,3422754800,692.2031271,3.056,,-0.209872797,1.157575122,-19.69443733,,,,2985754800,
Liberia,lr,2019,26.96627602,3319596500,658.1641808,3.068,,-0.560426634,-2.467297635,-19.68321667,,,,2965834700,
Liberia,lr,2020,16.95572415,3176126300,616.787867,4.109,,-1.38060189,-2.982491276,-8.657440087,,,,2887982500,
Liberia,lr,2021,7.815593859,3513049500,667.9661051,3.845,,5.354276045,4.986712835,-2.896233836,,,,3295000000,
Liberia,lr,2022,7.592984866,4001047000,744.6171752,2.977,,8.666208541,4.808105173,1.619733282,,,,3751047000,
Liberia,lr,2023,10.09445357,4240000000,771.8871421,2.933,,1.230854634,4.683756888,,,,,3967000000,
Liberia,lr,2024,,,,2.882,,,,,,,,,
Liberia,lr,2025,,,,,,,,,,,,,
Libya,ly,2010,2.799895001,75380825062,11600.90686,19.276,-11.1323837,19.27854534,5.027247672,22.28776348,,,,75351617357,
Libya,ly,2011,15.51848153,48169263294,7593.839153,19.478,-14.75176708,24.34275335,-50.33851514,6.627462788,,,,48225057019,
Libya,ly,2012,6.059803922,92540938129,14975.89028,19.03,0.017049601,5.981930504,86.82674844,25.75757333,,,,90611575226,
Libya,ly,2013,2.605818027,75351107029,11951.71341,19.327,5.909561345,0.085392342,-17.99796157,0.012740357,,,,74936698509,
Libya,ly,2014,2.432941416,57372355592,8926.420746,19.308,7.077849938,-1.006604017,-23.04280583,-33.17503666,,,,57954482939,
Libya,ly,2015,10.40229336,48717501321,7458.489178,19.676,,-7.040707272,-0.842656252,-19.18407091,,,,49953808617,
Libya,ly,2016,25.85387421,49912073701,7525.802993,19.522,,4.692314318,-1.490941117,-9.426977585,,,,50662881580,
Libya,ly,2017,25.80361848,67157452182,9965.832367,19.02,,1.806663822,32.49180219,6.591077916,,,,68439540256,
Libya,ly,2018,13.17020385,76686029772,11196.58548,18.836,,3.597573893,7.941367853,14.70411238,,,,77676603171,
Libya,ly,2019,-2.162178835,69254496472,9963.194891,19.05,,4.175672642,-11.19608289,6.955505051,,,,71084266694,
Libya,ly,2020,1.44703657,46854285441,6650.338106,19.613,,-4.754123817,-29.45529673,-10.20226849,,,,47692571365,
Libya,ly,2021,2.868330278,35217995647,4935.827873,19.641,,90.40560641,28.33346246,16.11477285,,,,34577448955,
Libya,ly,2022,4.510301492,43246297922,5986.636949,19.282,,42.697102,-8.251630041,,,,,42951797930,
Libya,ly,2023,2.373175314,45096462972,6172.812469,18.753,,-5.341469957,10.15581818,,,,,45309062967,
Libya,ly,2024,2.126157669,,,18.615,,,,,,,,,
Libya,ly,2025,,,,,,,,,,,,,
St. Lucia,lc,2010,3.250344092,1482385185,8673.687203,17.12,4.926560929,5.422819432,0.330018546,-12.67042802,18.06837799,19.39428798,18.21437083,1442802852,45.85702721
St. Lucia,lc,2011,2.769407941,1568370370,9128.99442,18.86,8.47001457,1.412404958,4.326942805,-14.30712117,17.59880645,19.28219449,18.0488001,1548522111,
St. Lucia,lc,2012,4.177635871,1598207407,9260.300066,19.06,7.339185449,2.013368708,-0.108756148,-10.02470046,19.13834891,18.7798195,17.15438827,1560508963,
St. Lucia,lc,2013,1.46856511,1660222222,9576.234634,22.21,2.895599233,6.005713666,-2.005024374,-6.531204249,18.91634462,19.30592016,18.16470176,1622408000,
St. Lucia,lc,2014,3.516955514,1749185185,10044.82184,21.597,5.027562021,3.780131892,1.520874352,-2.428977036,18.70842638,19.08572036,18.11432667,1643485185,
St. Lucia,lc,2015,-0.983600953,1807629630,10334.92256,20.858,5.442207065,3.237043018,0.100928143,-0.47723699,18.19284514,19.70966684,18.7149121,1657429630,
St. Lucia,lc,2016,-3.078217657,1868555556,10638.1902,19.933,8.532953134,-0.055700257,3.428096951,-6.338164855,18.17109671,20.13042358,19.14471467,1757855556,
St. Lucia,lc,2017,0.104262079,1998518519,11333.19639,19.136,4.719840507,3.45699485,3.381374723,-1.908413894,17.61082283,19.40770941,18.22498147,1881318519,
St. Lucia,lc,2018,1.935618932,2060962963,11642.74032,19.329,7.860254319,0.231653076,2.886197652,1.47239113,,,,1958662963,
St. Lucia,lc,2019,0.539087559,2095370370,11794.20565,15.613,5.211018041,2.387071087,-0.700859002,3.325622572,,,,1970270370,
St. Lucia,lc,2020,-1.755808335,1499296296,8411.199418,25.224,13.25264176,-5.402037352,-24.36115535,-18.93933786,,,,1463896296,
St. Lucia,lc,2021,2.410703122,1867185185,10459.13212,20.514,-4.333406894,11.59321211,11.59947362,-11.29638136,,,,1792085185,
St. Lucia,lc,2022,6.378146951,2342703704,13103.76217,15.934,2.199998094,4.220035701,20.38676757,-3.561768564,,,,2145903704,
St. Lucia,lc,2023,4.070608219,2430148148,13554.66519,11.092,4.842708966,1.489634615,2.21007266,-1.566540936,,,,2214748148,
St. Lucia,lc,2024,,,,10.928,,,,,,,,,
St. Lucia,lc,2025,,,,,,,,,,,,,
Liechtenstein,li,2010,,5082337238,141089.8128,,,,,,,,,4285908797,
Liechtenstein,li,2011,,5739706005,158066.3694,,,,,,,,,4532105463,
Liechtenstein,li,2012,,5456102482,148842.0351,,,,,,,,,3807892638,
Liechtenstein,li,2013,,6391708311,172823.6078,,,,,,,,,5110561612,
Liechtenstein,li,2014,,6657526980,178735.153,,,,,,,,,5374223245,
Liechtenstein,li,2015,,6268515276,167187.1573,,,,,,,,,5162508404,
Liechtenstein,li,2016,,6237302034,165375.4914,,,,,,,,,5985930501,
Liechtenstein,li,2017,,6474308718,170547.0923,,,,,,,,,6748709241,
Liechtenstein,li,2018,,6692620692,174988.7751,,,,,,,,,6917596481,
Liechtenstein,li,2019,,6436467007,166907.8393,,,,,,,,,6269829690,
Liechtenstein,li,2020,,6405870210,164671.0936,,,,,,,,,6866331076,
Liechtenstein,li,2021,,7710380086,196783.7294,,,,,,,,,7098789074,
Liechtenstein,li,2022,,7361504432,186400.2338,,,,,,,,,,
Liechtenstein,li,2023,,,,,,,,,,,,,
Liechtenstein,li,2024,,,,,,,,,,,,,
Liechtenstein,li,2025,,,,,,,,,,,,,
Sri Lanka,lk,2010,6.217648893,58636161082,2808.367792,4.784,-13.17004174,26.93487618,8.01596737,-1.833390829,16.30084874,12.32760997,10.93186869,58019026505,69.25302518
Sri Lanka,lk,2011,6.716768436,67753284044,3224.957363,4.118,5.223912626,3.979929343,8.669483012,-6.812097842,15.57850362,12.47839462,10.84760491,67101713796,68.52573941
Sri Lanka,lk,2012,7.542913732,70447216891,3327.776124,3.88,2.551872342,10.46344718,8.63218138,-5.690998208,15.06835711,11.68754925,10.11103071,69233385161,66.74723537
Sri Lanka,lk,2013,6.908450348,77000578167,3740.615893,4.186,5.835557368,6.252885259,4.051746329,-3.299423477,14.15671953,11.44502277,10.12125705,75248910875,68.35361656
Sri Lanka,lk,2014,3.179002282,82528535714,3971.919131,4.157,5.80537155,1.920628811,6.377978893,-2.408481148,14.20329182,10.92869548,9.747859823,80720442913,68.59104233
Sri Lanka,lk,2015,3.768367831,85140955389,4060.131397,4.519,3.827736643,3.014380798,4.205955476,-2.211361237,17.08805565,12.57700432,11.72026486,83118677958,73.51265916
Sri Lanka,lk,2016,3.958888466,88012282206,4149.761055,4.242,4.789413237,5.443221715,5.053624893,-1.979723365,15.66081335,13.1558458,11.42348977,85816595300,
Sri Lanka,lk,2017,7.704137679,94376237797,4401.05567,4.046,5.780781478,5.472845295,6.460681271,-2.44658579,15.33088251,12.73017413,11.60868274,92061614516,
Sri Lanka,lk,2018,2.135037737,94493871201,4360.584735,4.318,6.959910977,4.295306202,2.310084252,-2.962153026,15.28479493,12.50639695,11.15376065,92095811316,
Sri Lanka,lk,2019,3.528393582,89014978344,4082.694049,4.67,7.098875133,3.870527612,-0.220483886,-2.070887684,15.93406451,11.88424312,10.90395133,86545573252,
Sri Lanka,lk,2020,6.153945084,84304298771,3846.174496,5.364,,3.104306754,-4.624515037,-1.408137154,19.06917133,8.743048536,7.775292412,82024773617,
Sri Lanka,lk,2021,7.014780712,88609324902,3999.337647,4.981,,8.021090174,4.207476495,-3.706463424,17.46706933,8.272996569,7.369928225,86619332546,
Sri Lanka,lk,2022,49.72110211,74144870023,3342.719896,4.528,,47.46374152,-7.346791236,-1.953545374,15.74247614,8.22474888,7.277050015,72199977446,
Sri Lanka,lk,2023,16.54117423,84356863744,3827.964956,5.997,,17.51916285,-2.298010562,1.847993426,17.97592573,11.03459705,9.846529245,81623429815,
Sri Lanka,lk,2024,-0.429360049,,,4.996,,,,,,,,,
Sri Lanka,lk,2025,,,,,,,,,,,,,
Lesotho,ls,2010,-2.405242546,2234754242,1119.475578,16.113,5.587195106,5.337110137,5.269670781,-11.00204176,42.54116881,41.30615926,30.29876043,2872100467,29.56359928
Lesotho,ls,2011,5.036630521,2579409620,1280.733909,16.157,0.916378131,9.426407003,4.616413945,-11.85666839,40.79616693,37.18986881,30.21374793,3089102150,27.13089059
Lesotho,ls,2012,6.051436621,2477702216,1217.930712,15.813,7.767625335,2.182048018,6.334083747,-18.76525203,40.05458111,43.76632917,38.08375699,2892666013,32.18378734
Lesotho,ls,2013,4.865118995,2367112932,1151.037358,15.97,-0.326347465,10.27989564,1.792525556,-10.75798677,42.70843951,42.36948609,35.90752719,2718881337,33.20863498
Lesotho,ls,2014,5.37028961,2441063054,1173.537793,16.104,-3.240849545,14.03515215,1.710549905,-8.420166645,38.32192182,42.02857057,36.32843272,2719632973,33.01749279
Lesotho,ls,2015,3.218445137,2359686725,1121.198513,16.254,0.332986111,10.20303919,3.12406678,-5.73228397,38.24404068,39.17851624,33.77014571,2639103770,33.13838462
Lesotho,ls,2016,6.596504907,2114426452,992.4918407,16.17,11.90309532,-0.292451233,3.608907317,-10.50175677,40.58446281,35.41539921,29.28627044,2400601097,42.06043249
Lesotho,ls,2017,4.447699374,2306741672,1069.366732,16.401,9.372696761,2.018910238,-3.138174937,-9.010747254,39.71534235,38.32837993,33.00730986,2620025915,37.36802279
Lesotho,ls,2018,4.751803016,2556247292,1170.655697,16.625,-0.330193276,11.72306873,-1.480633158,-5.623727772,39.24968418,37.02353189,31.81516946,3042775636,32.84471435
Lesotho,ls,2019,5.187083592,2390702296,1082.057068,16.876,7.490316025,3.575454469,-1.417993831,-7.457534395,39.24634685,36.80424954,32.54217096,2852674378,32.16703189
Lesotho,ls,2020,4.978096763,2053699870,918.5825774,18.399,2.278170658,6.548205599,-8.155958799,-5.8901841,43.28841484,41.39241006,35.99435655,2441757550,2.992716853
Lesotho,ls,2021,6.04774592,2412130057,1066.586451,18.23,4.930937251,3.123781065,2.26671067,-8.127947597,38.10526092,37.58141182,31.87023141,2813524924,
Lesotho,ls,2022,8.271803899,2354683089,1029.995533,16.688,3.273304763,5.530054693,2.387780202,-11.41875927,40.23461121,35.96008224,30.44254868,2827049713,
Lesotho,ls,2023,6.342217431,2117962451,916.2829793,16.457,11.49373938,-0.368097836,1.826625259,-6.990850476,,,,2576299023,
Lesotho,ls,2024,6.105446242,,,16.147,,,,,,,,,
Lesotho,ls,2025,,,,,,,,,,,,,
Lithuania,lt,2010,1.319213621,36638128534,11829.12261,17.814,,2.121722049,0.427199034,0.197960454,40.1309541,30.71021479,16.24099886,36887284560,41.80127095
Lithuania,lt,2011,4.130275626,43186501863,14261.84338,15.39,,5.622278295,6.323637398,-3.686905254,36.83943543,29.21931472,15.666045,42261715401,41.40840483
Lithuania,lt,2012,3.089982771,42709372067,14294.71786,13.365,,2.505181175,4.382905596,-1.606838535,34.12530963,29.19035556,15.68461913,41584616578,47.4575104
Lithuania,lt,2013,1.047479371,46303660422,15655.35133,11.77,,0.833826422,4.046914351,1.707472984,33.06586876,29.07149209,15.78117147,45495776757,45.06760289
Lithuania,lt,2014,0.103758009,48306546657,16473.56782,10.698,,0.609193063,3.772541315,3.546991947,32.75681885,29.56732177,16.03350266,47960568992,48.58168176
Lithuania,lt,2015,-0.884097406,41540954817,14300.25537,9.12,,-0.002254867,2.832808577,-2.517455579,32.66924878,30.86853525,16.75772529,39940688842,49.43733178
Lithuania,lt,2016,0.905525075,42970749245,14981.62081,7.862,,0.987474344,2.671920199,-1.01460898,32.68411262,31.77480383,17.0998351,41513241213,47.74628203
Lithuania,lt,2017,3.722888623,47756764508,16884.71003,7.073,,4.095791489,4.612243146,1.086972618,31.07212185,31.20056793,16.7642159,46031954862,44.88594332
Lithuania,lt,2018,2.697927792,54261795149,19368.5391,6.147,,3.593009708,4.918369795,0.309996925,31.67752346,31.55390386,16.75246513,52084496481,38.079169
Lithuania,lt,2019,2.33450938,55122066226,19727.76075,6.255,,2.375860412,4.677351558,3.737529912,32.38413563,31.93794672,20.08894005,52901803475,41.79823435
Lithuania,lt,2020,1.19989445,57412038533,20541.82499,8.487,,2.038746039,0.042814017,7.224701041,38.90888871,32.79663561,20.50301716,55325495241,52.35540785
Lithuania,lt,2021,4.683544209,67037321009,23934.72849,7.112,,5.999765869,6.380016762,1.469406685,35.18898895,33.46738377,21.27444761,64252038543,47.9378829
Lithuania,lt,2022,19.70504615,71033884500,25085.78406,5.955,,16.06654365,2.537525009,-6.084973892,34.0464636,33.13386148,21.28207731,68451885059,35.93578424
Lithuania,lt,2023,9.117319624,79789877416,27786.00578,6.841,,9.021755817,0.342262552,1.100877108,34.10032966,34.04300702,21.41843581,76751468656,36.93105164
Lithuania,lt,2024,0.715735835,,,7.504,,,,,,,,,
Lithuania,lt,2025,,,,,,,,,,,,,
Luxembourg,lu,2010,2.273679116,56213985987,110885.9914,4.423,,4.648418462,3.760413593,5.814303866,37.58777946,39.08472606,23.81784044,38203044612,
Luxembourg,lu,2011,3.410683411,61696281326,119025.0572,5.122,,3.44946168,1.044298695,5.629535732,37.75831971,39.46753623,23.98704785,42768242732,
Luxembourg,lu,2012,2.662841655,59776383527,112584.6763,5.03,,3.265977318,1.64990203,5.255424964,38.61740337,39.78680589,24.42782715,45915520598,
Luxembourg,lu,2013,1.734039635,65203276467,120000.1407,6.045,,2.276024495,3.171790499,5.203548513,38.55152459,39.79081644,24.55226696,46779637636,
Luxembourg,lu,2014,0.628543985,68804811898,123678.7021,6.044,,2.796702201,2.623086016,4.928573483,37.7373163,39.71959434,24.74515711,49979926557,
Luxembourg,lu,2015,0.474743161,60071584216,105462.0126,6.796,,2.219180657,2.269784484,5.621395331,37.21511925,39.4391768,23.32185937,38657980989,
Luxembourg,lu,2016,0.290833333,62216885436,106899.2935,6.669,,-1.107616926,4.978190437,7.415170696,36.83489175,39.52131569,23.76750967,41225831606,
Luxembourg,lu,2017,1.730799591,65712180343,110193.2138,5.523,,2.142903997,1.317187663,6.180334271,37.75853386,39.93050465,24.51814705,47031112675,
Luxembourg,lu,2018,1.528195243,71000359760,116786.5117,5.589,,2.111339105,1.219321919,8.329904562,38.87400949,42.48542161,26.91774065,50751283868,
Luxembourg,lu,2019,1.743320757,69890505324,112726.4397,5.592,,0.900736077,2.915847915,8.618521987,39.46895806,42.57320368,26.88137752,47877349993,
Luxembourg,lu,2020,0.819957302,73699366700,116905.3704,6.766,,4.301014808,-0.909829799,5.097436037,42.88681342,41.1361403,25.67646061,51783516552,
Luxembourg,lu,2021,2.526920091,85584105994,133711.7944,5.571,,4.643892318,7.168401987,6.535916223,39.37502678,41.15742405,26.24629392,58630447829,
Luxembourg,lu,2022,6.336008078,81641807866,125006.0218,4.588,,5.683546633,1.380185891,9.197386755,40.47801855,41.52348799,26.4083917,54993885554,
Luxembourg,lu,2023,3.74140362,85755006124,128678.1899,5.184,,3.430024562,-1.095723616,11.49856441,43.72628078,44.2631715,27.79677603,55813004026,
Luxembourg,lu,2024,2.0511327,,,5.935,,,,,,,,,
Luxembourg,lu,2025,,,,,,,,,,,,,
Latvia,lv,2010,-1.08463595,23468324572,11188.41917,19.482,,-0.483860817,-3.661259081,1.758501664,39.57816863,27.30246213,14.16175498,24196595119,
Latvia,lv,2011,4.370735599,26575547901,12902.57405,16.206,,4.708106003,3.036345903,-3.550244624,35.1497338,28.55312424,15.03494748,27444998700,
Latvia,lv,2012,2.257789244,27116149949,13329.34999,15.047,,2.878567407,7.305240455,-3.86974113,31.93410204,28.79028688,15.44659611,27972506726,
Latvia,lv,2013,-0.029454778,29152128168,14484.47153,11.867,,1.900528834,2.096091141,-2.885528988,31.68981526,28.78678922,15.90284345,30136848288,
Latvia,lv,2014,0.620490637,30277203767,15185.81458,10.846,,1.669949364,2.094959596,-1.54126839,32.28204026,28.96069218,16.17406021,31426977356,
Latvia,lv,2015,0.174242244,26344565877,13321.97531,9.873,,0.386889189,3.78336529,-0.126358312,31.23380583,28.81404658,16.37392578,27135722905,
Latvia,lv,2016,0.140633335,27117105060,13838.52668,9.643,,0.607930746,2.551685854,1.756573658,30.68906687,29.85860497,17.23172919,28043520978,
Latvia,lv,2017,2.930363124,29391059767,15132.49583,8.715,,2.709239305,3.398949378,1.532826036,30.42590635,29.58429155,17.20614205,30407324343,
Latvia,lv,2018,2.534454242,33247935477,17252.17104,7.412,,3.740280704,4.309710888,-0.384114199,30.65129903,29.49845246,16.19951066,33883344508,
Latvia,lv,2019,2.811409201,33099503951,17294.97516,6.312,,4.316379309,0.675375257,-0.173662934,31.76523382,29.64526568,16.19985064,33726980608,
Latvia,lv,2020,0.219064905,33379927435,17564.23215,8.098,,2.393328685,-3.469229153,3.092703005,36.21891547,31.35247879,16.28185273,34385289592,
Latvia,lv,2021,3.275829374,38185125733,20262.84339,7.513,,3.297678423,6.947233162,-4.13624329,38.52531957,30.80209259,16.45296156,38710728430,
Latvia,lv,2022,17.31028302,38018905782,20229.46136,6.815,,9.835941353,1.812682402,-5.476965556,36.33936685,30.92609513,17.14777584,40324774810,
Latvia,lv,2023,8.938046233,42247850065,22502.84299,6.465,,6.406916526,1.70679525,-3.936035881,34.62554965,32.39308083,16.84153526,43719961550,
Latvia,lv,2024,1.265798858,,,6.72,,,,,,,,,
Latvia,lv,2025,,,,,,,,,,,,,
"Macao SAR, China",mo,2010,2.809472421,28241798492,52591.80352,2.84,0.438440052,4.790556231,25.12280853,38.91986117,14.70432008,36.53320874,34.38843575,24909546942,
"Macao SAR, China",mo,2011,5.806246167,36845888757,67041.28231,2.56,-2.084464875,7.490603882,21.6166896,40.38052123,11.99963077,39.85330127,37.42427393,31539441232,
"Macao SAR, China",mo,2012,6.107389283,43189721377,76051.63123,1.97,-1.562807742,6.920969184,9.242227734,38.83375588,10.90458192,38.92874582,36.80275324,36351882836,
"Macao SAR, China",mo,2013,5.500577792,51536595089,87069.767,1.82,-2.304426589,7.73261912,10.75287221,39.33499483,10.47090247,38.25991708,36.38810023,42782549812,
"Macao SAR, China",mo,2014,6.048234521,54902831794,88310.81196,1.67,-3.201213874,8.730702328,-2.048465216,32.70574083,11.36964091,37.26019393,35.0873753,46126611953,
"Macao SAR, China",mo,2015,4.56056338,45048190598,70070.2918,1.81,0.704218298,4.513993335,-21.51435875,23.34245234,15.37577686,31.75302151,29.15024934,40245123332,
"Macao SAR, China",mo,2016,2.368957497,45070808689,69074.0363,1.939,4.35072433,0.861781914,-0.679119308,26.52342092,16.30750954,30.23443159,27.77528589,40643927303,
"Macao SAR, China",mo,2017,1.228124041,50383871121,77704.92153,1.987,3.035939277,2.148823739,9.860121945,30.76521331,15.18569722,31.92116851,29.03705734,44837684421,
"Macao SAR, China",mo,2018,3.004462932,55190661340,83761.81718,1.834,1.688868659,3.5427653,6.405365321,32.87849092,14.57383469,31.3820104,29.43651435,48800564682,
"Macao SAR, China",mo,2019,2.751930811,55082293844,81967.69917,1.749,2.883787918,2.403546309,-2.563467574,33.54240949,15.83144081,32.89393769,29.77826632,48730916539,
"Macao SAR, China",mo,2020,0.811410511,25343525936,36976.25611,2.566,5.533026143,-0.257671744,-54.3361546,14.80520953,43.10093821,27.76243103,21.82738175,30051600551,
"Macao SAR, China",mo,2021,0.026454365,30969334705,45376.31459,2.229,6.193798476,-0.878982908,23.53598889,8.734384886,31.41347872,24.52423912,19.3081267,30858573796,
"Macao SAR, China",mo,2022,1.045028024,24999113476,36909.95641,2.482,4.134276076,1.160830248,-19.60933637,13.90362814,49.03715889,20.53894908,16.70167935,29756251731,
"Macao SAR, China",mo,2023,0.476384496,45803067940,67476.52908,2.235,1.312581472,4.636166861,75.06137693,31.39456254,19.51120644,27.31862839,22.84221249,,
"Macao SAR, China",mo,2024,,,,2.437,,,,,,,,,
"Macao SAR, China",mo,2025,,,,,,,,,,,,,
St. Martin (French part),mf,2010,,,,,,,,,,,,,
St. Martin (French part),mf,2011,,775875748.5,20930.58212,,,,,,,,,,
St. Martin (French part),mf,2012,,,,,,,,,,,,,
St. Martin (French part),mf,2013,,,,,,,,,,,,,
St. Martin (French part),mf,2014,,772921958.5,20638.77059,,,,,,,,,,
St. Martin (French part),mf,2015,,,,,,,1,,,,,,
St. Martin (French part),mf,2016,,,,,,,5,,,,,,
St. Martin (French part),mf,2017,,,,,,,-8.00000324,,,,,,
St. Martin (French part),mf,2018,,,,,,,-7.999995069,,,,,,
St. Martin (French part),mf,2019,,652206037.1,19033.06496,,,,6.500003637,,,,,,
St. Martin (French part),mf,2020,,,,,,,-12.50000225,,,,,,
St. Martin (French part),mf,2021,,649206262.8,21668.37765,,,,4.899999671,,,,,,
St. Martin (French part),mf,2022,,,,,,,,,,,,,
St. Martin (French part),mf,2023,,,,,,,,,,,,,
St. Martin (French part),mf,2024,,,,,,,,,,,,,
St. Martin (French part),mf,2025,,,,,,,,,,,,,
Morocco,ma,2010,0.993557401,1.01E+11,3067.985352,9.09,,0.647501047,3.499557094,-3.891494872,25.0281448,24.56075652,21.08896409,99581285619,47.09826567
Morocco,ma,2011,0.90692491,1.10E+11,3301.98877,8.91,,-0.598844907,5.524645233,-7.267035377,27.06399923,24.89902803,21.45346087,1.08E+11,51.22632157
Morocco,ma,2012,1.287122401,1.07E+11,3164.177246,8.99,,0.533172462,3.062343685,-8.950346969,27.36872042,25.71607647,21.96528411,1.05E+11,
Morocco,ma,2013,1.880654667,1.16E+11,3379.743164,9.23,,1.260262483,4.122212869,-6.777318944,25.69871615,25.07189325,20.62786901,1.14E+11,
Morocco,ma,2014,0.442310054,1.19E+11,3435.406982,9.7,,0.215437762,2.71924408,-5.537832879,25.41703363,24.51516745,20.35361775,1.17E+11,
Morocco,ma,2015,1.557907113,1.10E+11,3146.247803,9.46,,3.17293531,4.344582976,-1.956907751,23.06060834,23.69111211,19.43746509,1.09E+11,
Morocco,ma,2016,1.635311143,1.12E+11,3140.855469,9.3,,0.969883868,0.521185506,-3.746131745,22.76858739,23.32855472,19.86725776,1.10E+11,
Morocco,ma,2017,0.754663249,1.19E+11,3296.526611,9.223,,-0.060891014,5.057898162,-3.102106654,22.67927123,23.36759416,20.12970123,1.17E+11,
Morocco,ma,2018,1.803916711,1.27E+11,3501.697998,9.271,,0.939181638,3.06564133,-4.872901634,22.85750692,23.87821327,20.28612138,1.25E+11,
Morocco,ma,2019,0.303386037,1.29E+11,3508.097656,9.194,,0.816805456,2.890974761,-3.418205736,23.38767789,23.68344854,19.91442794,1.27E+11,
Morocco,ma,2020,0.705968661,1.21E+11,3268.030273,11.223,,0.142417962,-7.178207442,-1.12759932,27.21021231,26.56491436,20.02211205,1.20E+11,
Morocco,ma,2021,1.40195884,1.42E+11,3785.936279,10.576,,2.415203557,8.154738898,-2.357867837,25.63084725,24.21122486,19.66520564,1.40E+11,
Morocco,ma,2022,6.657042028,1.31E+11,3455.39624,9.494,,2.661861206,1.52720358,-3.665685483,28.2079312,26.88795049,22.10852292,1.29E+11,
Morocco,ma,2023,6.091141525,1.44E+11,3771.446289,9.044,,6.360948882,3.403341301,-0.617116658,26.90946276,26.44541129,20.97642683,1.42E+11,
Morocco,ma,2024,0.985256592,,,8.943,,,,,,,,,
Morocco,ma,2025,,,,,,,,,,,,,
Monaco,mc,2010,,5367561570,161853.9206,,,1.06946196,2.065219627,,,,,,
Monaco,mc,2011,,6088689808,179363.9842,,,0.948018996,7.022356946,,,,,,
Monaco,mc,2012,,5742749294,165444.6514,,,1.161566497,1.012218412,,,,,,
Monaco,mc,2013,,6555591710,184940.6638,,,0.778354745,9.577098324,,,,,,
Monaco,mc,2014,,7070017324,195693.5707,,,0.586841168,7.187027775,,,,,,
Monaco,mc,2015,,6264756528,170437.1012,,,1.133413459,4.910371765,,,,,,
Monaco,mc,2016,,6471290794,173604.7536,,,0.516331733,3.008443588,,,,,,
Monaco,mc,2017,,6430254653,170663.3752,,,0.587452399,-3.206183238,,,,,,
Monaco,mc,2018,,7184333936,188298.3157,,,1.114776745,5.697901212,,,,,,
Monaco,mc,2019,,7383496254,193746.7856,,,1.209211631,7.12088952,,,,,,
Monaco,mc,2020,,6730736283,176891.8865,,,2.979304071,-13.23910483,,,,,,
Monaco,mc,2021,,8623242743,223823.364,,,1.221730136,22.23221559,,,,,,
Monaco,mc,2022,,8800430486,226052.0019,,,3.220952868,11.04693943,,,,,,
Monaco,mc,2023,,9995350547,256580.5151,,,5.302901443,5.043382592,,,,,,
Monaco,mc,2024,,,,,,,,,,,,,
Monaco,mc,2025,,,,,,,,,,,,,
Moldova,md,2010,7.483850864,6974982370,2436.799351,2.937,-12.71140672,33.3049321,7.100000107,-6.902795231,29.14365692,26.33161475,15.16064072,7480581273,21.93256126
Moldova,md,2011,7.687251034,8414352020,2941.362241,2.648,5.774285124,8.190798599,5.818166147,-10.12500946,27.35995768,25.60613501,15.24032722,8991792743,19.76667393
Moldova,md,2012,4.546334274,8709138635,3044.808432,2.151,5.579684183,7.42422202,-0.589733955,-7.39016827,27.85442622,26.12708755,15.59534634,9519279678,20.34713935
Moldova,md,2013,4.597878974,9496717876,3321.043978,1.873,8.054277576,3.923851222,9.043865607,-5.162941623,27.12827008,25.09769892,15.469636,10391128071,19.91795216
Moldova,md,2014,5.088785546,9402090138,3289.957586,1.425,5.582189224,5.143207217,4.999625854,-6.044400678,29.3674215,26.24998649,16.82879915,10224420144,21.06600707
Moldova,md,2015,9.676240331,7797667197,2749.551371,1.742,2.30781539,11.57431496,-0.338235622,-5.935621364,28.33006806,26.19323037,16.29096809,8247147200,23.31358332
Moldova,md,2016,6.35930898,7980917076,2847.087948,1.557,10.35737418,3.550873831,4.646014363,-3.613870402,26.67454135,25.71441559,16.43011832,8426887067,32.24744661
Moldova,md,2017,6.570229975,9514404016,3453.267277,1.586,3.868370945,6.252466491,4.175612051,-5.83735985,27.2406326,27.54601767,17.72739043,10070244015,29.66749634
Moldova,md,2018,3.045053973,11252353421,4156.44982,1.196,5.461109875,3.211032132,4.075595466,-10.76992479,27.78359782,28.21329671,18.01408374,11788143412,27.51077817
Moldova,md,2019,4.837783514,11736797055,4405.334182,1.466,2.75105923,5.351712003,3.552314085,-9.421480109,28.27180512,27.64420617,17.65629013,12351757049,25.45101191
Moldova,md,2020,3.765971222,11530746234,4375.778893,1.186,2.467431084,5.575009401,-8.27597832,-7.690048692,32.72227237,28.73060714,17.90989849,11920936240,33.95557522
Moldova,md,2021,5.10641129,13691869264,5274.605822,0.785,0.95405304,6.381728551,13.92999979,-12.40955466,29.95543237,28.6306562,18.38811637,13958389264,32.11877906
Moldova,md,2022,28.73729768,14510490660,5738.424735,0.897,-6.252693208,19.25320363,-5.015482319,-17.10693358,32.27836595,29.34390937,18.94036457,14570210661,34.52131787
Moldova,md,2023,13.41701044,16539436547,6729.412868,1.555,3.333637939,8.708390488,0.78324271,-11.44676238,34.83201757,29.70847939,18.77882827,16806186549,34.61907919
Moldova,md,2024,4.67773516,,,1.434,,,,,,,,,
Moldova,md,2025,,,,,,,,,,,,,
Madagascar,mg,2010,9.247321736,9982711338,450.0093916,4.28,32.46410144,10.21854103,0.619239745,-8.948536171,8.573463487,10.64949644,8.535319118,9803373259,
Madagascar,mg,2011,9.482540486,11551819618,506.1636916,2.512,38.15134299,10.38618714,1.578427054,-6.727751144,8.93506574,9.694603567,8.710323638,11339961189,
Madagascar,mg,2012,5.713844342,11578975062,493.5111629,0.599,48.03324403,5.466174863,3.011148116,-7.462710178,8.756530173,9.166393234,8.368255543,11207841558,
Madagascar,mg,2013,5.826429445,12423555455,515.3015894,0.996,50.76010319,5.452302455,2.300376228,-6.505498543,9.404196444,9.53516758,8.785591773,12000180962,
Madagascar,mg,2014,6.080408111,12522957399,505.6849225,1.386,49.90850314,6.73177081,3.339203112,-0.649123767,9.852742381,9.291699307,8.441133382,12173057216,
Madagascar,mg,2015,7.404191742,11323020701,445.3200695,1.785,47.14666449,6.503716692,3.132298075,-2.259418413,9.55868887,9.789758105,8.945310373,10894778488,
Madagascar,mg,2016,6.035758582,11848613858,453.9707145,1.947,46.84276932,8.96008073,3.993146062,0.378142575,9.317264439,10.05017816,9.244851873,11379471782,
Madagascar,mg,2017,8.609050754,13176313594,491.8668487,2.119,52.43678815,4.961539756,3.933307595,-0.228589799,10.58911483,10.87515576,10.02754473,12760046042,
Madagascar,mg,2018,8.594229589,13760033282,500.4571855,2.297,43.48334497,8.297993311,3.194356517,0.71256088,9.832364584,11.44129141,10.28312868,13299570422,
Madagascar,mg,2019,5.610514415,14104664679,499.8188376,2.469,39.87708944,6.522090641,4.411232129,-2.135649717,10.13287308,11.56812824,10.53186462,13612309668,
Madagascar,mg,2020,4.201793122,13051441204,450.7716152,3.284,42.71405656,4.311145136,-7.137671621,-4.778422927,11.79775222,10.60661086,9.520728725,12717776244,
Madagascar,mg,2021,5.812251188,14554754117,490.2062386,3.487,39.04941825,6.640743416,5.739615739,-4.960253974,10.54321421,11.06154432,10.2385307,14294802413,
Madagascar,mg,2022,8.16059032,15134700203,497.2425148,3.186,39.18376932,6.932966435,3.999999999,-5.479963702,10.06238049,10.32056154,9.357099199,14765327495,
Madagascar,mg,2023,9.87432675,15790113247,506.1593687,3.069,41.29923632,8.693675447,3.8,,,,,15444839760,
Madagascar,mg,2024,,,,3.012,,,,,,,,,
Madagascar,mg,2025,,,,,,,,,,,,,
Maldives,mv,2010,6.149885368,2588176055,7173.596018,10.881,6.854780892,3.295378156,6.835471356,-7.576046405,25.44051481,19.14686934,8.84762793,2276923141,54.88541815
Maldives,mv,2011,11.27341461,2774350240,7424.520411,10.06,-2.158929282,12.62879805,8.572699128,-13.82085534,22.40311161,21.32177694,12.07813398,2479686376,57.29812061
Maldives,mv,2012,10.88469566,2886163997,7461.297037,9.14,3.316517846,6.93721276,2.363747489,-6.392291098,,,,2614016252,
Maldives,mv,2013,3.805630009,3295009238,8236.081779,8.3,4.11751546,6.746599629,6.963246632,-3.866267426,,,,2931310320,
Maldives,mv,2014,2.120001757,3697353039,8939.074166,7.477,6.943778083,4.183196589,7.801094807,-3.186658252,24.65291908,26.09131863,19.32300328,3342254340,
Maldives,mv,2015,0.953206659,4129505319,9644.90655,6.604,3.520011013,7.323449109,3.971715703,-7.305880319,26.52755028,26.16032233,19.65015509,3797041805,
Maldives,mv,2016,0.502509414,4409942624,9947.807447,5.771,10.52284286,0.218876276,6.572236066,-23.41095573,24.20427776,26.95597446,19.97582564,4057032049,
Maldives,mv,2017,2.817473382,4816426257,10509.62881,5.401,7.841981384,2.143582923,7.054539014,-21.26776143,20.35174799,26.70776988,20.69157889,4440841845,
Maldives,mv,2018,-0.133373386,5404344163,11423.28384,4.95,7.159517002,3.282215133,8.668006242,-27.8019977,21.97171055,25.60934913,20.14493604,4911943788,
Maldives,mv,2019,0.220029731,5726094799,11740.2724,4.562,13.00267428,-1.309737574,7.298335745,-25.81688225,25.41332704,24.82483613,19.9413849,5166269608,
Maldives,mv,2020,-1.369774256,3712604583,7393.888654,5.434,15.4867338,-3.365324617,-32.90882878,-35.7483019,35.34612801,24.70624365,20.11218859,3406811512,
Maldives,mv,2021,0.543149689,5252457370,10176.14388,5.024,8.496462962,2.828661842,37.50787012,-8.633081746,29.47552986,24.77866986,19.45324828,4717186261,
Maldives,mv,2022,2.333143376,6177118114,11786.00915,4.419,7.267737745,3.412926234,13.82608952,-16.86821096,,,,5465634069,
Maldives,mv,2023,2.927465424,6590894302,12530.36024,4.241,9.616386014,1.884254072,4.72639189,-21.22170115,,,,5819886404,
Maldives,mv,2024,1.399797797,,,4.636,,,,,,,,,
Maldives,mv,2025,,,,,,,,,,,,,
Mexico,mx,2010,4.156727227,1.11E+12,9728.800784,5.303,0.869831511,4.3729644,4.971334583,-0.339592499,20.48154975,17.26609218,9.675317453,1.09E+12,
Mexico,mx,2011,3.407378246,1.23E+12,10664.4944,5.175,-0.718087415,5.669633674,3.444045058,-0.857892612,20.8740738,18.16905627,9.617072146,1.21E+12,
Mexico,mx,2012,4.111509811,1.26E+12,10744.13352,4.892,0.132595618,4.542214938,3.55321076,-1.409848648,20.9324326,17.93811658,9.352411062,1.23E+12,
Mexico,mx,2013,3.806390697,1.33E+12,11216.80085,4.921,2.523945474,1.703882786,0.852101559,-2.393969602,20.69097509,18.05384042,9.883610123,1.29E+12,
Mexico,mx,2014,4.018616081,1.36E+12,11391.37735,4.819,-0.782518933,4.368368913,2.503763503,-1.821319277,20.99717636,17.68859911,10.24285504,1.33E+12,
Mexico,mx,2015,2.72064065,1.21E+12,10021.23861,4.311,0.207059193,3.225428927,2.702323426,-2.599176282,20.86895115,18.36819687,12.34597578,1.18E+12,
Mexico,mx,2016,2.821707847,1.11E+12,9097.923977,3.853,-1.247597333,6.077587823,1.772493238,-2.273111983,20.32819942,19.19158888,13.12378561,1.08E+12,
Mexico,mx,2017,6.04145724,1.19E+12,9649.278168,3.419,0.717765162,6.56759493,1.871728533,-1.797462908,19.86649209,19.44690585,12.68743173,1.16E+12,
Mexico,mx,2018,4.899350154,1.26E+12,10084.79376,3.275,2.695226944,5.20449997,1.972082102,-2.064140745,19.86970971,18.33424274,12.7121573,1.22E+12,
Mexico,mx,2019,3.635961421,1.30E+12,10369.55536,3.477,3.939987955,4.319010229,-0.392690522,-0.296844402,19.81033535,18.51916707,12.78774861,1.27E+12,41.32739407
Mexico,mx,2020,3.396834156,1.12E+12,8841.27075,4.44,1.645842098,4.619790118,-8.354034557,2.399976189,21.69807042,18.64453283,13.89751345,1.09E+12,45.83734642
Mexico,mx,2021,5.689208477,1.32E+12,10314.05067,4.019,0.386354415,4.48797277,6.048483443,-0.341323112,20.89238366,18.34308865,13.41126212,1.28E+12,44.8609558
Mexico,mx,2022,7.896276192,1.46E+12,11385.40708,3.256,1.579360574,6.497192004,3.689111093,-1.201888586,22.34572456,19.30566853,13.42811107,1.43E+12,44.04817285
Mexico,mx,2023,5.527960873,1.79E+12,13790.02434,2.765,6.827262956,4.459913676,3.199981166,-0.306117546,22.52589545,19.14296496,14.26659801,1.74E+12,45.26139193
Mexico,mx,2024,4.722255885,,,2.711,,,,,,,,,
Mexico,mx,2025,,,,,,,,,,,,,
Marshall Islands,mh,2010,,161100000,3095.45769,,,0.955505038,5.5391868,-8.901575937,54.37162011,20.39195158,17.72191372,197400000,68.88007635
Marshall Islands,mh,2011,,172300000,3319.398154,,,7.492366245,-0.502512563,-3.35417721,54.42192339,20.17604237,17.03810215,208500000,56.08641265
Marshall Islands,mh,2012,,180700000,3514.265155,,,6.246525208,-1.290684624,-10.85309324,53.35022634,19.85881295,16.38623077,209200000,52.42613226
Marshall Islands,mh,2013,,186400000,3677.906908,,,-0.63056472,3.808982376,-15.51367605,54.22419528,22.06423981,16.48763573,221800000,52.74425107
Marshall Islands,mh,2014,,186000000,3735.239778,,,1.058321967,-1.25958379,-2.623316437,49.18856344,23.60971774,15.85675161,227700000,49.40135161
Marshall Islands,mh,2015,,183700000,3764.344262,,,-3.064516129,1.885745979,-3.82810869,55.37859064,27.23425531,17.35771094,242200000,47.4856331
Marshall Islands,mh,2016,,201800000,4229.809889,,,7.169410515,2.504082744,-8.034198286,56.40159488,31.39777602,17.3583439,255400000,48.32054955
Marshall Islands,mh,2017,,213700000,4592.834576,,,2.258417829,3.558151885,6.046083916,60.77037389,37.77848152,17.62183482,261200000,47.72801497
Marshall Islands,mh,2018,,220000000,4858.120791,,,-2.407042708,5.487179487,24.1051166,61.73029591,32.48545455,17.91818182,267900000,44.00089636
Marshall Islands,mh,2019,,232900000,5292.339855,,,-4.154269366,10.45211473,36.98278817,65.27511078,32.86944166,18.60089679,282600000,41.56374925
Marshall Islands,mh,2020,,241800000,5661.967873,,,6.782336439,-2.772887324,37.33711428,59.4431772,31.2770885,17.15550041,287200000,
Marshall Islands,mh,2021,,258900000,6258.611937,,,5.779052012,1.222272522,29.45647327,,,,283800000,
Marshall Islands,mh,2022,,253400000,6322.828555,,,-1.017682751,-1.118067979,,,,,291100000,
Marshall Islands,mh,2023,,259300000,6678.342391,,,6.519749486,-3.934871099,,,,,309800000,
Marshall Islands,mh,2024,,,,,,,,,,,,,
Marshall Islands,mh,2025,,,,,,,,,,,,,
North Macedonia,mk,2010,1.50997522,9407170321,4833.365868,33.135,8.481425489,2.041283023,3.358750858,-2.107912544,30.08602869,28.92914639,16.8656928,9276086270,
North Macedonia,mk,2011,3.904754221,10494626768,5416.866729,31.502,5.667228211,3.72217234,2.339886045,-2.493675519,28.9817013,28.33196176,16.999651,10307350188,
North Macedonia,mk,2012,3.316055667,9745261301,5049.826539,31.096,7.985221755,1.002998267,-0.456183224,-3.274784237,29.3726417,27.8566883,16.41665042,9534185814,
North Macedonia,mk,2013,2.785000567,10817702346,5626.261157,29.017,3.831266848,4.483293154,2.925257665,-1.637640339,28.24764961,26.32753838,15.668958,10561387533,
North Macedonia,mk,2014,-0.281705033,11362265253,5925.385922,28.215,6.228067079,1.446967858,3.629123513,-0.481713137,28.36722137,26.05921398,16.23528371,11149662118,
North Macedonia,mk,2015,-0.299920476,10064519963,5262.686719,26.395,5.34575818,2.003420846,3.85586514,-1.712226945,28.79460702,26.95717503,16.81823312,9747431783,
North Macedonia,mk,2016,-0.239290788,10672467073,5598.486226,24.312,3.433369965,3.465252857,2.848205194,-2.663899219,27.78313767,26.42665814,16.95115782,10247925156,
North Macedonia,mk,2017,1.351618897,11307067070,5955.297386,22.857,3.695885564,2.807027035,1.081772738,-0.586294696,27.99670471,26.4700723,17.16111359,10859414347,
North Macedonia,mk,2018,1.458312985,12683068114,6713.989254,21.208,2.098377491,3.926155289,2.88059671,0.143273399,27.84504889,26.82055116,17.57493632,12150990659,
North Macedonia,mk,2019,0.766439573,12606338449,6718.858266,17.414,4.700387849,0.868168685,3.910419538,-2.986489105,29.68723503,28.33392375,17.08328108,12024667115,
North Macedonia,mk,2020,1.200073489,12361036914,6659.596511,16.575,3.767168601,1.374280718,-4.68845001,-2.915965377,34.92417021,27.69652678,16.12703466,11892343875,
North Macedonia,mk,2021,3.230749121,14000283827,7620.80297,15.801,0.548918285,4.285525315,4.51067949,-2.677442235,33.32972328,28.83680058,17.39296314,13385879516,
North Macedonia,mk,2022,14.20471732,13932436550,7606.237525,14.476,-3.894990801,8.873687325,2.758884153,-6.23699171,,,,13334444854,
North Macedonia,mk,2023,9.361872498,15763621848,8624.293609,13.174,-2.158024038,7.766466855,2.072749779,0.358884359,,,,14961106563,
North Macedonia,mk,2024,3.48974086,,,13.417,,,,,,,,,
North Macedonia,mk,2025,,,,,,,,,,,,,
Mali,ml,2010,1.108926907,10689168016,670.369099,1.405,0.717035021,4.364999735,5.313935279,-11.14306669,12.78093773,15.24581773,12.89285053,10269428513,
Mali,ml,2011,2.955643952,12995112690,789.0627255,1.422,-6.174714749,12.18289013,3.21313378,-5.057961975,12.24227126,13.1378401,12.54521403,12532791364,
Mali,ml,2012,5.323128471,12442035339,733.7389353,1.482,0.414662156,4.605407628,-0.836734632,-2.191372181,11.98908752,13.79415701,12.99131346,11981790282,
Mali,ml,2013,-0.606736356,13242690786,758.4755326,1.516,4.604815706,0.652631802,2.29506829,-2.830174787,13.25366635,14.7275004,13.0329666,12810032273,
Mali,ml,2014,0.883814547,14364937124,797.1545108,1.474,4.018706833,1.26864344,7.084683881,-4.711023853,12.95835939,13.19790384,12.64664005,13980007389,
Mali,ml,2015,1.450690576,13104764378,704.8216464,1.401,2.207017728,2.883509375,6.171800024,-5.324055674,12.27662219,14.86356696,14.09510939,12808995433,
Mali,ml,2016,-1.799647071,14026048336,730.8549382,1.367,3.891301444,1.351122314,5.852299199,-7.242511382,12.31485163,16.04804669,15.39597072,13651410706,
Mali,ml,2017,1.759857429,15365713048,775.5364921,1.494,3.14489591,1.934273211,5.305456084,-7.893670124,12.50699799,17.39816559,15.8828451,14864816779,
Mali,ml,2018,0.299546507,17070867590,835.0867106,1.62,,1.457963911,4.746484327,-4.898725534,12.37168132,12.43100454,11.66973731,16560622892,
Mali,ml,2019,-1.658266948,17280250810,820.1973908,3.29,,1.930542069,4.756160808,-7.457962715,12.8579611,15.43376217,14.50113837,16584807149,
Mali,ml,2020,0.43808894,17465392764,804.3439567,3.528,,0.532340182,-1.235450447,-2.173916573,14.50112062,15.00646005,14.16453986,16726618026,
Mali,ml,2021,3.925602831,19309463508,862.4674001,3.966,,3.358973999,3.052613569,-7.605187605,,,,18419319470,
Mali,ml,2022,9.621476085,18780322204,813.9650341,2.387,,5.72783446,3.474951711,-7.8562406,,,,17997835632,
Mali,ml,2023,2.058802283,20661794596,869.2702343,2.956,,2.225933211,4.656775991,-7.793751305,,,,19697353849,
Mali,ml,2024,3.206398641,,,3.06,,,,,,,,,
Mali,ml,2025,,,,,,,,,,,,,
Malta,mt,2010,1.515635136,9097044161,21946.60697,6.847,1.785005224,2.765628169,6.197345169,-4.613614699,39.66783777,37.35218037,25.13979093,8562471290,
Malta,mt,2011,2.962985282,9789361704,23516.96912,6.378,3.215281886,1.482872903,0.991963675,-0.132890973,40.4489554,37.93929159,25.41100722,9386251622,
Malta,mt,2012,2.375820578,9609532089,22878.31309,6.197,2.489004407,2.15973958,4.102590303,1.573594765,39.87050416,37.68986661,25.29540891,9144219500,
Malta,mt,2013,1.180284364,10796782638,25346.52365,6.106,2.395224409,2.255745426,6.291715744,2.503653739,38.86026534,37.2635883,25.14210332,9984792826,
Malta,mt,2014,0.310306472,11888032872,27356.60803,5.725,,2.271013393,7.631129375,8.342238904,37.73947482,37.53161771,25.5760346,11000384403,
Malta,mt,2015,1.100548264,11340795042,25481.89776,5.389,,4.200242746,9.621097562,2.650100862,35.35616775,36.4763651,24.32170532,10554342527,
Malta,mt,2016,0.642702772,12025782834,26409.62859,4.687,,2.125648279,4.077719295,-0.551812269,34.45858986,36.10526073,26.24937872,10688627580,
Malta,mt,2017,1.364354482,14161366724,30259.39526,4.002,,2.135026003,12.97211934,19.15774136,31.81546683,35.64452284,26.00568004,13113525048,
Malta,mt,2018,1.157823625,16153779511,33332.19056,3.658,,1.798416782,7.189096537,13.34841616,32.59182303,35.77855631,25.42681987,14669786905,
Malta,mt,2019,1.642060018,16337793531,32412.26978,3.616,,2.506403592,4.084706028,17.84993316,32.70349492,34.98591492,25.10297467,14798835701,
Malta,mt,2020,0.638544957,16385919536,31796.82134,4.347,,1.837952538,-3.474687509,16.11649909,39.89900755,32.86776505,22.5111847,14532952943,
Malta,mt,2021,1.497892179,19718565605,38027.38017,3.394,,2.426411534,13.4603052,9.350257009,37.19305687,32.02688801,22.43248529,17295453184,
Malta,mt,2022,6.153756219,19209979975,36142.20585,2.921,,5.061185916,4.147882816,-0.872518136,35.95607513,32.02235158,22.6539006,16534181877,
Malta,mt,2023,5.09396759,22328640242,40395.76921,3.11,,5.304718766,7.498512459,6.380450451,34.11891924,31.13060224,21.75435211,19351359464,
Malta,mt,2024,,,,2.703,,,,,,,,,
Malta,mt,2025,,,,,,,,,,,,,
Myanmar,mm,2010,7.718381959,49540813342,1010.534173,0.727,12.96659992,7.043211894,9.634439452,3.177494758,,,,49528704371,
Myanmar,mm,2011,5.021460146,59977326086,1213.628987,0.75,8.932044122,10.25457667,5.591482378,-2.602854172,,,,59964576989,
Myanmar,mm,2012,1.467583227,59937796648,1202.665896,0.767,12.4792892,3.130096953,7.332670447,-2.10159002,10.55042771,19.70075013,4.524093697,57556421308,
Myanmar,mm,2013,5.643038834,60269732855,1199.095616,0.775,11.13445484,4.378070843,8.426001025,-0.644739708,14.0348673,20.01369487,5.529567589,58364906162,
Myanmar,mm,2014,4.953299185,65531374200,1293.000423,0.763,11.63482688,3.910225193,8.169907456,-3.786733352,16.49448735,22.02756084,5.840928925,62535394200,
Myanmar,mm,2015,9.454171895,59607290408,1166.733055,0.766,11.39204875,4.136696739,6.99284029,-5.216017222,17.03970196,18.50639742,6.01128504,57499580408,
Myanmar,mm,2016,6.928825258,63298361996,1229.197135,1.058,11.95216992,3.615678095,5.862472915,-3.031749586,15.34754127,16.78983574,7.175859836,61653951996,
Myanmar,mm,2017,4.572536553,66053040483,1272.822418,1.356,9.564810611,5.873408947,6.136108244,-7.443699786,16.91988894,15.98525288,6.077742329,63958040483,
Myanmar,mm,2018,6.872328657,67860515990,1298.213103,0.767,10.11846839,5.34109464,6.268862215,-3.774151333,6.381161004,7.013008996,2.756971253,65984255990,
Myanmar,mm,2019,8.825066968,75065106228,1425.989542,0.407,10.03298494,5.422933005,6.579110068,0.090215658,13.77551981,14.38919616,6.017652477,72641276228,
Myanmar,mm,2020,,79006113643,1490.216835,1.476,9.007834728,5.344110008,-9.04834718,,,,,77509313177,
Myanmar,mm,2021,,66345291160,1242.721344,4.34,,19.51720937,-12.01637248,,,,,65297947226,
Myanmar,mm,2022,,62253049892,1158.05005,3.057,,6.163716489,4.037493436,,,,,61143674718,
Myanmar,mm,2023,,66757619000,1233.196662,3.032,,10.78766645,0.958446625,,,,,65509819000,
Myanmar,mm,2024,,,,3.032,,,,,,,,,
Myanmar,mm,2025,,,,,,,,,,,,,
Montenegro,me,2010,0.65494657,4142983843,6688.402596,19.649,7.800658921,1.604202698,2.734331082,-20.56628454,,,,4114165282,
Montenegro,me,2011,3.450143112,4544428421,7328.789431,19.759,8.38313881,1.202703549,3.228451021,-14.62741281,,,,4580993271,
Montenegro,me,2012,4.14524725,4087526242,6586.399703,19.808,9.368898457,0.177017,-2.723790771,-15.62466737,,,,4156682444,
Montenegro,me,2013,2.205892681,4465772400,7188.863616,19.585,7.174729524,2.066970904,3.548979912,-11.45229271,,,,4552823115,
Montenegro,me,2014,-0.710514052,4593853291,7387.872969,18.054,8.290364575,1.03622832,1.783698581,-12.41743023,,,,4654833220,
Montenegro,me,2015,1.548691582,4054730078,6517.192675,17.555,6.56797931,2.219572933,3.390381397,-10.92892427,,,,4143543187,
Montenegro,me,2016,-0.271385023,4376930578,7033.439624,17.732,2.731273679,5.101068837,2.949280321,-16.16400574,,,,4415192363,
Montenegro,me,2017,2.380235991,4856599481,7803.358245,16.082,3.247479159,3.824972328,4.716465276,-15.67785567,,,,4956345529,
Montenegro,me,2018,2.611223783,5506942238,8850.374925,15.19,3.199830331,3.226106405,5.077888811,-17.12441492,,,,5571825861,
Montenegro,me,2019,0.361563705,5542054181,8909.653876,15.128,4.070538963,2.022148687,4.062944992,-14.35666936,,,,5604334042,
Montenegro,me,2020,-0.2556557,4769996866,7677.371321,17.878,6.092972203,-0.175605917,-15.30689376,-25.93350271,,,,4845904670,
Montenegro,me,2021,2.410801984,5861427505,9465.96153,16.543,0.987900165,4.72624261,13.04346425,-9.233269143,,,,5982455402,
Montenegro,me,2022,13.04030363,6229801581,10093.4387,14.851,-5.97834503,12.35532215,6.406680329,-13.1281582,,,,6353915383,
Montenegro,me,2023,8.584769105,7530593375,12221.47755,14.621,-3.797591398,10.54297033,6.337697542,-11.30754248,,,,7604564025,
Montenegro,me,2024,3.336750093,,,14.1,,,,,,,,,
Montenegro,me,2025,,,,,,,,,,,,,
Mongolia,mn,2010,10.04620659,7189481999,2625.218814,6.549,-13.73017431,39.17818797,6.365161679,-12.31621606,22.9057962,29.02801557,19.59311925,6609616844,
Mongolia,mn,2011,8.411214953,10409797378,3736.042015,4.769,1.294458363,15.11926549,17.29077759,-43.34551933,24.43069014,28.59302404,18.46699109,9551979902,
Mongolia,mn,2012,14.33033483,12292770632,4328.890019,3.905,4.725331319,12.78437886,12.31981985,-43.77123468,27.0748266,25.61741613,15.31214218,11343401729,
Mongolia,mn,2013,10.49065676,12582122604,4340.143105,4.231,15.13409784,2.907848338,11.64891619,-37.60766563,23.66881959,27.68712746,15.73120804,11871513599,
Mongolia,mn,2014,12.25398081,12226514668,4126.239758,4.798,10.77405246,7.448836595,7.885225482,-15.82087817,23.73322366,25.15519106,12.90163424,11232542766,
Mongolia,mn,2015,5.735682819,11619892591,3838.92127,4.861,18.838079,0.609769218,2.379835807,-8.162342255,24.3130843,22.81501596,11.89413792,10652455621,
Mongolia,mn,2016,0.733272227,11181350649,3619.900264,7.235,16.26167578,2.993126761,1.489784487,-6.257482062,27.39856197,21.14569212,11.35099345,10260106002,
Mongolia,mn,2017,4.301431053,11480847741,3645.967087,6.359,8.30906022,10.80044641,5.636876387,-10.06409768,23.70151198,24.8214247,13.54690845,9872124813,
Mongolia,mn,2018,6.824247901,13178094720,4107.642885,5.377,9.034455714,7.960615865,7.74488062,-14.43689359,22.50062913,28.50696314,16.68852831,11943636998,65.96531474
Mongolia,mn,2019,7.301069536,14206359018,4347.546103,9.269,6.387440867,9.972213257,5.602244221,-15.21633244,25.61624657,30.71236899,16.85052092,12634360588,60.84403972
Mongolia,mn,2020,3.796040261,13312981429,4001.251931,6.594,12.75125152,3.70672177,-4.557751976,-5.067324299,33.17899354,29.22806774,14.14578723,12053017479,73.93678352
Mongolia,mn,2021,7.352812434,15286441738,4517.61578,7.747,1.386729673,14.42006548,1.636769577,-13.79287509,31.69664868,28.99021665,16.90884952,13054692171,67.57101432
Mongolia,mn,2022,15.14795609,17146471714,4993.514875,6.211,,17.71471242,5.032709637,-13.43424481,,,,15067905990,
Mongolia,mn,2023,10.34758313,20325121394,5838.631081,5.503,,21.76902802,7.422112762,0.596631968,,,,18096012117,
Mongolia,mn,2024,6.802848993,,,5.424,,,,,,,,,
Mongolia,mn,2025,,,,,,,,,,,,,
Northern Mariana Islands,mp,2010,,799000000,14771.40375,,,-0.880503145,1.395939086,,,,,,
Northern Mariana Islands,mp,2011,,729000000,13598.71661,,,-1.486486486,-7.384230288,,,,,,
Northern Mariana Islands,mp,2012,,746000000,14013.60033,,,1.508916324,0.810810811,,,,,,
Northern Mariana Islands,mp,2013,,772000000,14632.85189,,,0.783289817,2.680965147,,,,,,
Northern Mariana Islands,mp,2014,,832000000,15945.41761,,,3.450335684,4.177545692,,,,,,
Northern Mariana Islands,mp,2015,,910000000,17665.10075,,,5.795454545,3.383458647,,,,,,
Northern Mariana Islands,mp,2016,,1230000000,24225.47417,,,4.60693153,29.21212121,,,,,,
Northern Mariana Islands,mp,2017,,1560000000,31225.605,,,2.97029703,23.17073171,,,,,,
Northern Mariana Islands,mp,2018,,1301000000,26509.36284,,,3.595868811,-19.49733435,,,,,,
Northern Mariana Islands,mp,2019,,1179000000,24496.66521,,,2.337698812,-11.4474929,,,,,,
Northern Mariana Islands,mp,2020,,866000000,18220.83824,,,3.540881082,-29.05982906,,,,,,
Northern Mariana Islands,mp,2021,,914000000,19455.50139,,,0.545723838,4.969879518,,,,,,
Northern Mariana Islands,mp,2022,,1096000000,23785.75459,,,2.803189958,16.64275466,,,,,,
Northern Mariana Islands,mp,2023,,,,,,,,,,,,,
Northern Mariana Islands,mp,2024,,,,,,,,,,,,,
Northern Mariana Islands,mp,2025,,,,,,,,,,,,,
Mozambique,mz,2010,12.42554217,11411894724,496.1858394,3.261,8.005407058,7.645227987,6.679729357,-14.71658263,19.62017633,15.91984493,14.34661003,11052119445,
Mozambique,mz,2011,11.16660561,14619279989,618.1764929,3.296,16.36688979,2.34836229,7.134058423,-22.77035465,21.29486473,18.69424402,16.79952951,14364079955,
Mozambique,mz,2012,2.60245457,16688114144,685.6857482,3.305,13.21858598,3.175234574,7.994503161,-40.68750617,22.24357139,20.51189039,18.62877783,16612647549,
Mozambique,mz,2013,4.261352509,17198073057,686.5056725,3.346,12.3968931,2.601236269,6.571413897,-36.36131916,,23.94780452,21.54065214,17139483398,
Mozambique,mz,2014,2.559748758,17978246586,697.1426804,3.377,13.5647501,1.085870896,7.702568448,-32.24533336,,27.22338514,23.96538388,17776333933,
Mozambique,mz,2015,3.550759674,16208985770,610.5637747,3.426,7.291755358,7.059950335,7.393093699,-36.69477153,,24.05476747,20.00648452,15908852641,
Mozambique,mz,2016,17.41804182,12069051237,441.4897348,3.457,8.037660794,12.16089129,4.696990242,-33.69160627,18.51987428,21.39375778,20.07676221,11833552380,92.24244557
Mozambique,mz,2017,15.11320739,13264640646,470.9385631,3.539,18.40940396,7.978012402,2.638207373,-17.93875224,17.62567494,23.92282577,22.11208495,12884983781,78.50460925
Mozambique,mz,2018,3.9113344,15017358953,517.5072603,3.604,18.48662536,3.795118615,3.484932024,-29.46747964,19.64948668,23.00975731,21.19263684,14730512198,81.35371632
Mozambique,mz,2019,2.802703079,15512759047,519.0925509,3.646,13.64253842,4.677645347,2.317813948,-16.07644776,20.04325028,28.51606226,26.68286006,15236312738,78.8783415
Mozambique,mz,2020,3.483935675,14235420174,462.4338765,3.921,13.47592816,3.171661068,-1.2195225,-24.99134813,22.9049104,22.68896653,21.52670294,13948700692,101.3909318
Mozambique,mz,2021,6.40847653,16168055475,509.9078295,4.053,13.0234604,4.550565208,2.377435728,-21.19279159,23.30441894,25.11041629,22.74775571,15828197521,84.15696646
Mozambique,mz,2022,10.27940181,18883528581,578.2516638,3.596,10.06097731,9.151614199,4.364450745,-33.71600918,26.00403509,24.56968425,22.66159088,17461632220,76.63506095
Mozambique,mz,2023,7.126974821,20954220984,622.9856193,3.519,17.47238756,5.301341508,5.436859122,-10.53355602,,,,19117015862,
Mozambique,mz,2024,,,,3.527,,,,,,,,,
Mozambique,mz,2025,,,,,,,,,,,,,
Mauritania,mr,2010,6.283540874,5628878798,1659.963697,10.075,-4.367361767,22.34316878,2.620229481,,,,,5559972101,
Mauritania,mr,2011,5.686319596,6764627746,1931.199755,9.968,-0.465994039,17.54776558,4.172783278,,,,,6609314085,
Mauritania,mr,2012,4.902427272,6728208836,1859.117332,9.864,16.4690906,0.455837161,4.470013192,-18.22316037,,,,6537356581,
Mauritania,mr,2013,4.129101738,7223071097,1934.241031,9.929,11.97461482,4.48796827,4.15081319,-17.46845563,,,,7026930508,
Mauritania,mr,2014,3.534368561,6592537782,1713.008653,10.028,32.76795084,-11.87632312,4.274823288,-22.34523754,,,,6339728998,
Mauritania,mr,2015,3.254726881,6166863897,1554.948979,10.108,22.8912964,-4.793908582,5.376339241,-15.50134646,,,,5986395816,
Mauritania,mr,2016,1.471710457,6398747592,1565.765757,10.283,5.206243594,11.21012974,1.260909231,-11.04568521,,,,6282235173,
Mauritania,mr,2017,2.254276519,6800135898,1615.004013,10.336,15.17568811,1.583938349,6.270545669,-10.42627236,,,,6703487753,
Mauritania,mr,2018,3.067359961,7473550557,1722.935289,10.407,,4.554457325,4.772173657,-13.01772742,,,,7435080653,
Mauritania,mr,2019,2.300092621,7894764886,1767.072711,10.416,,5.328044826,3.141004893,-10.52731036,,,,7798537820,
Mauritania,mr,2020,2.385694885,8260752385,1795.764596,11.054,,6.44087329,-0.360657384,-6.974849988,,,,8155048186,
Mauritania,mr,2021,3.565164847,9222536364,1947.789184,11.144,,7.464873217,0.742715395,-8.759650934,,,,9076362254,
Mauritania,mr,2022,9.525266286,9557966698,1960.352401,10.531,,-0.612361746,6.796005102,-14.899565,,,,9500605780,
Mauritania,mr,2023,4.953050345,10651709411,2120.823204,10.446,,3.371477417,6.507187199,-9.073715925,,,,10660320959,
Mauritania,mr,2024,,,,10.373,,,,,,,,,
Mauritania,mr,2025,,,,,,,,,,,,,
Mauritius,mu,2010,2.932363014,10003670690,8000.376432,7.654,7.6622718,1.12641892,4.377203223,-10.05404476,22.01843114,22.11222346,18.01671337,10003670690,36.78737616
Mauritius,mu,2011,6.522492549,11518413430,9197.042991,7.447,5.578830172,3.161463798,4.077538066,-13.54612886,20.40000363,21.91545667,18.00451841,11299782798,35.52041906
Mauritius,mu,2012,3.852160333,11668696397,9291.236276,7.472,6.051931322,2.465523552,3.496118365,-7.091726881,20.35631581,22.57015663,18.62170749,12083538713,36.5088808
Mauritius,mu,2013,3.543295739,12292974141,9764.644131,7.322,4.192342742,4.134331895,3.3604061,-6.103286827,21.58550016,22.09450705,18.12260374,12635532278,
Mauritius,mu,2014,3.21769192,13074129952,10366.35508,7.467,6.197319227,2.168304049,3.82696982,-5.277833094,21.82589777,22.45826787,18.08385642,13453633098,
Mauritius,mu,2015,1.286549708,12007291046,9507.871337,7.41,7.002467571,1.399530743,3.690556904,-3.472760141,11.39126898,11.16097697,8.758005968,12411835683,
Mauritius,mu,2016,0.977675135,12594155464,9965.725311,6.814,5.972935427,2.384632041,3.862468263,-3.901424901,23.06712345,22.19286828,17.60779165,12811307718,
Mauritius,mu,2017,3.666997027,13713506131,10841.68478,6.752,6.7529814,1.636505676,3.937983806,-4.464411912,22.22177617,21.55070565,17.93264409,14051920386,56.15751775
Mauritius,mu,2018,3.216053831,14735695931,11643.4606,6.426,6.712156095,1.675389169,4.006740572,-3.769031203,22.57616131,21.88803917,18.40604811,15450103730,55.38179411
Mauritius,mu,2019,0.40565519,14436346980,11403.25279,6.331,8.95757108,-0.465842874,2.891284993,-4.976989588,22.84200416,22.33999625,19.40743808,15153839976,57.96166043
Mauritius,mu,2020,2.580800772,11408106446,9011.042884,8.626,4.535265343,2.573040445,-14.54653815,-8.789471441,31.68718607,24.24144134,20.70623346,11947741899,
Mauritius,mu,2021,4.028528882,11484348858,9068.973002,7.719,3.599974573,3.157200351,3.403798662,-13.03199749,32.93694745,21.52104,18.26439463,12106744455,
Mauritius,mu,2022,10.77375122,12927979286,10239.79705,6.322,-1.881747329,9.565920448,8.879885197,-11.11406626,28.2113424,23.85636551,19.05049773,13475522984,
Mauritius,mu,2023,7.052982385,14644524819,11613.04416,5.571,0.914376244,8.507830178,6.958287403,-4.423104777,28.00350907,23.6903508,19.7868772,15000124262,
Mauritius,mu,2024,4.102632266,,,5.476,,,,,,,,,
Mauritius,mu,2025,,,,,,,,,,,,,
Malawi,mw,2010,7.411590929,10128323011,683.1246947,4.798,11.14606936,12.12722206,6.874065854,-9.570079304,12.69943615,11.67340909,10.56346502,10021166894,19.26083004
Malawi,mw,2011,7.622822628,11648142958,763.0610004,4.842,8.561928153,13.99023774,4.932669998,-9.758721178,12.52608915,11.4006486,10.61770698,11532861683,18.84554484
Malawi,mw,2012,21.271265,8773203178,558.4620883,4.952,12.48735638,17.63976447,1.900000001,-8.487980444,11.87156437,9.82244916,9.315715142,8638482885,28.46199291
Malawi,mw,2013,27.28333333,8031571928,496.9473683,4.978,14.92753791,27.046291,5.410349999,-15.39159208,12.99218853,10.10075019,9.708743562,7872142936,24.91388917
Malawi,mw,2014,23.79206495,8801326169,529.513344,4.967,19.27787102,20.96928131,5.62527,-12.8223513,14.06544,11.79645428,10.94910926,8640515835,27.9207565
Malawi,mw,2015,21.86734755,9219474379,539.6053632,4.954,20.50879646,19.81466926,2.800000001,-11.54537609,12.90820344,11.51057151,10.53658178,8999698475,27.33464605
Malawi,mw,2016,21.71111321,7909868618,450.5061055,5.007,19.80120472,20.29268293,2.499999999,-12.71340081,12.32915078,11.16877416,10.63896316,7886787910,37.88620773
Malawi,mw,2017,11.54339392,8943543794,495.7696834,5.039,25.33620127,10.57692452,4,-17.42087077,13.24447183,13.05653715,12.18430178,8735399094,34.29462212
Malawi,mw,2018,12.42017811,9879231592,533.2031737,5.014,24.62277449,6.152346986,4.353564716,-17.25868856,14.92165041,12.95255023,12.17565789,9558096354,41.7011066
Malawi,mw,2019,9.370836056,11051865580,580.8898161,4.966,16.6583028,7.728556424,5.716825192,-11.95320422,14.74010669,12.42044737,11.97521267,10785451582,44.78563179
Malawi,mw,2020,8.625514697,11769313598,602.5074782,5.728,16.9443492,6.21829712,0.79359643,-13.92332247,16.49353946,12.90737573,12.13056274,11440171501,
Malawi,mw,2021,9.330144108,12378129751,617.4475208,5.662,14.54262587,8.152968429,4.55829212,-15.49224932,17.18707656,12.28832927,11.58775288,12006215739,
Malawi,mw,2022,20.95396973,12429060151,604.2697512,5.037,6.985625749,17.16683039,0.921115069,-17.84618685,20.17385422,14.13618468,13.50385739,12054582592,55.599212
Malawi,mw,2023,28.78974282,12712150082,602.3436198,5.033,8.746252762,22.80672202,1.892457988,-17.90494204,,,,12349147693,
Malawi,mw,2024,32.17965042,,,5.045,,,,,,,,,
Malawi,mw,2025,,,,,,,,,,,,,
Malaysia,my,2010,1.622852356,2.55E+11,8899.345055,3.39,-2.113277326,7.266845934,7.424847383,10.05567785,18.23192539,19.4358718,13.33219531,2.47E+11,49.55982307
Malaysia,my,2011,3.174470922,2.98E+11,10217.10686,3.05,-0.471868634,5.41240809,5.293912834,10.90500197,19.73477959,20.33698462,14.79435317,2.91E+11,50.02868164
Malaysia,my,2012,1.663571025,3.14E+11,10600.57442,3.1,3.748419374,0.999932303,5.473454193,5.18877995,20.979877,21.40659685,15.61314674,3.03E+11,51.64643162
Malaysia,my,2013,2.105012312,3.23E+11,10713.64076,3.16,4.467530817,0.174474481,4.693722526,3.466143537,20.60212043,20.94711049,15.31023528,3.12E+11,52.99925192
Malaysia,my,2014,3.142990509,3.38E+11,11013.31073,2.88,2.068518216,2.467466784,6.006721946,4.391591662,19.68354439,19.94006469,14.84079071,3.27E+11,52.67584873
Malaysia,my,2015,2.104389802,3.01E+11,9648.679794,3.1,3.307037704,1.218055734,5.091532422,3.008918501,18.2910432,18.61511879,14.05686213,2.93E+11,53.57446973
Malaysia,my,2016,2.090566595,3.01E+11,9476.534098,3.44,2.825945183,1.658259966,4.449781398,2.367685913,16.76382131,16.99779083,13.55072517,2.93E+11,51.89052753
Malaysia,my,2017,3.871201158,3.19E+11,9862.548066,3.41,0.79892604,3.778960943,5.81272241,2.807870911,15.82581903,16.06096805,12.94596624,3.10E+11,50.04967774
Malaysia,my,2018,0.884709161,3.59E+11,10901.802,3.3,4.277048074,0.624674675,4.843086976,2.237082069,15.92205793,16.08565015,12.02266586,3.48E+11,51.18591488
Malaysia,my,2019,0.662891866,3.65E+11,10920.19176,3.26,4.801617186,0.071826909,4.413187421,3.503886697,17.35745981,17.47921971,11.93634883,3.56E+11,52.42135021
Malaysia,my,2020,-1.138702154,3.37E+11,9957.526267,4.54,4.801491997,-0.818007729,-5.456846584,4.189567794,18.47158514,15.86725771,10.88467121,3.31E+11,62.00672151
Malaysia,my,2021,2.477102415,3.74E+11,10903.11164,4.64,-2.111958612,5.675938488,3.315349544,3.877476707,17.25426897,15.09345389,11.21607484,3.64E+11,63.26683667
Malaysia,my,2022,3.378698625,4.08E+11,11748.09193,3.93,-2.345278868,6.403485118,8.861821876,3.125192857,17.90615149,16.40867927,11.63747386,3.95E+11,60.18112251
Malaysia,my,2023,2.488865601,4.00E+11,11379.0861,3.869,7.326807192,-1.872255625,3.555487154,1.56542804,17.01926841,17.27786671,12.57251859,3.88E+11,64.32091016
Malaysia,my,2024,1.834100204,,,3.826,,,,,,,,,
Malaysia,my,2025,,,,,,,,,,,,,
Namibia,na,2010,4.874919876,11431412421,5418.216334,22.12,5.778789664,3.725898499,6.03924948,-3.922447107,28.10211444,27.86184596,25.54231598,10835987790,
Namibia,na,2011,5.005595181,12523359441,5834.791768,19.476,4.734508011,3.814876362,5.091338139,-6.847797317,34.19763972,32.52930962,29.55059042,12010748073,
Namibia,na,2012,6.721997773,13042053592,5942.64681,16.771,-2.344442065,11.26030847,5.06168207,-8.58334513,31.68809044,35.3952734,32.93275144,12519827110,
Namibia,na,2013,5.600925023,12043307277,5346.621311,19.028,4.084375542,4.039790894,5.614719623,-8.237647579,35.44843036,35.83382457,32.98071934,12011999579,
Namibia,na,2014,5.350169669,12435430970,5378.323262,18.521,0.428951201,8.234891799,6.09251916,-9.428868778,37.15192728,36.96587773,34.6286881,12363536658,
Namibia,na,2015,3.394015384,11335161084,4774.106509,20.808,5.25645279,3.864574351,4.264174538,-13.75789447,38.00106775,35.65520125,33.42238687,11317050632,
Namibia,na,2016,6.728582346,10722018732,4395.687762,23.352,1.737319303,7.968672012,0.03379445,-16.49708813,35.4515783,31.06622421,29.67346384,10511261597,
Namibia,na,2017,6.145799811,12895153371,5143.960723,21.733,0.09799587,9.919036989,-1.027248089,-4.420590517,38.56209943,32.6896922,31.30769663,12661495881,
Namibia,na,2018,4.291591053,13682019076,5308.608134,19.877,5.471387276,4.428488941,1.059939499,-3.551521464,35.09923287,30.73154445,28.93171391,13176748523,
Namibia,na,2019,3.722394144,12541928303,4731.921032,19.921,8.867377566,0.926315844,-0.839152163,-1.764973306,34.52397467,32.23961872,30.39309519,12234173556,
Namibia,na,2020,2.209382369,10583748542,3878.58983,21.004,3.0938071,4.631530615,-8.101402014,2.987245822,40.31528871,33.03171674,31.20591107,10539865095,
Namibia,na,2021,3.616905301,12402486184,4412.835569,20.922,5.245250522,1.53433033,3.603829192,-11.23023785,37.60299134,30.20676604,28.06398659,11934183890,
Namibia,na,2022,6.081281141,12567271005,4349.045322,19.695,2.033559346,6.447852952,5.349664086,-12.8152209,35.7240408,31.29516878,27.17154832,12080731344,
Namibia,na,2023,5.879934633,12351025067,4168.285211,19.365,4.241104375,6.413624393,4.159985755,-14.64686211,,,,11781635236,
Namibia,na,2024,4.239039229,,,19.148,,,,,,,,,
Namibia,na,2025,,,,,,,,,,,,,
New Caledonia,nc,2010,,9364350077,35798.90848,13.95,,,,-14.52185113,,,,9769099063,
New Caledonia,nc,2011,2.428996938,10351448005,38835.94019,13.935,,,,-13.44374472,,,,10746989206,
New Caledonia,nc,2012,1.749672346,9659151917,35559.5672,14.051,,,,-20.01999247,,,,9952372304,
New Caledonia,nc,2013,1.27761319,10151382933,36671.15668,14.347,,,,-17.76699524,,,,10477490868,
New Caledonia,nc,2014,0.178851061,10635035595,37816.95586,14.59,,,,-12.22818651,,,,11145232414,
New Caledonia,nc,2015,0.570508141,8738203074,30858.72371,13.637,,,,-12.81018521,,,,9232789690,
New Caledonia,nc,2016,0.578317436,8724568955,30782.85444,12.714,,,,-7.498789463,,,,9230967085,
New Caledonia,nc,2017,,9174048682,32354.71028,11.676,,,,,,,,9718047504,
New Caledonia,nc,2018,,9896402284,34902.89688,11.702,,-0.774427808,3.995707282,,,,,10273712517,
New Caledonia,nc,2019,,9475655325,33411.33588,10.88,,2.434077081,-1.400000002,,,,,9835664554,
New Caledonia,nc,2020,,9454629468,33270.3306,13.558,,0.43012498,-2.400000001,,,,,9840168247,
New Caledonia,nc,2021,,10071349664,35311.55436,11.54,,4.827643129,-2.099999998,,,,,10450016551,
New Caledonia,nc,2022,,9623318718,33516.36309,10.71,,3.845714942,3.499999996,,,,,,
New Caledonia,nc,2023,,,,10.939,,,,,,,,,
New Caledonia,nc,2024,,,,11.15,,,,,,,,,
New Caledonia,nc,2025,,,,,,,,,,,,,
Niger,ne,2010,0.804073081,7851192502,474.4256923,0.722,1.583270972,3.475043014,8.578166743,-14.48290419,,,,8283686876,
Niger,ne,2011,2.94238514,8772950778,510.7595618,0.316,1.235252146,3.971605183,2.357756936,-16.33354225,,,,9327272805,
Niger,ne,2012,0.45508982,9426912648,528.5101045,2.177,-0.255604358,5.308339372,10.54894458,-10.83737961,,,,9746582481,
Niger,ne,2013,2.29723115,10224897438,552.1033344,1.397,5.677634437,-0.369174082,5.315130634,-11.25292645,,,,10626393166,
Niger,ne,2014,-0.93028726,10862943544,565.3098973,0.524,5.767407214,-0.405676845,6.642136655,-12.0310952,,,,11351529662,
Niger,ne,2015,-0.57609037,9683867926,485.6625742,0.553,2.840837677,2.249426436,4.392648832,-15.34734305,,,,10161942026,
Niger,ne,2016,1.653889224,10398861982,502.7064754,0.548,3.440598192,1.792721466,5.740893151,-11.36335799,,,,10734604835,
Niger,ne,2017,2.796373189,11185104252,521.80413,0.554,4.754214605,0.368276729,5.005360786,-11.39344611,,,,11600276120,
Niger,ne,2018,2.96760366,12837307497,578.5680357,0.535,,2.403686243,7.211418028,-12.6586016,,,,13405990161,
Niger,ne,2019,-2.489792651,12889555561,561.6913043,0.531,,-0.024382763,5.939852571,-12.19933645,,,,13479237677,
Niger,ne,2020,2.89819376,13744653103,579.5124958,0.594,,1.162979742,3.550641094,-13.21047176,,,,13156291934,
Niger,ne,2021,3.837868028,14915002436,608.7224396,0.78,,3.118645972,1.383596362,-14.07369649,,,,15188308377,
Niger,ne,2022,4.226217919,15433852712,609.7451476,0.418,,4.018999979,11.9,-16.19873567,,,,14058647972,
Niger,ne,2023,3.700973164,16819170421,642.9379179,0.425,,3.387917923,2.5,-13.86961655,,,,16182366024,
Niger,ne,2024,9.071519977,,,0.355,,,,,,,,,
Niger,ne,2025,,,,,,,,,,,,,
Nigeria,ng,2010,13.74005214,3.67E+11,2202.25673,3.746,1.067736065,16.34276633,8.005655916,3.572648291,,,,3.47E+11,
Nigeria,ng,2011,10.82613719,4.14E+11,2418.41317,3.77,5.685579859,9.778458097,5.307924203,2.574001234,,,,3.91E+11,
Nigeria,ng,2012,12.2242413,4.64E+11,2633.197347,3.76,6.224808614,9.947636706,4.230061175,3.744689645,,,,4.42E+11,
Nigeria,ng,2013,8.495518383,5.20E+11,2872.790834,3.711,11.20162222,4.964745716,6.671335393,3.662440304,,,,4.94E+11,
Nigeria,ng,2014,8.04741088,5.74E+11,3088.721313,3.902,11.35621302,4.662622917,6.309718655,0.157882534,,,,5.55E+11,
Nigeria,ng,2015,9.00943498,4.93E+11,2585.733607,4.135,13.59615325,2.863665123,2.652693295,-3.131401012,,,,4.80E+11,
Nigeria,ng,2016,15.69681264,4.05E+11,2070.412734,4.499,6.686233623,9.543670064,-1.616868949,1.254720982,,,,3.98E+11,
Nigeria,ng,2017,16.50226621,3.76E+11,1876.340271,4.828,5.790566865,11.11891808,0.805886619,3.609825501,,,,3.67E+11,
Nigeria,ng,2018,12.09510652,4.22E+11,2057.879446,5.067,6.055977158,10.22848509,1.922757342,1.726933037,,,,4.10E+11,
Nigeria,ng,2019,11.39642234,4.75E+11,2265.155209,5.206,4.522188496,10.3847792,2.208429277,-2.884028359,,,,4.65E+11,
Nigeria,ng,2020,13.24602343,4.32E+11,2019.657063,5.742,5.371280211,7.849142047,-1.794253083,-3.69874324,,,,4.27E+11,
Nigeria,ng,2021,16.95284572,4.41E+11,2017.274865,5.45,1.22771853,10.13103369,3.647186541,-0.738183955,,,,4.32E+11,
Nigeria,ng,2022,18.84718778,4.77E+11,2139.374785,3.821,0.919231895,11.31133494,3.251681408,0.213362294,,,,4.65E+11,
Nigeria,ng,2023,24.6595502,3.64E+11,1596.636961,3.074,1.233050487,12.62186923,2.860214991,1.655285972,,,,3.53E+11,
Nigeria,ng,2024,,,,2.989,,,,,,,,,
Nigeria,ng,2025,,,,,,,,,,,,,
Nicaragua,ni,2010,5.455134259,8758572306,1526.561853,7.83,6.766250246,6.138378556,4.409645499,-8.874734064,14.99330574,14.74191081,13.67841349,8514372005,
Nicaragua,ni,2011,8.082387981,9774320144,1679.710342,6.618,0.293568631,10.21428053,6.317476383,-11.90773356,14.97510162,15.76069048,14.51971695,9505620189,
Nicaragua,ni,2012,7.193550533,10531980451,1784.692128,5.208,5.413109787,6.24324468,6.495979229,-11.72429066,15.2289368,16.42070472,15.00919379,10116180544,
Nicaragua,ni,2013,7.135467853,10982954744,1835.434364,5.28,10.19109054,4.350180517,4.926115047,-12.56856677,15.09074529,16.21690648,15.02048069,10448754689,
Nicaragua,ni,2014,6.035968618,11880433903,1958.369665,4.52,4.747567196,8.391960213,4.786492487,-8.028326304,15.42778079,16.43459856,15.31626638,11432533910,
Nicaragua,ni,2015,3.997379967,12756685550,2074.454465,4.7,4.148245658,7.589286705,4.79144082,-9.873254264,15.92432869,16.72806415,15.58958836,12267685461,
Nicaragua,ni,2016,3.523173176,13286101094,2131.688285,3.9,6.547671257,4.59008267,4.562954429,-8.483301399,16.39378383,17.38271871,16.1664462,12651897676,
Nicaragua,ni,2017,3.850671663,13785924216,2182.618751,3.3,6.394282936,4.122704127,4.632533981,-7.160201844,16.52222793,17.82577488,16.57375161,13074230328,
Nicaragua,ni,2018,4.94723728,13025234821,2035.167501,5.2,8.023990436,2.658478923,-3.363687646,-1.797280458,16.84723739,16.96198797,15.69941645,12373034903,
Nicaragua,ni,2019,5.376289908,12699028890,1958.621329,5.472,6.700250378,5.39549784,-2.89702792,5.938249346,16.45177681,18.84663849,17.42176913,12232628823,
Nicaragua,ni,2020,3.681813416,12681569254,1931.615158,6.201,5.486902398,5.392609415,-1.755952892,3.706954483,16.47437147,18.55434523,17.07107956,11871469383,
Nicaragua,ni,2021,4.928413969,14144060853,2128.609806,6.118,5.869106819,3.542833874,10.31609128,-3.824070497,17.2570491,20.61572666,18.90723092,13248461278,
Nicaragua,ni,2022,10.46742445,15649897117,2325.167379,4.961,0.414507365,8.777652258,3.752284757,-2.472220725,16.67257953,21.484332,19.84119153,14530697776,
Nicaragua,ni,2023,8.387658549,17829218219,2612.870662,4.716,-1.072654128,10.66865404,4.569223171,7.746834342,16.26060354,21.4796661,19.91627137,16935018482,
Nicaragua,ni,2024,4.624738411,,,4.574,,,,,,,,,
Nicaragua,ni,2025,,,,,,,,,,,,,
Netherlands,nl,2010,1.275305696,8.52E+11,51305.73385,4.991,1.032394287,0.710272897,1.319320233,6.625774587,42.4982349,38.63849137,20.80146558,8.40E+11,
Netherlands,nl,2011,2.341070178,9.13E+11,54701.7728,4.977,1.75309023,0.242655795,1.773345207,7.223087768,41.88987108,38.4731705,20.66437708,9.02E+11,
Netherlands,nl,2012,2.455547653,8.46E+11,50473.9442,5.821,0.291989328,1.329129755,-0.977877009,7.826195768,42.13848613,38.92502947,20.32231797,8.30E+11,
Netherlands,nl,2013,2.506898527,8.84E+11,52602.28605,7.241,0.351053363,1.144927332,-0.030232452,8.375479332,42.44411156,39.86630948,20.55976333,8.71E+11,
Netherlands,nl,2014,0.97603508,9.02E+11,53457.22349,7.419,,0.344077998,1.612610074,8.85180304,41.94749104,39.73036734,21.53937288,8.83E+11,
Netherlands,nl,2015,0.600248147,7.76E+11,45793.81354,6.872,,0.888432968,2.120605224,4.918715795,40.61257911,38.70475918,21.79611685,7.58E+11,
Netherlands,nl,2016,0.316666667,7.97E+11,46808.52915,6.007,,0.565543725,2.424285765,7.274929026,39.44332975,39.48193147,22.34790155,7.65E+11,
Netherlands,nl,2017,1.381458714,8.48E+11,49513.68173,4.837,,1.43932716,2.781546099,8.128170286,38.28524853,39.54353735,23.06139219,8.24E+11,
Netherlands,nl,2018,1.703497947,9.30E+11,53955.077,3.832,,2.533402871,2.258740396,8.979833315,37.98720393,39.50383158,22.9523939,9.11E+11,
Netherlands,nl,2019,2.633699102,9.29E+11,53554.90075,3.379,,3.027883684,2.300091595,6.839289341,37.49763488,39.58978846,23.57577489,8.92E+11,
Netherlands,nl,2020,1.272460378,9.33E+11,53467.92774,3.82,,2.355730282,-3.867953393,5.618028103,43.02423992,39.84038468,23.9228232,8.80E+11,
Netherlands,nl,2021,2.675720088,1.05E+12,60141.98809,4.209,,2.747343238,6.276830732,10.04688749,41.79541248,39.44131008,24.3086759,1.05E+12,
Netherlands,nl,2022,10.00120788,1.05E+12,59123.31856,3.526,,6.155574926,5.00723459,6.657745597,39.36527741,39.16725363,23.89879455,1.00E+12,
Netherlands,nl,2023,3.838393543,1.15E+12,64572.00596,3.537,,7.343742685,0.074560722,9.847544792,39.31579179,38.80155377,24.84088127,1.14E+12,
Netherlands,nl,2024,3.347543042,,,3.599,,,,,,,,,
Netherlands,nl,2025,,,,,,,,,,,,,
Norway,no,2010,2.418906395,4.31E+11,88163.20859,3.527,,5.955361338,0.787051845,11.65940779,34.72510998,46.95090988,26.74376696,4.36E+11,
Norway,no,2011,1.284951588,5.01E+11,101221.8135,3.196,,6.672790002,1.105656027,13.25464439,34.14178792,48.65549984,27.5519417,5.06E+11,
Norway,no,2012,0.696864111,5.13E+11,102175.9193,3.129,,3.353089301,2.717959267,12.38376061,33.7289756,48.42411305,26.87254323,5.17E+11,
Norway,no,2013,2.120486204,5.26E+11,103553.8401,3.425,1.752027631,2.553238917,1.016190824,10.16127819,34.19331561,46.28750605,25.01013644,5.32E+11,
Norway,no,2014,2.041702867,5.02E+11,97666.69518,3.486,3.943147373,0.258332849,2.048131999,10.95488672,35.60631746,45.86757569,23.41203172,5.18E+11,
Norway,no,2015,2.171136654,3.88E+11,74809.9658,4.296,6.486376482,-2.804468122,1.857339726,8.013607089,38.15121991,45.38865619,22.08854882,4.04E+11,
Norway,no,2016,3.55,3.71E+11,70867.361,4.68,4.743909446,-1.598097164,1.164724235,3.980495237,39.73857803,45.18216259,21.96037593,3.87E+11,
Norway,no,2017,1.875100596,4.02E+11,76131.8384,4.164,-1.032961377,4.080949341,2.463746285,5.388965663,38.69464774,45.16149514,22.29004036,4.16E+11,
Norway,no,2018,2.764831345,4.40E+11,82792.84271,3.801,-3.57599603,6.742957247,0.828900664,7.949594316,37.12945408,46.65447253,23.31360593,4.58E+11,
Norway,no,2019,2.167730033,4.09E+11,76430.58895,3.684,3.805170871,-0.548467416,1.123777874,2.916008599,38.56208769,47.47572726,23.2830044,4.21E+11,
Norway,no,2020,1.286584907,3.68E+11,68340.0181,4.424,5.349419417,-2.517260591,-1.278171785,1.145572929,45.39095643,44.6149224,21.25318677,3.83E+11,
Norway,no,2021,3.483880553,5.03E+11,93072.89251,4.359,-14.92287678,20.21347548,3.908686777,14.8001388,36.52065678,47.43718158,25.50551801,5.02E+11,
Norway,no,2022,5.764123179,5.94E+11,108798.4512,3.231,-19.44299027,28.16182438,3.005635161,28.75295642,29.41851971,56.53334945,31.48031162,5.97E+11,
Norway,no,2023,5.517849871,4.85E+11,87925.09442,3.572,17.81980506,-10.6191584,0.479647246,17.32988082,35.71930167,53.97298352,26.92105725,5.08E+11,
Norway,no,2024,3.145301344,,,3.97,,,,,,,,,
Norway,no,2025,,,,,,,,,,,,,
Nepal,np,2010,9.326504107,16002656434,585.278492,10.554,,15.14693245,4.816414647,-0.797465993,15.63520088,14.89835577,13.39611544,16124973167,33.86252123
Nepal,np,2011,9.227075461,21573872421,785.5186562,10.64,,26.39730666,3.421808701,1.337750797,13.93790824,13.05669107,11.62467775,21678317046,
Nepal,np,2012,9.459809804,21703100877,788.2029371,10.643,,7.74115003,4.670141924,2.660706881,13.83933585,13.89090147,12.04080455,21854809620,
Nepal,np,2013,9.040163119,22162204925,803.2695954,10.687,,7.082650999,3.525153171,5.231373727,12.69043542,15.16888016,13.29788586,22310902766,
Nepal,np,2014,8.364154697,22731612922,821.4552249,10.617,,8.035366196,6.011482843,2.182982417,13.58299152,16.23388567,13.99491049,23065091326,
Nepal,np,2015,7.868908956,24360801287,875.5436355,10.644,,4.409045433,3.976053272,10.04330839,13.98979845,16.99260634,14.68630457,24704984111,
Nepal,np,2016,8.79034332,24524109484,877.2564547,10.742,,7.150334788,0.433113719,-0.684346639,14.22711074,18.57593366,16.14374976,24843843666,
Nepal,np,2017,3.627096107,28971588940,1034.283749,10.66,,8.261412549,8.977279356,-3.56432924,16.85380845,19.93732837,17.99936212,29263410262,
Nepal,np,2018,4.061163388,33111525237,1179.198432,10.559,,4.355858468,7.622376104,-8.300805103,20.1657917,22.0168966,19.08282606,33328197895,
Nepal,np,2019,5.568685478,34186180699,1203.142947,10.389,,4.691155933,6.657055431,-5.12963069,21.70186528,22.40134791,19.80906024,34539791627,31.77714735
Nepal,np,2020,5.052366553,33433659301,1154.215176,12.975,,3.217402332,-2.369620629,-0.251653542,20.16478293,19.36542667,15.77364973,33828751648,39.04856313
Nepal,np,2021,4.149680034,36924841394,1252.750767,12.186,,6.762712163,4.838149614,-14.52401635,19.44188219,19.88212156,17.48530328,37122384063,39.92226864
Nepal,np,2022,7.650791768,41182939601,1385.910663,10.844,,8.241191953,5.631314559,-7.498672558,,,,41421597989,
Nepal,np,2023,7.114759517,40908073367,1377.626036,10.628,,5.416145185,1.952544633,0.358510891,,,,41385089423,
Nepal,np,2024,,,,10.706,,,,,,,,,
Nepal,np,2025,,,,,,,,,,,,,
Nauru,nr,2010,,47562844.61,4735.920005,,,-9.855790077,-0.159976911,49.78487722,,,,57343262.81,
Nauru,nr,2011,0.3003003,65444173.78,6480.904513,,,7.453894705,14.39463342,30.19390477,,,,80826669.22,
Nauru,nr,2012,-0.124750499,100794924.7,9817.368722,,,17.54464962,25.2793205,34.58697032,,,,121406064.3,
Nauru,nr,2013,,94385014.94,8974.518869,,,-9.191989321,3.647740417,48.58299415,,,,118560095,
Nauru,nr,2014,,98752257.05,9193.097844,,,0.42769887,16.42333564,26.35837851,87.10234113,85.63221831,20.10882596,121387295.1,
Nauru,nr,2015,,84383388.64,7703.431499,,,-8.189350001,2.698017274,-19.79264871,95.70032378,86.5995117,17.07507273,116082379.7,
Nauru,nr,2016,,97276023.08,8724.307003,,,26.25109368,4.363240539,2.137597327,89.03247356,94.09694107,25.31272588,133308308,
Nauru,nr,2017,,108862278.5,9613.412091,,,14.92356004,-6.011229987,12.96126332,90.98387204,92.81538071,22.65238158,152302863.3,
Nauru,nr,2018,,130937589.8,11408.69476,,,18.47243868,-1.219122015,7.329425522,78.47658717,102.7425547,28.85657538,175662111.5,
Nauru,nr,2019,,124871111.4,10776.82846,,,-4.728506198,8.486736592,4.476750329,89.74023089,129.0656227,34.22777009,176651639.2,
Nauru,nr,2020,,124530027.3,10695.69933,,,4.331053927,1.981819494,2.595892651,103.7257867,138.9958452,44.40226509,187208048,
Nauru,nr,2021,,175513984.5,14989.66475,,,18.08157646,7.206594666,3.75845295,,,,263806198.1,
Nauru,nr,2022,,156803087.3,13287.27119,,,-10.80142316,3.022636275,1.891253514,,,,254436437.6,
Nauru,nr,2023,,154170289.3,12982.76121,,,5.373818333,0.590699676,1.247030316,,,,262445000.2,
Nauru,nr,2024,,,,,,,,,,,,,
Nauru,nr,2025,,,,,,,,,,,,,
New Zealand,nz,2010,2.30202386,1.47E+11,33676.77412,6.557,3.001040799,3.15959278,1.444621284,-2.340594853,34.23279008,32.39936167,26.15230007,1.39E+11,34.8105507
New Zealand,nz,2011,4.027906674,1.68E+11,38388.52809,6.491,3.553409306,2.467734501,2.241342215,-2.865702193,40.08609586,33.85863963,25.66662911,1.61E+11,48.13583063
New Zealand,nz,2012,1.059913184,1.76E+11,39974.29973,6.931,6.024904933,-0.189641681,2.289462967,-3.908560981,35.03043302,33.15061565,26.90944578,1.69E+11,51.65650547
New Zealand,nz,2013,1.134422664,1.91E+11,42977.38804,5.839,1.317234333,4.16102482,2.76017959,-3.057411536,33.09154328,32.50042741,26.71564067,1.83E+11,46.44952469
New Zealand,nz,2014,1.227507506,2.01E+11,44578.22539,5.428,5.297570118,0.481109439,3.754319415,-3.091299318,32.3564168,32.67466285,26.85051442,1.93E+11,43.91030041
New Zealand,nz,2015,0.292704628,1.78E+11,38639.35019,5.415,4.25698894,1.4440385,3.734035773,-2.617975229,31.53687396,32.73457793,27.41171588,1.72E+11,42.9302576
New Zealand,nz,2016,0.646240284,1.89E+11,40070.89566,5.147,2.548959802,2.410432574,3.748311452,-2.126098041,30.72822149,32.3754869,27.27716624,1.83E+11,41.4034427
New Zealand,nz,2017,1.850787675,2.07E+11,42913.18696,4.736,1.103166662,3.616932544,3.397282504,-2.809067609,29.92131025,32.15341355,27.3310425,1.99E+11,38.6627179
New Zealand,nz,2018,1.598297038,2.12E+11,43228.69765,4.335,-1.722922091,1.753127105,3.49949703,-4.048213943,29.70416725,32.03274619,27.48216205,2.04E+11,36.63081003
New Zealand,nz,2019,1.619631902,2.13E+11,42747.20993,4.109,,3.08556631,2.361962178,-2.793065021,30.08622147,32.79266424,28.16977482,2.08E+11,32.78862493
New Zealand,nz,2020,1.7145617,2.13E+11,41785.69229,4.595,,1.955151654,-0.424906458,-1.128652129,36.40284824,31.73656065,27.3768537,2.09E+11,46.11850594
New Zealand,nz,2021,3.941120608,2.54E+11,49624.18167,3.776,,4.578162455,4.546247639,-5.836520132,33.65078677,32.82944041,29.0601312,2.47E+11,51.36975477
New Zealand,nz,2022,7.17222476,2.47E+11,48216.50958,3.297,,5.587087559,2.774842648,-8.765456363,35.92559391,33.61029471,29.93385652,2.39E+11,54.56667223
New Zealand,nz,2023,5.73316283,2.52E+11,48280.81142,3.729,,4.758549167,0.733302172,-6.767166673,,,,2.44E+11,
New Zealand,nz,2024,2.922797823,,,4.869,,,,,,,,,
New Zealand,nz,2025,,,,,,,,,,,,,
Oman,om,2010,3.256579591,64993498049,23570.17981,3.935,-6.324582968,14.37499121,2.471998566,7.594763617,,,,61422626788,
Oman,om,2011,4.042188671,77497529259,25188.00742,3.958,-8.079733794,15.88449178,2.894609735,11.44357148,,,,73359687906,
Oman,om,2012,2.947734953,87408842653,24642.29788,3.765,2.214694239,3.606434269,8.863122256,8.990685072,,,,82904291287,
Oman,om,2013,1.053548203,89936020806,23458.02338,3.547,7.911581547,-2.220411853,5.227704081,5.879920917,,,,86700650195,
Oman,om,2014,1.014014839,92699089727,23160.65023,3.449,3.407896829,1.757299549,1.292252294,4.629958154,,,,88413003901,
Oman,om,2015,0.065290133,78710793238,18808.30779,3.401,29.71419215,-19.14647252,5.017057997,-13.76293519,,,,76448114434,
Oman,om,2016,1.109208058,75128738622,17110.18975,3.266,15.45980935,-9.136275276,5.046423946,-16.55484663,,,,73063719116,
Oman,om,2017,1.589094136,80856697009,17820.06618,2.522,-1.999367849,7.297943298,0.304057566,-13.61439437,,,,77933420026,
Oman,om,2018,0.889312371,91505851756,19901.76156,1.8,-5.804866112,11.73229461,1.287103915,-4.873337946,,,,86577373212,
Oman,om,2019,0.490815363,88060858257,19180.18642,2.04,8.300898405,-2.666233553,-1.128638017,-4.9181887,,,,81936020806,
Oman,om,2020,-0.406402919,75909492848,16784.86306,2.94,18.21419899,-10.7835606,-3.379720527,-16.54867658,,,,70302210663,
Oman,om,2021,1.682211859,87323797139,19403.46002,1.9,-5.923980703,12.14105028,2.582174989,-5.537649114,,,,81295188557,
Oman,om,2022,2.506142506,1.12E+11,23665.63947,3.3,,16.98971855,9.577106131,3.896671386,,,,1.03E+11,
Oman,om,2023,0.950782998,1.09E+11,21549.83687,3.176,,-4.055925403,1.310440113,2.424053599,,,,1.04E+11,
Oman,om,2024,,,,3.161,,,,,,,,,
Oman,om,2025,,,,,,,,,,,,,
Pakistan,pk,2010,12.93887056,1.97E+11,987.3045711,0.653,3.123155872,10.58864426,1.501717522,-0.688324235,,,,1.93E+11,
Pakistan,pk,2011,11.91609271,2.31E+11,1131.735138,0.796,-1.710998401,16.41095627,2.680116854,-0.957124213,,,,2.28E+11,
Pakistan,pk,2012,9.682351861,2.50E+11,1204.364755,3.667,3.275933783,9.918315438,3.027583911,-0.936399348,,,,2.47E+11,
Pakistan,pk,2013,7.692156119,2.59E+11,1225.434012,2.954,4.28626671,7.383106967,4.36686505,-1.707278769,,,,2.55E+11,
Pakistan,pk,2014,7.189384028,2.71E+11,1266.613408,1.827,4.216252635,7.209765439,4.116428172,-1.347873392,,,,2.67E+11,
Pakistan,pk,2015,2.529328173,3.00E+11,1380.470208,3.566,5.470839389,4.441980334,4.217942096,-0.934446742,,,,2.95E+11,
Pakistan,pk,2016,3.765119164,3.14E+11,1424.691612,2.285,7.761265133,0.922163326,6.573838285,-2.292796607,,,,3.08E+11,
Pakistan,pk,2017,4.08537368,3.39E+11,1519.234595,3.215,4.018325688,4.029745993,4.432625907,-4.769857605,,,,3.34E+11,
Pakistan,pk,2018,5.078057259,3.56E+11,1569.338146,4.083,4.515568205,3.841786633,6.151702611,-5.295561756,,,,3.51E+11,
Pakistan,pk,2019,10.5783618,3.21E+11,1390.41691,4.83,2.931793303,9.036334842,2.497636929,-2.666773257,,,,3.15E+11,
Pakistan,pk,2020,9.739993139,3.00E+11,1278.397352,6.127,0.739692508,9.944498211,-1.274087443,-0.216650638,,,,2.95E+11,
Pakistan,pk,2021,9.496210561,3.49E+11,1455.319224,6.338,-1.452259423,10.26734208,6.513885759,-3.524395776,,,,3.44E+11,
Pakistan,pk,2022,19.87385996,3.75E+11,1538.322813,5.485,,13.93701124,4.778106869,-3.258581815,,,,3.70E+11,
Pakistan,pk,2023,30.76812807,3.38E+11,1365.277432,5.408,,25.99976834,-0.039692523,-0.244214769,,,,3.32E+11,
Pakistan,pk,2024,12.63253185,,,5.472,,,,,,,,,
Pakistan,pk,2025,,,,,,,,,,,,,
Panama,pa,2010,3.491288726,30231009500,8331.464214,5.845,4.641732804,2.55070368,6.073393531,-10.32515967,,,,27919709500,
Panama,pa,2011,5.875802437,35687738300,9662.295922,4.03,1.924992083,5.487703395,11.90887722,-12.65812914,,,,33773738300,
Panama,pa,2012,5.698199592,41595439700,11064.80636,3.691,1.322323721,6.318294637,9.627293464,-8.979590135,,,,38857139700,
Panama,pa,2013,4.027159916,46949496500,12273.3225,3.674,1.173154893,6.157936309,6.324353887,-8.698708835,,,,44042096500,
Panama,pa,2014,2.626526999,51427104900,13213.19896,4.391,2.140407326,4.694119399,4.625813756,-12.98381469,12.91128746,13.23082836,9.959648751,47073004900,
Panama,pa,2015,0.137492058,55767806100,14082.65485,4.335,3.378360191,3.014789366,5.266917196,-8.693904851,13.99942635,12.8142247,9.798019616,52316906100,
Panama,pa,2016,0.739734025,59760858700,14832.36116,4.717,4.024183385,2.475015332,4.571967079,-7.542846071,13.69505778,12.68514642,10.05573852,55623707800,
Panama,pa,2017,0.875585919,64327688800,15694.62975,5.338,4.883719008,1.794693758,5.744059464,-5.822445965,13.94178445,13.4436094,9.665744695,60514887600,
Panama,pa,2018,0.761578359,67316471200,16151.32735,5.161,6.139255012,0.700536905,3.918198074,-7.884192986,13.59209431,13.18679761,9.590967813,61995613500,
Panama,pa,2019,-0.355083821,69778991200,16477.90663,6.256,6.516567271,0.538350741,3.103067886,-5.050231732,15.03729689,11.8306567,8.648377915,65459457700,
Panama,pa,2020,-1.550275408,57059846500,13290.56083,14.663,7.540319976,-0.494685754,-17.82122997,0.675537934,19.26891439,11.51470478,8.049989517,55305091100,
Panama,pa,2021,1.630703373,67396392500,15509.80691,10.177,5.444503301,1.41511726,16.46712492,-1.155520089,17.14125656,11.15540313,7.460605702,63404274400,
Panama,pa,2022,2.859651288,76276116700,17332.43607,8.086,4.635028233,2.17180786,10.76966587,-0.622928866,,,,72807217200,
Panama,pa,2023,1.486413553,83318176900,18686.4051,6.544,,1.706738314,7.399301556,-4.487217217,,,,79285543400,
Panama,pa,2024,0.68519788,,,6.518,,,,,,,,,
Panama,pa,2025,,,,,,,,,,,,,
Peru,pe,2010,1.528320597,1.48E+11,5072.11494,3.6,12.54947337,5.710728594,8.332459107,-2.416112442,17.82233989,20.28603876,15.46657176,1.37E+11,23.68179134
Peru,pe,2011,3.369310953,1.72E+11,5861.357936,3.477,11.17808786,6.745787125,6.327192402,-1.964222121,17.62788492,20.80256177,15.96889515,1.59E+11,20.72021657
Peru,pe,2012,3.611212949,1.93E+11,6519.37853,3.238,17.82002249,1.20258494,6.139724706,-2.79147705,17.9177885,21.51329658,16.5466871,1.81E+11,19.21665946
Peru,pe,2013,2.767896661,2.01E+11,6746.800257,3.575,16.90330807,1.057234351,5.852518211,-4.765798802,18.95835133,21.54920409,16.43300669,1.91E+11,18.39442038
Peru,pe,2014,3.411945798,2.01E+11,6667.134104,3.208,12.99478509,2.432441085,2.382157372,-4.282474559,20.51142191,21.82969073,16.72092668,1.92E+11,19.5653896
Peru,pe,2015,3.398091947,1.90E+11,6231.711503,3.272,13.06382202,2.690520901,3.252244772,-4.608457752,20.56758237,19.67956581,14.91965132,1.83E+11,22.86555447
Peru,pe,2016,3.557176636,1.92E+11,6217.036,3.741,12.98525678,3.08088269,3.953318715,-2.204067893,19.18802694,18.27656522,13.78754764,1.84E+11,23.70625643
Peru,pe,2017,2.994900458,2.11E+11,6736.166937,3.691,12.71220357,3.615658261,2.518835442,-0.857819434,20.15027847,17.8234034,13.17434165,2.01E+11,24.74833951
Peru,pe,2018,1.50915423,2.23E+11,6978.491215,3.492,11.9886777,2.277415318,3.969351341,-1.172015485,19.88925175,19.03796427,14.28637131,2.12E+11,25.72900096
Peru,pe,2019,2.252121914,2.28E+11,7037.008037,3.379,12.28326446,1.872216268,2.240631769,-0.623492996,20.66191186,19.52900267,14.52540406,2.20E+11,26.52660503
Peru,pe,2020,2.002412058,2.01E+11,6133.325524,7.179,8.888580607,3.719171197,-10.9333065,0.93834173,26.90654027,18.05012231,13.22109096,1.96E+11,34.76491504
Peru,pe,2021,4.271663815,2.26E+11,6826.972007,5.097,0.814299824,10.08310183,13.35522951,-2.06502617,22.84419092,20.67486619,15.92254473,2.09E+11,35.24525371
Peru,pe,2022,8.333706301,2.46E+11,7363.272069,3.85,7.474525962,4.766461937,2.725500216,-3.952816428,,,,2.30E+11,
Peru,pe,2023,6.455613484,2.68E+11,7906.585029,4.899,,6.566343631,-0.550182306,0.829344942,,,,2.53E+11,
Peru,pe,2024,2.007707394,,,4.828,,,,,,,,,
Peru,pe,2025,,,,,,,,,,,,,
Philippines,ph,2010,3.789836348,2.08E+11,2162.913759,3.605,3.163508987,4.37088436,7.334499965,3.445409177,13.79368894,12.84705916,11.63527559,2.32E+11,50.19624148
Philippines,ph,2011,4.718417047,2.34E+11,2383.918925,3.592,2.640950498,3.918805781,3.858232824,2.409190699,13.52119066,13.39827872,11.84900078,2.59E+11,48.80584812
Philippines,ph,2012,3.026963911,2.62E+11,2614.616444,3.504,3.613268953,1.994176101,6.896951708,2.653278221,13.54548137,13.80323438,12.30592711,2.91E+11,49.1574552
Philippines,ph,2013,2.582687661,2.84E+11,2781.279577,3.497,3.63093413,2.06106335,6.750531304,4.009649584,13.207152,14.21555059,12.74382206,3.17E+11,47.14418186
Philippines,ph,2014,3.597823439,2.97E+11,2866.838038,3.6,2.399600236,3.053055308,6.34798748,3.615639134,12.82164777,14.4354569,13.01551718,3.32E+11,43.42633894
Philippines,ph,2015,0.674192537,3.06E+11,2909.85818,3.068,6.34358649,-0.719682789,6.348309715,2.37094986,13.47674112,14.67705028,13.01961059,3.41E+11,
Philippines,ph,2016,1.253698801,3.19E+11,2985.19564,2.695,4.306550984,1.280311738,7.149456753,-0.376262662,13.43514901,14.50973202,13.08710069,3.54E+11,
Philippines,ph,2017,2.853187726,3.28E+11,3038.12125,2.552,3.231999269,2.320259947,6.930988325,-0.652387929,13.61315757,14.93213807,13.59379375,3.65E+11,
Philippines,ph,2018,5.309346616,3.47E+11,3168.510366,2.338,2.292106403,3.740653831,6.341485571,-2.559393063,14.21255932,15.51845144,14.04753328,3.84E+11,
Philippines,ph,2019,2.392065344,3.77E+11,3400.789498,2.237,6.354461587,0.697076301,6.118525661,-0.808557863,14.80730741,16.06915835,14.48847302,4.15E+11,
Philippines,ph,2020,2.393162393,3.62E+11,3227.579102,2.522,,1.650490185,-9.518294741,3.200650092,19.56030292,15.9052545,13.95098571,3.89E+11,
Philippines,ph,2021,3.927180221,3.94E+11,3484.385939,3.398,,2.28247846,5.714733134,-1.50797766,19.13922922,15.48051244,14.13000393,4.08E+11,
Philippines,ph,2022,5.821158112,4.04E+11,3548.069306,2.598,,5.488648202,7.580982128,-4.516057633,18.60688933,16.08274268,14.61900582,4.28E+11,
Philippines,ph,2023,5.978025155,4.37E+11,3804.87258,2.222,,4.596485062,5.545851171,-2.833532814,16.87708617,15.71878298,14.10150725,4.85E+11,
Philippines,ph,2024,3.21260487,,,2.153,,,,,,,,,
Philippines,ph,2025,,,,,,,,,,,,,
Palau,pw,2010,1.442190174,188174300,10229.08785,,,-0.064539845,-0.895890571,-9.926275341,49.98367046,19.17219714,16.59811671,186058700,32.36315055
Palau,pw,2011,4.674698795,198873900,11000.87952,,,0.540086169,5.118275675,-12.74385381,52.59349015,20.75939989,17.45090808,195804000,25.49509362
Palau,pw,2012,3.614180479,215762400,12145.36448,,,7.149008516,1.25344702,-15.98251163,53.62912628,21.71994353,18.06918025,207871200,26.84658124
Palau,pw,2013,3.354810042,225345718.8,12768.90972,,,7.712025447,-3.036260827,-12.962996,48.74413485,22.22827632,18.39007648,220074418.8,22.78564079
Palau,pw,2014,4.191745486,243156484.4,13726.02226,,,2.991077121,4.77,-19.90229504,46.45587441,24.46495316,19.33733461,234081884.4,21.74357683
Palau,pw,2015,0.949040644,278824781.3,15690.75865,,,5.978618468,8.2,-8.695759279,40.25559046,25.52594956,20.28290878,265680781.3,63.83644244
Palau,pw,2016,-1.042305334,298323500,16762.57234,,,7.466030503,-0.44,-16.56993163,41.39414731,25.29127174,19.81538164,282581000,67.95251095
Palau,pw,2017,1.417988197,285600000,16034.13429,,,-1.038868011,-3.26,-23.41701681,42.27929377,27.02571289,19.92910924,279700000,79.83135784
Palau,pw,2018,2.109704641,288546281.3,16197.72545,,,0.920598424,0.11,-18.77896321,40.64385183,26.80487778,20.95422224,281046281.3,83.67651039
Palau,pw,2019,0.267379679,281941562.5,15841.19353,,,-2.483995402,0.2,-29.74020547,42.42703911,24.51576007,18.36675322,279941562.5,85.20257598
Palau,pw,2020,0.218181818,258990843.8,14556.58969,,,-2.277447531,-5.999425856,-44.63864372,58.95359482,24.215914,18.08094808,264990843.8,
Palau,pw,2021,2.612481858,235752906.3,13257.20667,,,5.592868094,-13.79388797,-49.09335025,,,,245452906.3,
Palau,pw,2022,12.35266384,255591062.5,14392.19903,,,9.8633004,-1.318449033,-52.9862033,,,,258791062.5,
Palau,pw,2023,12.81997482,281849062.5,15899.42249,,,8.241670466,1.877069798,,,,,266049062.5,
Palau,pw,2024,2.231727729,,,,,,,,,,,,
Palau,pw,2025,,,,,,,,,,,,,
Papua New Guinea,pg,2010,6.013608936,14250786675,1866.868899,2.002,0.480973312,9.917161123,10.12845407,-4.508491529,,,,13182459455,
Papua New Guinea,pg,2011,4.44083401,17985138066,2288.375911,2.62,1.81485584,8.833168224,1.107543626,-1.100184834,,,,16273190424,
Papua New Guinea,pg,2012,4.537205082,21295168666,2635.087363,2.631,11.4555568,-0.574719487,4.657119597,-10.78816003,,,,20197600410,
Papua New Guinea,pg,2013,4.96031746,21261338065,2560.77459,2.692,6.316495981,3.586935389,3.824946328,-16.22568195,,,,19541529643,
Papua New Guinea,pg,2014,5.222117202,23210823987,2723.175298,2.536,3.735335805,5.437392654,13.54377062,12.13931772,21.75114939,19.26719915,17.90996215,22809098942,26.894612
Papua New Guinea,pg,2015,5.995957781,21723437010,2484.59634,2.503,10.08781132,-1.231118417,6.578356323,11.20640237,20.22956707,16.93324069,15.22728706,20304538493,29.87537774
Papua New Guinea,pg,2016,6.673728814,20758876953,2316.394798,2.472,5.712976777,2.517845936,5.489573153,13.62876125,18.38751176,13.9232871,12.94862858,19814206949,33.7401901
Papua New Guinea,pg,2017,5.42204568,22742699138,2477.76531,2.569,0.639555495,7.699535038,3.534610818,15.90246129,16.58299181,13.90644183,12.60500176,21662807668,32.68568941
Papua New Guinea,pg,2018,4.374489215,24109780708,2566.368337,2.635,-0.658125153,9.797605661,-0.279252285,13.63026972,18.30991129,15.42747804,13.19302875,22779684590,36.674291
Papua New Guinea,pg,2019,3.928672909,24750626041,2575.772743,2.634,7.508808688,1.062261464,4.480514571,14.3799231,19.14320693,14.19890173,13.02195586,23013814348,40.1543056
Papua New Guinea,pg,2020,4.871673986,23848447850,2429.611346,2.883,5.968777224,1.634496646,-3.167432041,14.33723527,20.89591296,12.92897991,11.87919551,23104207317,48.68009561
Papua New Guinea,pg,2021,4.48359014,26109413522,2607.578619,3.003,-3.542059015,11.59527033,-0.511353444,12.57725535,19.83437766,12.85032676,12.14842321,24519488110,52.5838575
Papua New Guinea,pg,2022,5.253239222,31647277767,3101.710632,2.689,-6.118455677,15.02882075,5.707584118,14.43220783,19.44893824,15.32038422,14.77049521,29784181761,48.1888181
Papua New Guinea,pg,2023,2.298699913,30729242919,2957.682625,2.661,12.41398207,-3.62211157,3.035704755,13.61217025,20.32357175,16.86083806,15.93480056,28819335418,52.38126597
Papua New Guinea,pg,2024,0.602403921,,,2.741,,,,,,,,,
Papua New Guinea,pg,2025,,,,,,,,,,,,,
Poland,pl,2010,2.580693703,4.78E+11,12567.73177,9.578,,1.579217332,3.168927483,-5.16657584,36.73457497,31.97065862,16.53702355,4.62E+11,
Poland,pl,2011,4.239401496,5.28E+11,13867.66694,9.576,,3.065714546,5.255462566,-5.110556874,34.8359107,32.53709393,16.66968256,5.09E+11,
Poland,pl,2012,3.560371517,4.98E+11,13087.42094,10.031,,2.183433574,1.511781676,-4.111824856,35.05808628,32.75362122,16.00525692,4.79E+11,
Poland,pl,2013,0.991982606,5.18E+11,13621.90238,10.293,,0.27097579,0.684240607,-1.981551438,35.91296203,32.44189653,15.67425911,4.99E+11,
Poland,pl,2014,0.053821313,5.42E+11,14262.28419,8.971,,0.482272388,3.920508624,-2.972880327,35.07490236,32.28977333,15.62719823,5.21E+11,
Poland,pl,2015,-0.874125874,4.80E+11,12637.52203,7.475,,1.320710917,4.431767003,-1.325475557,34.13873729,32.48211724,15.61359532,4.62E+11,
Poland,pl,2016,-0.664767331,4.73E+11,12464.01105,6.141,,0.082862448,3.031177676,-1.068758071,34.80115329,32.8126112,16.20902913,4.55E+11,
Poland,pl,2017,2.075935537,5.28E+11,13913.34029,4.867,,1.770202849,5.152457733,-1.186319825,34.26175209,33.53189746,16.73557568,5.06E+11,
Poland,pl,2018,1.812951565,5.95E+11,15658.21203,3.835,,1.226998252,6.245858472,-1.965972407,33.05896339,34.10036473,17.18482185,5.69E+11,
Poland,pl,2019,2.227478809,6.03E+11,15874.52205,3.267,,3.026446909,4.580458173,-0.272945794,33.82705347,34.1467262,17.14075929,5.78E+11,
Poland,pl,2020,3.374469726,6.06E+11,15987.57537,3.155,,4.238594349,-2.035568824,2.398359222,40.52229688,34.70819232,17.29114409,5.83E+11,
Poland,pl,2021,5.055027047,6.89E+11,18635.51049,3.268,,5.340236028,6.927182661,-1.301565216,36.99854745,35.78863641,18.95906772,6.59E+11,
Poland,pl,2022,14.42945076,6.96E+11,18891.21212,2.811,,10.68957743,5.255456974,-2.274558665,36.06324072,33.80918135,17.12253092,6.68E+11,
Poland,pl,2023,11.5289128,8.09E+11,22056.66617,2.743,,9.547188625,0.138832755,1.796216938,39.25529382,36.03881691,18.07114866,7.78E+11,
Poland,pl,2024,3.784260075,,,2.472,,,,,,,,,
Poland,pl,2025,,,,,,,,,,,,,
Puerto Rico,pr,2010,,98381300000,26435.74879,16.1,,2.494098591,-0.413254118,,,,,64294600000,
Puerto Rico,pr,2011,,1.00E+11,27278.88305,15.7,,2.369826349,-0.358510628,,,,,65720700000,
Puerto Rico,pr,2012,,1.02E+11,27944.73389,14.5,,1.179228149,0.02927511,,,,,68085700000,
Puerto Rico,pr,2013,,1.02E+11,28513.16574,14.3,,1.182015196,-0.306826657,,,,,68944900000,
Puerto Rico,pr,2014,,1.02E+11,28981.45733,13.9,,1.200554859,-1.190363454,,,,,68797500000,
Puerto Rico,pr,2015,,1.03E+11,29763.4883,12,,1.97754447,-1.049290032,,,,,69602000000,
Puerto Rico,pr,2016,,1.04E+11,30627.1634,11.8,,2.221582484,-1.263694348,,,,,69985200000,
Puerto Rico,pr,2017,,1.03E+11,31108.75275,10.8,,2.091402162,-2.885218384,,,,,69049500000,
Puerto Rico,pr,2018,,1.01E+11,31615.06679,9.2,,2.046115685,-4.361427032,,,,,67601100000,
Puerto Rico,pr,2019,,1.05E+11,32916.8668,8.3,,2.412852257,1.675463795,,,,,70765100000,
Puerto Rico,pr,2020,,1.03E+11,31427.42911,8.89,,2.382283456,-4.180874309,,,,,70353300000,
Puerto Rico,pr,2021,,1.06E+11,32619.25042,7.9,,2.799639905,0.38522272,,,,,73357200000,
Puerto Rico,pr,2022,,1.14E+11,35268.0791,6,,3.033079022,3.568110247,,,,,78476700000,
Puerto Rico,pr,2023,,1.18E+11,36779.05949,5.725,,3.235459438,0.563519427,,,,,81550700000,
Puerto Rico,pr,2024,,,,5.472,,,,,,,,,
Puerto Rico,pr,2025,,,,,,,,,,,,,
"Korea, Dem. People's Rep.",kp,2010,,,,2.81,,,,,,,,,
"Korea, Dem. People's Rep.",kp,2011,,,,2.894,,,,,,,,,
"Korea, Dem. People's Rep.",kp,2012,,,,2.916,,,,,,,,,
"Korea, Dem. People's Rep.",kp,2013,,,,2.928,,,,,,,,,
"Korea, Dem. People's Rep.",kp,2014,,,,2.883,,,,,,,,,
"Korea, Dem. People's Rep.",kp,2015,,,,2.896,,,,,,,,,
"Korea, Dem. People's Rep.",kp,2016,,,,2.931,,,,,,,,,
"Korea, Dem. People's Rep.",kp,2017,,,,2.846,,,,,,,,,
"Korea, Dem. People's Rep.",kp,2018,,,,2.757,,,,,,,,,
"Korea, Dem. People's Rep.",kp,2019,,,,2.782,,,,,,,,,
"Korea, Dem. People's Rep.",kp,2020,,,,2.948,,,,,,,,,
"Korea, Dem. People's Rep.",kp,2021,,,,3,,,,,,,,,
"Korea, Dem. People's Rep.",kp,2022,,,,2.805,,,,,,,,,
"Korea, Dem. People's Rep.",kp,2023,,,,2.831,,,,,,,,,
"Korea, Dem. People's Rep.",kp,2024,,,,2.859,,,,,,,,,
"Korea, Dem. People's Rep.",kp,2025,,,,,,,,,,,,,
Portugal,pt,2010,1.402572899,2.38E+11,22551.9351,10.771,,0.78213587,1.73762451,-10.26116341,44.1455271,34.57126579,19.87146128,2.31E+11,
Portugal,pt,2011,3.653011004,2.45E+11,23246.54254,12.682,,-0.260435343,-1.713527503,-6.118547778,44.47571975,36.45022042,21.35958143,2.41E+11,
Portugal,pt,2012,2.773338541,2.17E+11,20593.42742,15.531,,-0.376402236,-4.050902619,-1.5272155,44.36291357,36.4004717,21.0111817,2.11E+11,
Portugal,pt,2013,0.274416667,2.27E+11,21676.48596,16.188,,2.274386892,-0.984106758,1.539738278,45.58096041,38.67517152,22.87369477,2.23E+11,
Portugal,pt,2014,-0.278153367,2.30E+11,22120.68501,13.897,,0.724456717,0.741391471,0.315317528,47.56053327,38.39377654,22.87467958,2.25E+11,
Portugal,pt,2015,0.487938624,1.99E+11,19215.7813,12.447,,1.962446739,1.589798289,0.508297093,44.00362782,37.96564553,23.07846692,1.94E+11,
Portugal,pt,2016,0.607397075,2.06E+11,19980.28089,11.068,,1.854087234,2.004141094,1.425555281,41.31993267,37.26393438,22.61703863,2.01E+11,
Portugal,pt,2017,1.368614116,2.21E+11,21442.38428,8.869,,1.53220021,3.314720782,1.563896442,41.66894789,37.29917767,22.63640611,2.16E+11,
Portugal,pt,2018,0.993715683,2.42E+11,23541.14011,6.994,,1.852372462,2.946282416,0.72768253,39.28230473,37.60594402,22.84457305,2.36E+11,
Portugal,pt,2019,0.33817841,2.40E+11,23343.3629,6.464,,1.834367862,2.745684716,0.765771122,38.66895454,37.45425863,22.44725701,2.34E+11,
Portugal,pt,2020,-0.01243833,2.30E+11,22299.40441,6.801,,2.103143423,-8.204632063,-0.629832723,44.52733201,37.76659126,22.25958309,2.25E+11,
Portugal,pt,2021,1.265657191,2.56E+11,24711.45101,6.577,,2.019776327,5.558757523,-0.672210744,42.45392863,37.70529259,22.28329322,2.53E+11,
Portugal,pt,2022,7.832691242,2.57E+11,24620.51956,6.011,,5.327498944,6.985841938,-2.084777681,39.31117655,38.08313269,23.17293192,2.52E+11,
Portugal,pt,2023,4.311281919,2.89E+11,27331.20949,6.509,,6.902365903,2.526281108,0.561731143,37.57202198,37.77319308,22.86992418,2.82E+11,
Portugal,pt,2024,2.416131878,,,6.384,,,,,,,,,
Portugal,pt,2025,,,,,,,,,,,,,
Paraguay,py,2010,4.651162791,27260886405,4750.962737,4.569,24.3017624,4.655701383,11.09523127,-1.131862382,11.83911954,14.66345442,8.871213476,25835676256,
Paraguay,py,2011,8.253968254,33756238767,5805.401545,4.67,11.70584739,5.095710539,4.286371207,-0.677611879,13.08328189,15.56154838,9.366835103,32316546159,
Paraguay,py,2012,3.67591898,33271921136,5642.169917,4.085,11.79426984,4.798275879,-0.708043112,-1.819217107,15.7041029,16.69200466,9.457778351,31826845946,
Paraguay,py,2013,2.683857387,38501122141,6435.683427,4.385,14.31208516,4.337676095,8.293076489,0.869670699,14.36188111,15.77998561,8.929362568,36883896783,
Paraguay,py,2014,5.028827675,40377929296,6652.254789,5.034,17.81994433,2.857006485,5.301238592,-0.786984269,14.00136105,16.71820172,9.74517638,38813188601,
Paraguay,py,2015,3.129002745,36211447840,5879.337923,4.556,17.84574245,1.60388801,2.957151735,-0.211443869,14.82834798,17.35848366,9.642274697,34791041670,
Paraguay,py,2016,4.086822806,36089700223,5775.159634,5.255,13.38659908,4.134754444,4.268025833,4.601426543,15.42161439,16.86487966,9.559063337,34772206411,
Paraguay,py,2017,3.602477413,38997129474,6152.267115,6.138,14.50938861,2.159209292,4.810078856,3.35657585,14.46614685,17.44313337,9.956474414,37645080815,
Paraguay,py,2018,3.975610157,40225448341,6258.449916,6.217,13.49296264,1.960248198,3.204250341,-0.232847914,16.13048441,17.33177979,10.07505858,38831476238,
Paraguay,py,2019,2.757097276,37925338329,5821.181995,6.595,12.05332607,3.061879455,-0.401855101,-0.577796386,20.35023013,17.54612115,9.995756075,36767424995,
Paraguay,py,2020,1.767515924,35432178068,5365.472207,7.548,11.08900009,2.203921468,-0.819785391,1.873009215,18.4727987,16.73197145,9.514999286,34220989522,
Paraguay,py,2021,4.787983101,39950899939,5976.931798,7.311,3.745212562,8.448126027,4.016737318,-1.108469097,16.74006949,16.88685206,9.794253598,38564964617,
Paraguay,py,2022,9.765566672,41952910858,6205.625954,6.755,,8.054460503,0.176038366,-7.155427699,16.53541586,17.39573865,10.26613639,40588715171,
Paraguay,py,2023,4.632022854,42956263544,6276.351139,5.794,,2.06875531,4.714124079,-0.566372055,19.02692802,17.63915268,10.17645959,41584973464,
Paraguay,py,2024,3.835402717,,,6.093,,,,,,,,,
Paraguay,py,2025,,,,,,,,,,,,,
West Bank and Gaza,ps,2010,3.749157276,9681500000,2557.075624,21.416,-6.062534962,13.19631625,5.777362056,-13.49939323,31.74619193,20.54187869,18.76023187,10280600000,
West Bank and Gaza,ps,2011,2.877243585,11186100000,2880.798437,17.597,1.296514079,5.419824737,9.600808489,-18.50070576,28.19135044,18.59347913,17.58128165,11935600000,
West Bank and Gaza,ps,2012,2.779087683,12208400000,3067.438727,19.202,3.986036855,2.867734026,6.096456563,-14.91707514,25.69992659,16.35106922,16.25343716,13065900000,
West Bank and Gaza,ps,2013,1.724399336,13515500000,3315.297539,19.894,1.681032604,5.738371438,4.698569866,-14.77239262,25.1983472,16.88727179,16.01729363,14675800000,
West Bank and Gaza,ps,2014,1.7329851,13989700000,3352.112595,20.526,2.639404194,3.672228115,-0.157866651,-13.5869104,26.62771113,20.02491724,18.57792146,15472300000,
West Bank and Gaza,ps,2015,1.431611458,13972400000,3272.154324,23.005,10.89292287,-3.707013017,3.721299671,-13.87891759,26.98774929,21.01300735,19.7299146,15684800000,
West Bank and Gaza,ps,2016,-0.219106605,15405400000,3527.613824,23.939,4.810218377,1.278022484,8.86461882,-13.90776227,25.67155966,22.92502345,20.40852546,17301000000,
West Bank and Gaza,ps,2017,0.212570934,16128000000,3620.360487,25.677,2.486483979,3.225414992,1.419367563,-13.20656079,26.8736804,22.46821664,20.66404777,18257000000,
West Bank and Gaza,ps,2018,-0.195107774,16276600000,3562.330943,26.256,6.19365816,-0.301992725,1.227077378,-13.15003055,24.61730656,20.79435894,18.78184191,19062800000,
West Bank and Gaza,ps,2019,1.580183336,17133500000,3656.858271,25.34,2.005298077,3.849469301,1.362687466,-10.38548043,24.46610853,20.2905603,18.53430728,19791500000,
West Bank and Gaza,ps,2020,-0.735332001,15531700000,3233.568638,25.895,3.224785422,2.220901833,-11.31846611,-12.2511115,29.23456717,22.71969257,20.85177685,18024400000,
West Bank and Gaza,ps,2021,1.237481028,18109000000,3678.635657,26.39,-3.119417484,8.953971741,7.011982276,-9.818047385,26.16649173,23.39194853,21.47457602,21736300000,
West Bank and Gaza,ps,2022,3.741223919,19165500000,3799.95527,24.42,,1.682656527,4.082760273,-10.62652299,,,,23693000000,
West Bank and Gaza,ps,2023,5.871101777,17420800000,3372.349744,,,-3.903622266,-5.410937,-16.62018653,,,,20657700000,
West Bank and Gaza,ps,2024,,,,,,,,,,,,,
West Bank and Gaza,ps,2025,,,,,,,,,,,,,
French Polynesia,pf,2010,,6086644799,22494.80671,12.145,,-0.287103184,-2.46606419,-0.294406119,,,,,
French Polynesia,pf,2011,,6203940037,22831.51853,12.274,,0.039854038,-2.961957454,2.826633637,,,,,
French Polynesia,pf,2012,,5692858099,20846.54575,12.143,,0.346766937,-0.927537713,1.37240718,,,,,
French Polynesia,pf,2013,,6031827123,21955.63293,12.029,,2.090426968,0.398801414,3.27354525,,,,,
French Polynesia,pf,2014,,6151996561,22258.63214,11.889,,1.361237727,0.593554453,4.296497389,,,,,
French Polynesia,pf,2015,,5325846362,19166.95948,11.789,,1.960063357,1.66510563,5.467328805,,,,,
French Polynesia,pf,2016,,5497036477,19690.07757,11.715,,1.062848775,2.369644447,7.494274614,,,,,
French Polynesia,pf,2017,,5833352693,20826.93125,11.573,,-0.379454943,4.374502383,,,,,,
French Polynesia,pf,2018,,6135116253,21925.61604,11.572,,-1.203196886,1.832028228,,,,,,
French Polynesia,pf,2019,,6022276196,21582.5892,11.565,,0.822431269,2.699934499,,,,,,
French Polynesia,pf,2020,,5792545871,20746.27204,12.951,,1.658245325,-7.050990654,,,,,,
French Polynesia,pf,2021,,6150640646,21982.90389,12.531,,0.198829632,2.094788968,,,,,,
French Polynesia,pf,2022,,5814661209,20738.65,11.888,,1.793611049,4.46607459,,,,,,
French Polynesia,pf,2023,,,,11.749,,,,,,,,,
French Polynesia,pf,2024,,,,11.75,,,,,,,,,
French Polynesia,pf,2025,,,,,,,,,,,,,
Qatar,qa,2010,-2.425256752,1.25E+11,77387.32679,0.45,0.273060307,6.979329894,19.59233153,,,,,1.12E+11,
Qatar,qa,2011,1.138366235,1.68E+11,103261.5065,0.56,-10.80839955,18.27017134,13.37517641,31.06751192,,,,1.55E+11,
Qatar,qa,2012,2.315348534,1.87E+11,108470.3788,0.48,-0.892370942,6.329962236,4.730011844,33.18472456,,,,1.75E+11,
Qatar,qa,2013,3.221977568,1.99E+11,103697.0084,0.28,4.312090758,0.767488572,5.556040643,30.42404575,,,,1.88E+11,
Qatar,qa,2014,3.349720857,2.06E+11,95840.63101,0.2,6.543701477,-1.482751063,5.334323292,23.95926114,,,,1.97E+11,
Qatar,qa,2015,1.814077239,1.62E+11,68985.2947,0.17,39.48937305,-25.1298075,4.753345724,8.501810284,,,,1.58E+11,
Qatar,qa,2016,2.676591701,1.52E+11,61253.63755,0.15,14.30115571,-8.976699058,3.064191884,-5.450066949,,,,1.51E+11,
Qatar,qa,2017,0.394878914,1.61E+11,63279.85569,0.14,-2.867711715,7.787569656,-1.497604702,3.988568877,,,,1.61E+11,
Qatar,qa,2018,0.255815383,1.83E+11,71039.84906,0.11,-6.612818867,12.41440353,1.234872202,9.082936699,,,,1.80E+11,
Qatar,qa,2019,-0.666641125,1.76E+11,66841.30135,0.1,9.937804825,-4.455914212,0.68824096,2.415297098,,,,1.72E+11,
Qatar,qa,2020,-2.54031503,1.44E+11,51683.50544,0.14,22.59952355,-15.10042031,-3.557603999,-2.067506474,,,,1.41E+11,
Qatar,qa,2021,2.304465657,1.80E+11,71751.88312,0.14,-15.20009189,22.46602212,1.626846725,14.64359678,,,,1.77E+11,
Qatar,qa,2022,4.995275537,2.36E+11,88701.46335,0.13,-16.93301458,25.87691737,4.185009713,26.7778362,,,,2.27E+11,
Qatar,qa,2023,3.027648992,2.13E+11,80195.87465,0.13,19.19511594,-10.69348145,1.187159912,17.11368634,,,,2.07E+11,
Qatar,qa,2024,1.267343103,,,0.126,,,,,,,,,
Qatar,qa,2025,,,,,,,,,,,,,
Romania,ro,2010,6.091416686,1.70E+11,8399.537423,6.959,7.684533044,5.93211186,-3.905811573,-4.985436879,34.8305247,30.07663094,16.2393387,1.68E+11,34.12881362
Romania,ro,2011,5.789253288,1.93E+11,9560.675528,7.177,7.832997541,3.982549458,4.495589099,-4.81588302,33.65460165,29.89678749,17.21537374,1.90E+11,37.24572275
Romania,ro,2012,3.334922677,1.79E+11,8929.953662,6.794,7.24295338,3.810239422,1.903616968,-4.578042924,32.30008884,29.97625459,17.15870536,1.76E+11,40.39175345
Romania,ro,2013,3.984712355,1.90E+11,9497.674116,7.096,9.002367571,1.394586615,0.278771877,-1.1374671,32.02571426,30.95188036,17.76058604,1.87E+11,43.88054
Romania,ro,2014,1.068309877,2.00E+11,10031.77108,6.802,6.637877828,1.714170933,4.116001093,-0.341464408,32.44160232,31.71873435,17.93906459,1.99E+11,46.26736532
Romania,ro,2015,-0.594156437,1.78E+11,8977.017482,6.812,3.392224696,3.264534943,3.157036054,-0.637491637,33.01357971,32.84769628,18.91817625,1.76E+11,45.16959826
Romania,ro,2016,-1.544796668,1.85E+11,9404.540059,5.901,3.010378624,2.619918574,2.859932523,-2.103248859,32.22476035,30.14470521,17.11183625,1.83E+11,47.27913466
Romania,ro,2017,1.339021211,2.10E+11,10727.9822,4.927,0.872621781,4.651306647,8.195478266,-3.194157122,31.59673451,29.03016907,15.58664739,2.07E+11,44.32702779
Romania,ro,2018,4.625484431,2.43E+11,12502.26241,4.187,0.585245895,6.186748702,6.120930007,-4.575746307,32.51976767,29.72940529,14.37433642,2.39E+11,42.53804706
Romania,ro,2019,3.827854326,2.52E+11,12992.03261,3.912,0.20117835,6.946513435,3.92326385,-4.838884712,33.60289994,29.67715012,14.5223191,2.48E+11,43.24825523
Romania,ro,2020,2.631073112,2.52E+11,13082.30066,5.035,2.282079524,4.11051645,-3.674384409,-5.111705964,38.00297561,30.00133504,14.14650719,2.48E+11,57.14325915
Romania,ro,2021,5.052328761,2.87E+11,14986.78549,5.59,0.003071632,5.610255099,5.545709626,-7.176415061,37.00049686,30.21201814,14.92374137,2.81E+11,55.76312723
Romania,ro,2022,13.79548874,2.96E+11,15557.88262,5.614,-3.867242622,12.09196246,3.965307663,-9.220665757,37.17279499,31.61118428,16.15756594,2.87E+11,50.88490842
Romania,ro,2023,10.39718748,3.51E+11,18404.27309,5.589,-3.058418445,12.76993779,2.404271779,-6.973260151,,,,3.41E+11,
Romania,ro,2024,-4.519110142,,,5.379,,,,,,,,,
Romania,ro,2025,,,,,,,,,,,,,
Russian Federation,ru,2010,6.849392303,1.52E+12,10674.99023,7.407,-2.955083732,14.19110957,4.499999999,4.423336654,27.377239,26.05415694,13.04834885,1.48E+12,9.098105645
Russian Federation,ru,2011,8.440464859,2.05E+12,14305.33203,6.571,-12.85693529,24.46008606,4.300029186,4.754526525,23.34996839,29.14828493,13.95420368,1.99E+12,8.641081944
Russian Federation,ru,2012,5.074743008,2.21E+12,15401.85156,5.484,0.176416619,8.907868421,4.024086157,3.227930901,24.19585513,27.23770032,13.75467304,2.14E+12,8.551408593
Russian Federation,ru,2013,6.753710262,2.29E+12,15941.44824,5.513,3.937070193,5.320138872,1.755422149,1.458173885,24.60618998,26.5415006,12.93349245,2.21E+12,9.06725564
Russian Federation,ru,2014,7.823411839,2.06E+12,14055.47266,5.212,3.397146836,7.490071117,0.736267222,2.792909792,26.46175398,27.15173471,13.2553613,1.99E+12,11.20046128
Russian Federation,ru,2015,15.53440505,1.36E+12,9277.713867,5.615,7.894593575,7.249735907,-1.972719226,4.970888574,30.64765052,24.47204767,10.64209481,1.33E+12,13.54076578
Russian Federation,ru,2016,7.04244763,1.28E+12,8663.158203,5.591,9.484354473,2.844222698,0.193690071,1.91643731,31.02844675,24.26843082,9.1831221,1.24E+12,14.24173958
Russian Federation,ru,2017,3.683329444,1.57E+12,10658.91309,5.238,4.945604231,5.349815088,1.825790064,2.044126736,30.71030517,24.48458569,10.28840567,1.53E+12,16.32537412
Russian Federation,ru,2018,2.878297236,1.66E+12,11211.8877,4.871,-1.028482595,9.997976711,2.807245411,6.979898729,28.94414784,27.51639632,11.4687676,1.62E+12,16.16857899
Russian Federation,ru,2019,4.470366608,1.69E+12,11447.70117,4.513,5.316709231,3.263132819,2.198075713,3.87612477,29.61402978,27.48045175,10.93839974,1.64E+12,17.27604844
Russian Federation,ru,2020,3.381659372,1.49E+12,10108.32715,5.62,5.825262121,0.898246027,-2.653654501,2.369115337,35.29981859,27.67671731,10.79911962,1.46E+12,22.99202104
Russian Federation,ru,2021,6.69445892,1.84E+12,12521.52246,4.749,-10.2423105,19.41158906,5.614290376,6.778428576,30.54557614,26.37086328,11.60649448,1.80E+12,20.86669922
Russian Federation,ru,2022,,2.27E+12,15445.24219,3.867,-4.503358653,16.71527406,-2.069711525,10.49124906,31.75251902,27.30836429,10.97033878,2.22E+12,19.50623768
Russian Federation,ru,2023,,2.02E+12,13817.0459,3.076,4.248384632,7.073601566,3.6,2.480085622,30.33775203,29.4453326,12.37192614,1.99E+12,18.96167243
Russian Federation,ru,2024,,,,2.527,,,,,,,,,
Russian Federation,ru,2025,,,,,,,,,,,,,
Rwanda,rw,2010,-0.246128693,6124756654,593.6249277,11.673,13.38699224,3.187174319,7.33465645,-6.516870143,,,,6073490474,
Rwanda,rw,2011,3.080170692,6884913658,651.133678,11.775,8.840276161,7.191477379,7.958388698,-6.928344167,,,,6827682932,
Rwanda,rw,2012,10.27101823,7654761574,706.8173175,11.701,11.43860558,4.722834658,8.641508158,-9.680457759,,,,7552066586,
Rwanda,rw,2013,5.92426868,7819963716,704.9241902,11.785,14.2462824,2.689701759,4.71984857,-7.482203614,,,,7688179237,
Rwanda,rw,2014,2.354490528,8238966064,724.9575212,11.844,11.9607651,4.732373488,6.167166152,-11.34389308,17.41760761,18.2524162,12.94762927,8050147969,
Rwanda,rw,2015,2.528502842,8543759678,733.998585,11.838,16.76593404,0.485928792,8.856855597,-12.68377771,16.93301458,18.94286926,13.29389488,8381415488,
Rwanda,rw,2016,7.17434302,8695272301,729.5191542,11.801,11.67431236,5.030122141,5.970745254,-15.30512581,18.45967331,20.02407263,14.4161495,8456915984,
Rwanda,rw,2017,8.279536723,9252834336,758.301003,11.875,8.328391907,8.162625947,3.918170936,-9.460481314,18.67275279,19.79253422,13.45137139,8961396888,
Rwanda,rw,2018,-0.31121016,9637904655,771.773522,10.759,17.65652261,-0.603329019,8.516467226,-10.11425095,18.68625516,20.42273385,14.24971091,9290176579,
Rwanda,rw,2019,3.34787655,10349300380,810.0514202,11.236,13.71735061,2.471170295,9.447385186,-11.89322369,19.34594776,20.74107966,14.60535731,10001278820,
Rwanda,rw,2020,9.850399023,10174387374,778.7015386,11.829,9.027267721,6.711836801,-3.373687464,-12.06481222,21.52992341,21.38185779,15.0744688,9937664508,
Rwanda,rw,2021,-0.391346748,11069280650,828.8330328,15.775,12.94832223,2.857511328,10.85796776,-10.92402753,20.30560915,21.45108859,14.47613151,10843185965,
Rwanda,rw,2022,17.68920956,13316160895,975.4693159,15.084,0.40590478,15.91449751,8.157733085,-9.360313243,19.5599261,19.70666651,13.68005131,13036292514,
Rwanda,rw,2023,19.78954675,14097768472,1010.268929,12.352,5.382156617,10.13012423,8.241287695,-11.73037016,18.87496142,19.61337689,13.73223765,13817608902,
Rwanda,rw,2024,1.770292402,,,11.994,,,,,,,,,
Rwanda,rw,2025,,,,,,,,,,,,,
Saudi Arabia,sa,2010,5.339416806,5.28E+11,22028.37902,5.55,,17.1912928,5.039492843,14.0881886,24.43463253,37.40315038,2.529613379,5.43E+11,
Saudi Arabia,sa,2011,5.826216088,6.77E+11,26966.29416,5.77,,15.41210378,10.99376168,24.38388208,23.01172863,44.04267394,2.313370485,6.93E+11,
Saudi Arabia,sa,2012,2.866268875,7.42E+11,28348.57301,5.622,,4.01223555,5.408916078,23.40958495,25.64149051,44.80823973,2.518317273,7.62E+11,
Saudi Arabia,sa,2013,3.532524707,7.54E+11,27290.19781,5.6,,-0.892597886,2.534778271,18.97799267,25.88875384,40.77156922,2.707754391,7.75E+11,
Saudi Arabia,sa,2014,2.236290315,7.67E+11,27079.67339,5.877,,-2.043404349,3.811422791,10.46950426,28.56435223,36.18168676,2.734303799,7.90E+11,
Saudi Arabia,sa,2015,1.206073222,6.69E+11,22453.57155,5.6,,-16.43694691,4.509059063,-7.862816226,31.50600303,24.40461633,3.258627736,6.91E+11,
Saudi Arabia,sa,2016,2.068840361,6.66E+11,21515.66001,5.6,,-2.360450626,1.884492736,-3.671808074,27.88221519,20.79875757,3.282762816,6.81E+11,
Saudi Arabia,sa,2017,-0.83819458,7.15E+11,23081.20453,5.89,,6.387316341,0.911048656,1.695875714,26.93560791,25.79062298,3.259816338,7.27E+11,
Saudi Arabia,sa,2018,2.45814158,8.47E+11,28036.02647,6.029,,14.73361404,3.19922678,8.617690561,28.06098487,28.53262162,8.292497312,8.55E+11,
Saudi Arabia,sa,2019,-2.093333333,8.39E+11,27892.84215,5.636,,-2.022740338,1.09773375,4.585355095,28.3126534,29.48322213,6.997776923,8.47E+11,
Saudi Arabia,sa,2020,3.44545826,7.34E+11,23271.40376,7.66,,-9.184568177,-3.581534863,-3.479264741,33.43527547,28.39401391,8.23747103,7.45E+11,
Saudi Arabia,sa,2021,3.063289889,8.74E+11,28396.08642,6.621,,13.30070015,5.07511035,4.636887195,28.11745925,29.45273375,9.673488847,8.87E+11,
Saudi Arabia,sa,2022,2.474073719,1.11E+12,34454.19577,5.589,,17.98394556,7.485984291,13.56281448,24.55641169,30.50565553,7.772022513,1.12E+12,
Saudi Arabia,sa,2023,2.327085184,1.07E+12,32093.9623,4.008,,-2.964886675,-0.754914811,3.290916877,27.64474645,30.28122844,8.908278348,1.07E+12,
Saudi Arabia,sa,2024,1.687921124,,,3.896,,,,,,,,,
Saudi Arabia,sa,2025,,,,,,,,,,,,,
Sudan,sd,2010,12.97766639,58962978034,1305.635986,15.161,,22.66941921,3.858241952,-2.926189889,14.13049154,11.43505383,5.862474675,54796022310,
Sudan,sd,2011,18.09661712,55018567211,1332.657227,17.44,,26.32834997,-3.213532093,-4.821884965,,11.30608753,3.856210161,51237402658,
Sudan,sd,2012,35.55905741,37632919967,1019.222107,17.002,,30.12859314,-17.0046884,-16.63187776,11.63524738,9.412415167,6.894406995,35608466700,
Sudan,sd,2013,36.52234491,43024018082,1138.627808,16.3,,36.42862912,1.955144633,-13.53214881,11.5190199,10.27740695,7.684016394,40223884726,
Sudan,sd,2014,36.90664279,49516748618,1275.438354,15.411,,34.06698552,4.661379542,-7.160136185,11.43186003,11.04182063,7.982317862,48568747978,
Sudan,sd,2015,16.90957061,51726758677,1292.379639,14.347,,14.02255744,1.910176891,-10.55693458,10.71172527,10.31439658,8.194438005,50563738020,
Sudan,sd,2016,17.75025383,42630376000,1033.215942,13.606,,20.68558773,3.467642184,-9.883461111,9.726241526,8.774134825,7.390270262,41763874767,
Sudan,sd,2017,32.3516261,41283617976,966.5056763,12.953,,34.62237073,0.709256285,-11.16970545,,,,39632308795,
Sudan,sd,2018,63.29250735,32333780383,731.0274658,12.303,,55.97532544,-2.68093055,-14.46939342,,,,30521438452,
Sudan,sd,2019,50.9940515,32338079165,709.9752808,11.658,,51.97889335,-2.178251045,-14.7808389,,,,30717965587,
Sudan,sd,2020,163.2577824,27034593750,577.7952271,11.958,,115.652915,-3.629800824,-21.60647944,,,,25561386740,
Sudan,sd,2021,359.0930408,34229513775,712.1220093,11.044,,235.5154436,-1.868520483,-7.654689625,,,,32885091723,
Sudan,sd,2022,138.8084602,51666875363,1046.240845,7.53,,116.8740754,-0.957816591,-8.598899454,,,,50588328584,
Sudan,sd,2023,,1.09E+11,2183.441406,,,213.7258479,-20.11157597,,,,,1.08E+11,
Sudan,sd,2024,,,,,,,,,,,,,
Sudan,sd,2025,,,,,,,,,,,,,
Senegal,sn,2010,1.228681197,16121315909,1275.883575,2.803,3.453508901,1.60441579,3.390889253,-3.656508762,,,,15971192907,
Senegal,sn,2011,3.403228298,17814283639,1374.675919,2.853,1.346505242,3.857470384,1.33409108,-6.445299367,,,,17532438786,
Senegal,sn,2012,1.418228712,17660870412,1326.837988,3.888,1.709097337,3.274111576,4.002995551,-8.651918547,,,,17359552048,
Senegal,sn,2013,0.710245487,18918667725,1379.831966,4.986,4.053292196,1.18613047,2.412385276,-8.192272458,,,,18595820749,
Senegal,sn,2014,-1.090255074,19797253440,1398.891376,5.841,6.95969224,-1.515859735,6.224074438,-6.802945238,,,,19408861677,
Senegal,sn,2015,0.135211934,17774766696,1218.006136,6.757,4.041150441,1.06978462,6.367043651,-5.316194754,18.29889929,19.19785289,15.77433605,17312461399,
Senegal,sn,2016,0.837284943,19040312333,1266.439572,4.455,4.298274045,0.95564952,6.356068572,-4.178756112,18.31007183,20.81895695,16.37117645,18541862787,
Senegal,sn,2017,1.318153148,20996562944,1356.805184,4.078,4.514047781,0.598916827,7.407486186,-7.269140827,19.78790594,21.34130046,15.90645166,20409580182,
Senegal,sn,2018,0.460985642,23116701556,1452.556126,3.455,,-0.839644465,6.209241034,-9.582924256,19.84713371,19.77159745,16.37825247,22515158389,
Senegal,sn,2019,1.760111512,23403995992,1431.181289,2.863,,2.085801852,4.613628097,-8.109496098,21.2330009,21.20967293,18.41928364,22793623628,
Senegal,sn,2020,2.543146857,24530513038,1461.087204,3.437,,1.60273383,1.342073773,-10.85323052,20.94592269,20.23027795,17.4488279,24122233479,
Senegal,sn,2021,2.180322781,27520784130,1598.10677,3.44,,1.447306276,6.5440011,-12.09004823,19.58885279,20.81391025,17.55013297,26818952802,
Senegal,sn,2022,9.696818991,27619479060,1564.745221,2.837,,8.727866156,3.825863637,-20.06689726,23.2604407,22.28098969,18.70278451,26730995884,
Senegal,sn,2023,5.939477988,30848333084,1706.44218,2.8,,3.851829192,4.584061405,-19.6828748,23.44713834,24.05481921,19.44081218,29815310913,
Senegal,sn,2024,,,,2.992,,,,,,,,,
Senegal,sn,2025,,,,,,,,,,,,,
Singapore,sg,2010,2.823661349,2.40E+11,47236.68308,4.12,4.225382135,1.107808713,14.51974971,22.93334722,12.41280433,16.77906392,12.78582397,2.37E+11,101.4497824
Singapore,sg,2011,5.247793398,2.79E+11,53891.45703,3.89,4.160490844,1.170798204,6.214934169,22.21845183,12.77265225,17.02096293,13.10572195,2.70E+11,104.7851838
Singapore,sg,2012,4.575602704,2.95E+11,55547.55531,3.72,4.860577563,0.495345771,4.435497594,17.6432739,12.38396238,17.47680468,13.58066874,2.82E+11,107.8280936
Singapore,sg,2013,2.358604154,3.08E+11,56967.42579,3.86,5.836216953,-0.431059392,4.817630991,15.70718759,12.37533787,17.2396519,13.27125008,2.91E+11,99.44648886
Singapore,sg,2014,1.02514803,3.15E+11,57564.80231,3.74,5.632323555,-0.267270042,3.935540277,17.95021355,13.15106559,18.02089947,13.55655713,3.04E+11,99.60979867
Singapore,sg,2015,-0.522618167,3.08E+11,55645.60686,3.79,2.210150171,3.07195501,2.976799316,18.69302229,15.92552594,17.99710989,13.13977453,2.87E+11,103.3208398
Singapore,sg,2016,-0.53226874,3.19E+11,56899.91818,4.08,4.836691223,0.489627029,3.588643696,18.03924635,14.44264167,18.4661444,13.30866822,3.00E+11,109.0564224
Singapore,sg,2017,0.57626031,3.43E+11,61162.09739,4.2,2.318849606,2.894041914,4.512926318,18.62609501,14.30532197,20.18853022,13.99008477,3.19E+11,109.3294184
Singapore,sg,2018,0.438620118,3.77E+11,66840.63734,3.613,1.665860287,3.604100435,3.517114185,15.7021311,14.69125514,18.18852713,13.01314831,3.31E+11,110.7576026
Singapore,sg,2019,0.565260569,3.77E+11,66081.71992,3.1,5.465587101,-0.204414641,1.345058741,15.35401316,14.14285017,20.90081588,13.15150127,3.33E+11,127.8267457
Singapore,sg,2020,-0.181916667,3.49E+11,61466.80368,4.1,7.88077029,-2.438590569,-3.869798934,17.48485192,25.72187236,18.05241173,12.73154468,3.02E+11,151.5663247
Singapore,sg,2021,2.30485959,4.34E+11,79601.41296,4.64,-4.54706642,10.26376671,9.690766871,19.91085226,16.37550965,17.22885533,12.81289793,3.69E+11,150.1419128
Singapore,sg,2022,6.12106004,4.98E+11,88428.70242,3.591,,13.47813801,3.838076785,18.8115123,15.13577767,16.2205278,12.03319296,4.03E+11,157.3631093
Singapore,sg,2023,4.821467295,5.01E+11,84734.25592,3.444,,-3.069029944,1.075031751,17.82976033,17.4419313,18.36003033,14.00604901,4.21E+11,177.0016699
Singapore,sg,2024,2.36645847,,,3.182,,,,,,,,,
Singapore,sg,2025,,,,,,,,,,,,,
Solomon Islands,sb,2010,1.051481633,898133684.9,1685.15499,1.617,12.47041208,1.745277903,9.708388169,-16.05057018,,,,854225748.1,
Solomon Islands,sb,2011,7.34270706,1063895361,1924.052773,1.292,8.323860535,4.476827889,7.429949617,-1.764481814,24.99905528,27.48404029,25.15859663,990047255.3,13.92680834
Solomon Islands,sb,2012,5.912006025,1185215418,2066.253523,0.984,6.331583252,4.652192632,2.466001387,2.226642201,25.29292397,29.04023082,26.17666721,1128048091,11.59243936
Solomon Islands,sb,2013,5.391363886,1285911586,2161.395736,0.694,8.228339217,2.352274338,5.237740178,-2.997599766,30.50067301,30.01998093,26.60625702,1289722485,10.1052824
Solomon Islands,sb,2014,5.165902379,1335571421,2164.944239,0.729,6.983413886,3.670275579,1.189217471,-3.711153772,30.16026715,29.23232147,25.59567494,1320294156,8.720339804
Solomon Islands,sb,2015,-0.574469286,1307909888,2045.478895,0.735,6.889235487,3.35777296,1.676146156,-2.758057967,30.67406767,30.91200258,25.73914196,1283709265,6.737625634
Solomon Islands,sb,2016,0.512485626,1379490304,2082.62989,0.734,9.72136458,0.344942428,5.554731534,-3.537791161,29.7449483,27.57126971,23.84309269,1336643910,6.259588741
Solomon Islands,sb,2017,0.48868676,1469789119,2143.574652,0.725,7.914122901,2.576685679,3.075348034,-4.27498999,30.23437675,28.98213353,24.76506783,1440170145,8.402457923
Solomon Islands,sb,2018,3.46147485,1615478393,2278.206339,0.72,2.68017281,7.857874383,2.745995423,-2.959811462,27.57695672,29.19694803,25.52760652,1594890893,7.685645856
Solomon Islands,sb,2019,1.63485544,1619155017,2223.665026,0.743,9.239167931,1.241303032,1.748566555,-9.510982447,28.98463776,25.83657101,22.23214599,1602564674,7.74418283
Solomon Islands,sb,2020,2.963549921,1536145814,2063.331015,0.864,12.16985021,-1.325917321,-3.381147541,-1.631326311,31.9131436,24.59418757,21.05153287,1572050827,11.46390032
Solomon Islands,sb,2021,-0.115437894,1522794913,1996.869768,0.884,11.30263535,-5.504745458,2.564349754,-5.134741147,31.0882899,24.81506463,21.44865775,1540747134,
Solomon Islands,sb,2022,5.518129286,1566360686,2005.413993,1.483,,2.016612072,2.402481436,-13.95169295,27.05163159,23.05984211,20.6697405,1574657865,15.39316607
Solomon Islands,sb,2023,5.88585897,1633319401,2041.636491,1.455,,3.888994463,3.079769815,-10.91011573,,,,1658453813,
Solomon Islands,sb,2024,,,,1.47,,,,,,,,,
Solomon Islands,sb,2025,,,,,,,,,,,,,
Sierra Leone,sl,2010,7.185662757,4033122830,648.1292295,4.413,3.249551609,17.43392403,6.637492458,-14.51226847,,,,4033073711,
Sierra Leone,sl,2011,6.79138292,4587078913,718.1616807,4.54,3.158600574,17.2951158,6.009831046,-41.71514348,,,,4586860848,
Sierra Leone,sl,2012,6.587762394,5927684219,904.840762,4.552,7.995972874,12.04121485,15.20174827,-20.41628283,,,,5927502384,
Sierra Leone,sl,2013,5.52412878,7697098118,1146.416391,4.538,12.71592958,6.959149826,21.07901416,-9.576277585,,,,7696661903,
Sierra Leone,sl,2014,4.639311714,7845456215,1140.927423,4.678,17.30560434,1.795363774,4.559253533,-6.025520764,,,,7845075238,
Sierra Leone,sl,2015,6.689435625,6651626734,945.1481685,4.606,-0.760895337,19.64033775,-20.49107411,-15.08019155,,,,6651514106,
Sierra Leone,sl,2016,10.88606094,6042615860,838.6316153,4.294,9.791960775,5.851708855,6.346727852,-4.863407602,,,,5946667599,
Sierra Leone,sl,2017,18.2215094,5818480352,788.4868673,3.834,6.151412182,8.956000637,3.753803214,-11.68032104,,,,5718813431,
Sierra Leone,sl,2018,16.02954477,6390514689,845.9145405,3.192,1.711335037,14.01056394,3.47290262,-9.255045564,,,,6321721810,
Sierra Leone,sl,2019,14.80499909,6523577590,843.7125173,3.203,7.324787872,9.915583348,5.502709374,-7.788007902,,,,6453832475,
Sierra Leone,sl,2020,13.44687111,6688594758,845.3138363,3.508,4.115037583,13.27694449,-1.253349032,-5.837031027,,,,6661953410,
Sierra Leone,sl,2021,11.87395888,7165214368,885.1842707,3.556,10.63566334,7.432958847,5.896852705,-7.296571286,,,,7095115114,
Sierra Leone,sl,2022,27.20828838,7119137322,860.130884,3.175,-6.017288889,26.95242766,5.313554614,-6.350406422,,,,7052172100,
Sierra Leone,sl,2023,47.64287333,6411869546,757.858336,3.153,-7.411526866,29.21604884,5.710021898,-9.456810628,,,,6357900251,
Sierra Leone,sl,2024,28.63375,,,3.126,,,,,,,,,
Sierra Leone,sl,2025,,,,,,,,,,,,,
El Salvador,sv,2010,1.179335769,18447920000,3040.07301,4.893,,2.597920515,2.154195367,-2.888216228,24.14581156,22.02958382,15.81208071,17909710000,57.49428662
El Salvador,sv,2011,5.128923767,20283780000,3330.600495,4.297,,5.953343155,3.773584998,-5.481051994,24.88987262,23.22825586,15.34403351,19665540000,54.56257098
El Salvador,sv,2012,1.729734816,21386150000,3497.912569,3.843,,2.475549963,2.887700102,-5.797215033,22.9022054,22.65606091,16.18243583,20515590000,54.85233981
El Salvador,sv,2013,0.757669185,21990960000,3582.26694,3.693,,0.631311695,2.182952325,-6.904746892,22.99581282,21.10685482,17.05473522,21000760000,62.39927679
El Salvador,sv,2014,1.141344675,22593470000,3666.012489,4.154,,0.993230855,1.729399842,-5.371386987,22.76971752,20.59227999,16.7087952,21558030000,50.83795443
El Salvador,sv,2015,-0.731384487,23438240000,3790.340891,3.998,,1.307617777,2.400000089,-3.215929355,22.76329409,20.81504314,16.75268491,22346390000,51.27840327
El Salvador,sv,2016,0.604049087,24191430000,3901.34015,4.418,,0.657746207,2.539062411,-2.274032866,23.20790377,23.6888664,17.35477562,22945050000,52.06565617
El Salvador,sv,2017,1.012354033,24979190000,4020.126714,4.385,,0.986566456,2.247619081,-1.859907336,24.8439899,25.09742537,17.75375106,23591570000,55.24851882
El Salvador,sv,2018,1.090330006,26020850000,4183.54621,4.006,,1.716263087,2.412444224,-3.301793065,24.72709385,24.9488391,18.12892354,24550760000,52.21428201
El Salvador,sv,2019,0.075324135,26881140000,4320.116715,4.17,,0.848014701,2.437471591,-0.421693579,24.7593666,24.10240042,18.08145041,25540040000,53.87903936
El Salvador,sv,2020,-0.371590212,24921190000,3997.192796,5.008,,0.653512319,-7.89310136,1.110304297,33.94460698,23.55866634,18.39077508,23543800000,70.3842794
El Salvador,sv,2021,3.466925853,29043140000,4642.607431,4.327,,4.142074686,11.9047617,-4.305530387,29.50748438,28.574734,19.68967543,27355140000,66.46905259
El Salvador,sv,2022,7.198616156,31988920000,5093.518339,2.999,,7.143242839,2.799552169,-6.821658785,27.29257505,28.0872252,21.08386279,30006450000,73.7611648
El Salvador,sv,2023,4.045546942,34015620000,5391.069262,2.992,,2.728845023,3.510977066,-1.369042798,27.54852036,25.92732043,20.60682355,31873990000,101.7044522
El Salvador,sv,2024,0.853782293,,,2.839,,,,,,,,,
El Salvador,sv,2025,,,,,,,,,,,,,
San Marino,sm,2010,2.585418156,1881191925,56543.18982,,3.896411706,1.430355746,-5.473684211,,37.29068985,37.39797013,15.59202295,,54.97249266
San Marino,sm,2011,2.899795843,1813717439,55601.39297,,5.758507607,0.152699198,-8.314773571,,41.79178203,40.16246477,16.15303556,,44.82937546
San Marino,sm,2012,2.827332242,1604701299,47945.89917,,3.255870776,3.120044604,-7.044534413,,44.65081697,44.2974058,18.01625741,,51.21772188
San Marino,sm,2013,1.604392981,1678741475,50807.82891,,4.531418101,2.000617175,-0.783972125,,46.03208676,41.7640333,17.06623964,,54.02301355
San Marino,sm,2014,1.112963034,1673911426,51260.49383,,5.699071578,0.388644529,-0.7023705,,45.62357267,43.69727215,18.34558313,,53.32455944
San Marino,sm,2015,0.145686073,1419401071,43146.82404,,3.25650062,-0.742700251,2.291505561,,45.23776454,43.04932868,17.89022288,,56.93022907
San Marino,sm,2016,0.64407534,1468343140,44359.47977,,1.683001162,1.316705339,2.344405861,,44.98771725,42.39118867,16.68951936,,57.32808753
San Marino,sm,2017,1.014133132,1528620346,45192.02798,,2.283386606,1.74335584,0.258265466,-0.391282696,43.29538884,40.83559059,16.468847,1415999666,54.59344477
San Marino,sm,2018,1.163335223,1655353653,47950.68806,,2.056330154,2.064296102,1.493905318,-1.887275288,44.36578699,41.14933749,17.95681677,1507442963,55.94045509
San Marino,sm,2019,0.472651967,1616232125,46627.01224,,3.043074755,0.91410016,2.065685147,2.034466297,44.15482823,41.65015607,16.91273433,1479667048,55.0853181
San Marino,sm,2020,-0.133368898,1544714493,44426.64634,,3.377692772,0.344576815,-6.647910818,2.782359697,47.44033686,39.65832545,16.13626113,1394334873,98.34762142
San Marino,sm,2021,1.615514116,1855396000,54168.98283,,1.660293624,1.841433178,13.89778951,5.3960317,44.07404953,40.32857046,17.29597316,1672180214,95.12009922
San Marino,sm,2022,5.325453213,1831700577,54264.5705,,1.009508528,2.764673523,7.898441458,15.51870245,44.64064259,44.41158459,17.81140693,1672839869,103.1535735
San Marino,sm,2023,5.931908586,,,,,,,,,,,,
San Marino,sm,2024,1.242165079,,,,,,,,,,,,
San Marino,sm,2025,,,,,,,,,,,,,
Somalia,so,2010,,2687807004,219.2024539,19.031,,-15.34690231,6.694351926,,,,,2661757591,
Somalia,so,2011,,2906000097,235.3259456,19.052,,-2.887798056,6.694351926,,,,,2881763046,
Somalia,so,2012,,4364670160,350.2619467,19.105,,5.770543983,6.694351926,,,,,4364670160,
Somalia,so,2013,,5062881613,393.398705,19.013,,-10.46681383,10.95929145,,,,,5030881623,
Somalia,so,2014,,5728399711,429.431656,18.861,,8.923210699,8.978005906,,,,,5697749721,
Somalia,so,2015,,6152149080,445.5830786,18.597,,6.948953206,10.46218841,,,,,6122909830,
Somalia,so,2016,,6613743090,460.928492,18.578,,4.081868377,7.034872974,,,,,6583423312,
Somalia,so,2017,,7621501720,510.939953,18.523,,0.597727182,14.73579515,,0.000135885,8.10E-05,8.10E-05,7588940647,
Somalia,so,2018,,7873440838,509.5258024,18.738,,4.975329684,2.054314856,,0.000137142,9.73E-05,9.51E-05,7839349638,
Somalia,so,2019,,8655023960,539.8939316,18.828,,11.85941647,2.824313365,,0.00013851,0.000105905,7.99E-05,8619332513,
Somalia,so,2020,,8628393720,518.1847785,19.413,,5.365835937,-2.752481039,,0.000212714,9.51E-05,6.28E-05,8590360804,
Somalia,so,2021,,9483997404,549.1147435,19.662,,7.388600117,3.458227929,,,,,9441984488,
Somalia,so,2022,,10202767270,573.1280925,19.05,,7.914166411,2.727114296,,,,,10157767270,
Somalia,so,2023,,10968517090,597.4588546,18.941,,4.572465613,4.216384326,,0.000232954,0.000110436,7.59E-05,10922457080,
Somalia,so,2024,,,,18.861,,,,,,,,,
Somalia,so,2025,,,,,,,,,,,,,
Serbia,rs,2010,6.142553602,43536629233,5970.926609,19.204,-0.182391143,4.950308957,1.610972661,-6.183858473,35.11904641,33.09829777,19.4313895,42660028435,
Serbia,rs,2011,11.13739763,51251098408,7082.286167,22.959,,11.00231519,0.054272479,-9.928026019,34.08317784,31.7220568,18.3137738,49347436352,
Serbia,rs,2012,7.330385896,45103269969,6263.040861,24,,6.044044459,-0.443956029,-10.479435,35.42593929,31.53826829,17.81456033,43688184213,
Serbia,rs,2013,7.694263629,50455529604,7040.418121,22.154,,7.801085214,0.451578763,-5.537886979,39.12771748,35.90212418,19.98740091,48570920276,
Serbia,rs,2014,2.082447939,49114321280,6886.678091,19.223,,2.90940668,-1.804270248,-5.364396583,40.91096807,37.32307685,21.05217409,47332816794,
Serbia,rs,2015,1.39235822,41297410635,5820.321558,17.66,,2.16912088,1.295738512,-3.317819603,39.0527737,37.45788549,21.46665374,39457763396,
Serbia,rs,2016,1.122313974,42225495910,5982.370301,15.257,,1.543827686,2.975197792,-2.818257101,37.79059667,38.32456779,22.44446425,39988171447,
Serbia,rs,2017,3.131062486,45972834714,6548.036538,13.477,,2.997354608,2.363393787,-5.052399483,36.1410383,39.01767366,23.12895636,43120235148,
Serbia,rs,2018,1.959840763,52787520249,7559.861657,12.733,,1.999999403,4.649350355,-4.658472868,35.19236678,38.64149596,22.63845372,50210951338,
Serbia,rs,2019,1.849229845,53864693665,7755.632986,10.395,,2.347831141,4.750207939,-6.563315261,35.74258763,39.29082347,23.0002958,51089361866,
Serbia,rs,2020,1.575532901,55874017669,8098.709557,9.011,,2.649359397,-0.950023992,-3.895860019,42.53765247,39.42996831,22.43023449,54250382218,
Serbia,rs,2021,4.085102853,66159884073,9680.527981,9.843,,5.684049451,7.949056505,-4.012083943,37.69828951,34.56194157,19.66099612,63725727980,
Serbia,rs,2022,11.98151173,66797564758,10022.96885,8.439,,10.51592195,2.630986444,-6.672400654,35.46930449,38.65712647,23.89740663,63640695712,
Serbia,rs,2023,12.37190436,81342660752,12281.50585,8.268,,13.84023214,3.847471128,-2.393683308,,,,77124644204,
Serbia,rs,2024,4.670529749,,,7.39,,,,,,,,,
Serbia,rs,2025,,,,,,,,,,,,,
South Sudan,ss,2010,1.169621803,14602072411,1498.27035,12.503,,12.92640243,5.493416395,,,,,,
South Sudan,ss,2011,46.85217572,14907308933,1448.98435,12.635,,38.83334297,-4.640316736,,,,,8550148980,
South Sudan,ss,2012,45.52589784,11931472169,1109.260501,12.896,-23.53581405,46.50690476,-46.08212237,,,,,11486155559,
South Sudan,ss,2013,-0.058090978,18426469017,1650.189434,12.727,-16.81025034,36.5121585,13.12973114,,,,,17413371593,
South Sudan,ss,2014,1.674299063,13962212847,1242.734502,12.602,61.8826039,-26.70028458,3.373648477,-5.659455657,,,,11954212847,
South Sudan,ss,2015,52.76633042,11997800760,1080.147186,12.485,-3.321404055,17.68933214,-10.79336463,-4.169014055,,,,10522802564,
South Sudan,ss,2016,379.9995856,,,12.955,-33.00918961,,,-5.767000495,,,,,
South Sudan,ss,2017,187.8516303,,,13.111,-77.56128012,,,8.306846387,,,,,
South Sudan,ss,2018,83.50152949,,,12.952,-27.28786833,,,-9.038248322,,,,,
South Sudan,ss,2019,87.24136415,,,12.709,-25.09795733,,,-4.15741601,,,,,
South Sudan,ss,2020,29.67584355,,,14.319,14.55130674,,,-35.04917116,,,,,
South Sudan,ss,2021,10.51671583,,,14.029,-8.153528605,,,-0.131613142,,,,,
South Sudan,ss,2022,-6.687320942,,,12.545,-49.95519325,,,-11.73191252,,,,,
South Sudan,ss,2023,2.382804348,,,12.477,-20.46469075,,,13.61008233,,,,,
South Sudan,ss,2024,,,,,,,,,,,,,
South Sudan,ss,2025,,,,,,,,,,,,,
Sao Tome and Principe,st,2010,13.34005235,190021192.5,1045.209582,14.626,20.48294462,6.965324124,1.448455229,-46.0873608,,,,189652128.9,
Sao Tome and Principe,st,2011,14.32716676,226455001.2,1219.801891,14.224,13.67227749,11.68070422,1.999432103,-46.70314361,,,,226030077.5,
Sao Tome and Principe,st,2012,10.63793534,229371348.2,1210.792647,13.59,18.5035276,6.467763541,2.942942774,-43.10485177,,,,228462175.9,
Sao Tome and Principe,st,2013,8.105832709,267041747.6,1382.575784,12.48,17.46558471,7.202557607,5.119677354,-30.42994654,,,,270108837.4,
Sao Tome and Principe,st,2014,6.99849944,293119143.2,1489.676334,11.435,17.73257846,4.622697992,4.906210487,-35.45877844,,,,301248736.1,
Sao Tome and Principe,st,2015,5.24587835,259999643,1298.109466,10.594,17.99183834,4.503697096,1.539704283,-26.42070097,,,,263296442.1,
Sao Tome and Principe,st,2016,5.430519661,292267272.2,1434.870181,9.686,11.70585886,7.053471695,5.176824687,-21.0403152,,,,295113951.4,
Sao Tome and Principe,st,2017,5.690296199,322002845.2,1555.794778,8.808,14.92356274,4.080773759,4.112979663,-22.71562903,,,,321612895.9,
Sao Tome and Principe,st,2018,7.868596289,383717327.8,1825.599718,8.714,10.05691942,8.919661495,4.378128083,-19.579826,,,,385528483.8,
Sao Tome and Principe,st,2019,7.720245252,412976082.6,1935.293182,8.831,7.008218859,11.26436809,2.014316721,-21.79932059,,,,412519347.9,
Sao Tome and Principe,st,2020,9.819327915,471229484.6,2167.220018,9.686,8.7484591,9.268277348,2.624859495,-12.64674362,,,,476007362.6,
Sao Tome and Principe,st,2021,8.137770384,524402455.5,2362.588272,9.6,12.66793549,5.164335886,1.899298913,-18.16321585,,,,527132540,
Sao Tome and Principe,st,2022,18.00563511,540809499.2,2389.737298,8.992,1.834138704,15.78065099,0.168698492,-14.68859557,,,,551326234.8,
Sao Tome and Principe,st,2023,21.25891385,678976264.8,2940.933529,9.071,-3.183873104,21.68847611,0.372252775,,,,,685740967.4,
Sao Tome and Principe,st,2024,,,,9.17,,,,,,,,,
Sao Tome and Principe,st,2025,,,,,,,,,,,,,
Suriname,sr,2010,6.941082216,4368370998,7943.604828,7.15,4.099001972,7.196554191,5.168825152,14.8990514,,,,4264071651,
Suriname,sr,2011,17.71177964,4422276622,7949.888672,7.54,-1.829986334,13.84444685,5.849367672,9.753032387,,,,4160160037,
Suriname,sr,2012,5.006863194,4980000000,8851.240507,8.1,0.908894422,10.7352006,2.690349747,3.260466996,,,,4787510970,
Suriname,sr,2013,1.923436041,5145757576,9043.192815,6.6,11.55522213,0.383766168,2.933441652,-3.809073339,,,,5014507667,
Suriname,sr,2014,3.383412727,5240606061,9108.189054,6.94,10.53283896,1.583687158,0.255503032,-7.944542978,,,,5170283939,
Suriname,sr,2015,6.893903592,5126237646,8813.617054,7.22,7.402705034,4.854590609,-3.413042681,-15.3413675,,,,5112966262,
Suriname,sr,2016,55.41238798,3317421648,5644.206106,7.917,-8.532348491,24.06936383,-4.911660509,-4.837550002,,,,3151061277,
Suriname,sr,2017,21.99694302,3591679431,6049.521286,7.888,-10.70669495,28.14510554,1.566037825,1.925511283,,,,3197679431,
Suriname,sr,2018,,3996198867,6665.741805,7.693,8.175726537,5.660593771,4.948271085,-2.970654266,,,,3608698867,
Suriname,sr,2019,,4016040575,6629.667752,7.556,9.303491481,5.178908592,1.167589772,-11.16161729,,,,3604040575,
Suriname,sr,2020,34.88978431,2911807496,4755.392217,8.76,-20.94895148,45.21775635,-15.97519171,8.923879812,,,,2446107496,
Suriname,sr,2021,59.11966263,3107923198,5029.848385,8.491,-29.11378167,62.07453346,-2.435385836,5.668817254,,,,2714723198,
Suriname,sr,2022,52.44602728,3791603200,6084.438767,8.16,-23.20574814,49.42328374,2.406222356,2.012884302,,,,3484003200,
Suriname,sr,2023,51.58731596,3455146281,5494.074094,7.631,-13.68110269,32.26860649,2.539566754,4.282817829,,,,3135046281,
Suriname,sr,2024,16.22961591,,,7.325,,,,,,,,,
Suriname,sr,2025,,,,,,,,,,,,,
Slovak Republic,sk,2010,0.957018133,91112160801,16899.44868,14.387,,0.470528037,6.79058214,-4.620304452,39.51457921,32.80922812,15.01192506,89266361509,45.58546092
Slovak Republic,sk,2011,3.919285991,99705104723,18469.43543,13.634,,1.619770684,2.562424559,-4.923767706,39.06014437,34.93023052,16.00429812,96477145180,48.68655224
Slovak Republic,sk,2012,3.606102635,94724394278,17516.96911,13.966,,1.338882282,1.569171156,0.938943104,39.13257757,34.49150872,15.4996174,93046097962,58.42559762
Slovak Republic,sk,2013,1.40047369,99134277850,18312.78051,14.226,,0.534061781,0.703323635,2.910511442,40.02426039,37.07309322,16.6592069,98208151923,63.08384784
Slovak Republic,sk,2014,-0.07616533,1.02E+11,18770.92899,11.536,,-0.132601653,2.707950624,1.776208209,40.04989531,37.90292089,17.38846665,1.00E+11,65.70229734
Slovak Republic,sk,2015,-0.325219777,89178548717,16442.07609,11.492,,-0.18569322,5.17687951,-2.051038164,40.67834692,40.50080952,18.05151735,86733263301,64.63261742
Slovak Republic,sk,2016,-0.520010196,90347173229,16636.07691,9.679,,-0.390909939,1.947819026,-1.417425834,40.31937365,37.76821846,18.01278076,87583418795,66.12587704
Slovak Republic,sk,2017,1.311945882,95978130735,17645.52987,8.142,,1.181873586,2.874732255,-1.718076927,37.03928549,36.08562204,18.50239117,93926182365,64.13384499
Slovak Republic,sk,2018,2.514037129,1.07E+11,19573.3717,6.544,,2.108647841,4.06212037,-1.592623753,37.1287832,36.25290223,18.46432442,1.04E+11,63.5000461
Slovak Republic,sk,2019,2.664561334,1.06E+11,19406.05897,5.761,,2.401207755,2.275899182,-3.512591749,38.09799212,37.02694299,18.76044211,1.03E+11,63.03351129
Slovak Republic,sk,2020,1.936941267,1.08E+11,19735.48583,6.719,,2.407779684,-2.585512529,-0.437071239,42.11001219,36.82397616,18.46447556,1.06E+11,77.60288335
Slovak Republic,sk,2021,3.149606299,1.21E+11,22138.19498,6.894,,2.243931149,5.72698854,-4.789619163,42.36736849,37.36474452,18.96252033,1.15E+11,77.51539594
Slovak Republic,sk,2022,12.77414636,1.16E+11,21342.76667,6.143,,7.488947307,0.449673875,-9.597690398,39.72751957,37.85250652,19.43960539,1.14E+11,64.31578858
Slovak Republic,sk,2023,10.53194766,1.33E+11,24491.37719,5.84,,10.13649125,1.378337272,-1.677892444,,,,1.29E+11,
Slovak Republic,sk,2024,2.757609094,,,5.234,,,,,,,,,
Slovak Republic,sk,2025,,,,,,,,,,,,,
Slovenia,si,2010,1.801170221,47793117241,23329.84177,7.236,,-0.491469664,1.112137416,-0.686229865,47.35815965,42.88947662,22.01801581,47569634554,
Slovenia,si,2011,1.802851719,51199194599,24940.62848,8.166,,1.364518611,0.655439912,-0.772202643,48.80902897,42.47172132,21.69547004,50883600761,
Slovenia,si,2012,2.59741386,46167053954,22442.14179,8.841,,0.626619402,-2.915538603,1.403341154,47.4901247,43.44112629,21.7020526,45851550970,
Slovenia,si,2013,1.769200859,47867056859,23236.96553,10.103,,1.132798025,-0.823777238,3.516507482,54.57268192,44.10546666,21.89588951,47767746833,
Slovenia,si,2014,0.199343827,49514466380,24013.06821,9.668,,0.63155305,2.762831643,5.32786784,47.53363714,43.72386419,22.03401927,49538339539,
Slovenia,si,2015,-0.525552286,42709468275,20697.27485,8.962,,0.867195846,2.393308724,4.118446076,46.72220847,44.43936572,22.12242197,41777966742,
Slovenia,si,2016,-0.054999542,44290685824,21447.83778,8,,0.88548333,3.034413954,5.292234337,44.67477008,42.69288438,22.16347849,43632048586,
Slovenia,si,2017,1.429107433,48153200135,23303.07771,6.564,,1.287628728,5.17440454,6.820588458,42.29810396,42.39601489,21.90545992,47713353120,
Slovenia,si,2018,1.73860862,53689067640,25888.04811,5.108,,2.180955423,4.379081716,6.52066143,41.14503766,42.6985994,22.03308292,53372127792,
Slovenia,si,2019,1.630522608,53909922736,25814.16872,4.446,,2.338588187,3.505251668,6.452905854,40.78950041,42.24838482,21.69926174,53555776974,
Slovenia,si,2020,-0.054856816,53384760135,25392.06511,4.971,,1.189530233,-4.084998153,7.673953671,49.10753079,42.10641593,20.48855061,53456563151,
Slovenia,si,2021,1.917065061,61529280461,29187.36938,4.744,,2.689964361,8.389650321,3.368428548,46.61659847,43.15272814,21.61276072,61087662970,
Slovenia,si,2022,8.833698867,59927702746,28373.83823,4.011,,6.517151015,2.699237557,-1.030197502,43.53277008,42.32417077,21.0207425,58905498956,
Slovenia,si,2023,7.446877174,69148468417,32610.11092,3.652,,10.05010575,2.112591843,4.472484413,42.94070831,41.76398678,20.34648304,68204657444,
Slovenia,si,2024,1.965626564,,,3.357,,,,,,,,,
Slovenia,si,2025,,,,,,,,,,,,,
Sweden,se,2010,1.157988027,4.93E+11,52542.82741,8.61,,1.030259473,5.750735843,5.925039476,33.26478074,33.41001388,27.56963124,5.07E+11,43.57075864
Sweden,se,2011,2.961150738,5.71E+11,60379.77482,7.804,,1.117300086,3.163910481,5.51025823,32.43931241,32.70078155,26.79857538,5.83E+11,43.95674841
Sweden,se,2012,0.888377507,5.50E+11,57749.82513,7.976,,0.949517918,-0.414465721,5.533018071,33.00856595,32.24417051,26.43508733,5.63E+11,43.72723192
Sweden,se,2013,-0.04429297,5.84E+11,60844.27671,8.052,,1.011647514,1.137716498,4.334774529,33.72307552,32.40217987,26.59050185,5.98E+11,45.37938825
Sweden,se,2014,-0.179638494,5.78E+11,59583.714,7.954,,1.832706911,2.295763809,3.250466107,33.25704906,32.08853988,26.7091995,5.90E+11,49.81692532
Sweden,se,2015,-0.046784745,5.02E+11,51197.95293,7.432,,2.253432325,4.410140676,2.593839782,32.35263467,32.62351583,27.32104605,5.05E+11,47.75630384
Sweden,se,2016,0.984269245,5.14E+11,51820.39725,6.99,,1.652020012,2.349740804,1.846795989,32.03654004,33.51503112,28.19905913,5.16E+11,46.31708221
Sweden,se,2017,1.794499047,5.36E+11,53300.85873,6.718,,2.226551339,1.825156015,2.074325706,31.92720254,33.60607143,28.3863059,5.44E+11,44.35252559
Sweden,se,2018,1.953535301,5.51E+11,54181.90698,6.365,,2.616120195,1.902964588,2.192064752,31.94376221,33.48438138,28.11887167,5.61E+11,42.5823207
Sweden,se,2019,1.784150974,5.32E+11,51773.04646,6.833,,2.420650077,2.549647853,5.327120648,31.33107895,32.95293103,27.50079816,5.48E+11,38.79481699
Sweden,se,2020,0.497367319,5.45E+11,52653.75659,8.291,,1.793662887,-2.005337504,5.797583322,34.87910124,32.25258107,26.82224459,5.64E+11,44.17800675
Sweden,se,2021,2.163197364,6.37E+11,61174.96802,8.722,,2.740633344,5.937508573,6.703133879,32.91231128,32.49793774,27.39864546,6.63E+11,40.65508531
Sweden,se,2022,8.369290989,5.80E+11,55296.93715,7.392,,5.781937149,1.459288508,4.725761565,32.23468005,33.28925421,27.60475284,6.05E+11,36.91035156
Sweden,se,2023,8.548624897,5.85E+11,55516.83648,7.611,,6.149069697,-0.310670185,6.978070954,,,,6.07E+11,
Sweden,se,2024,2.835816582,,,8.528,,,,,,,,,
Sweden,se,2025,,,,,,,,,,,,,
Eswatini,sz,2010,4.509236918,4438765086,3992.951996,26.736,6.349809975,3.197175459,3.793754968,-8.748142493,24.68696291,17.11499648,16.00052763,4212614315,12.73341076
Eswatini,sz,2011,6.107427146,4820478680,4312.342434,25.987,3.473535253,5.340945135,2.247229761,-5.844202893,22.22328246,17.12143135,16.30702667,4528146052,12.51209498
Eswatini,sz,2012,8.939646828,4886551484,4347.995693,25.128,0.001495653,8.748373502,5.396630697,4.910185845,22.33025604,28.83755225,28.23337865,4571223253,12.88235657
Eswatini,sz,2013,5.621306235,4418333192,3910.063976,24.448,5.977548101,2.380175748,3.861213798,11.02267076,,,,4220959257,
Eswatini,sz,2014,5.681348858,4250545461,3740.692776,23.828,2.177532628,6.310063676,1.716887833,12.04753981,25.50910903,30.6541059,30.00795637,4063414219,14.42482802
Eswatini,sz,2015,4.951244937,3878174404,3393.533678,23.285,3.135087141,5.72703208,1.354894932,13.75193366,26.92545404,28.85938578,27.64134301,3718654174,16.51181053
Eswatini,sz,2016,7.847274591,3705918654,3223.920041,22.718,3.503493887,6.518143359,3.528997951,8.025579161,27.92117146,25.37820593,24.01575738,3500764833,20.63687203
Eswatini,sz,2017,6.221375289,4437538381,3831.425953,24.523,4.583669201,5.896074259,2.465058605,6.147516179,27.22515359,27.55812988,26.49118993,4142435669,22.01014831
Eswatini,sz,2018,4.815061675,4659474400,3986.105572,26.369,6.580301069,3.501771804,0.769171434,1.303402492,26.67345759,24.72810881,24.24716431,4339197363,27.02331766
Eswatini,sz,2019,2.598016203,4594818143,3894.329516,28.138,7.388252934,2.548460368,4.962121425,3.833540091,25.4026601,25.93260054,24.646021,4112925341,29.94596481
Eswatini,sz,2020,,4105756863,3442.321653,32.944,2.950775552,4.86403114,-2.88706296,6.599075307,26.25315175,27.46527278,27.28076439,3719044112,38.62909296
Eswatini,sz,2021,,4737671576,3926.486874,34.153,7.070130261,0.167992453,3.399338581,2.645133439,24.97614585,25.45552847,24.70435032,4375150958,36.2473217
Eswatini,sz,2022,,4695372785,3852.085733,35.359,-1.153271232,9.765898531,-0.067619258,-3.002361566,,,,4318606144,
Eswatini,sz,2023,,4442875788,3610.608797,35.086,9.066212023,1.620228005,5.014904713,2.420379534,,,,4134403562,
Eswatini,sz,2024,,,,34.4,,,,,,,,,
Eswatini,sz,2025,,,,,,,,,,,,,
Sint Maarten (Dutch part),sx,2010,1.338576217,892290502.8,26403.81437,,,1.12875903,3.199992692,,,,,858994413.4,
Sint Maarten (Dutch part),sx,2011,4.584754357,936089385.5,27317.51789,,,0.295015878,4.600003414,-0.482155646,,,,903200726.3,
Sint Maarten (Dutch part),sx,2012,4.015184211,985865921.8,28149.09979,,,3.873096509,1.390544568,9.395704652,,,,955047095,
Sint Maarten (Dutch part),sx,2013,2.528647885,1022905028,28529.73247,,,2.4186759,1.306731035,0.422119061,,,,1000318939,
Sint Maarten (Dutch part),sx,2014,1.886754663,1361811508,37134.91242,,,31.06050712,1.580382215,-8.1361394,,,,1318694469,
Sint Maarten (Dutch part),sx,2015,0.330027165,1417888715,37839.62838,,,4.007785182,0.10581315,1.284859446,,,,1376294134,
Sint Maarten (Dutch part),sx,2016,0.111682656,1427017207,37308.61478,,,-0.320844612,0.967758363,-1.862696922,,,,1391252793,
Sint Maarten (Dutch part),sx,2017,2.19201011,1353212123,34701.30585,,,2.55581757,-7.535213999,3.481146767,,,,1326983575,
Sint Maarten (Dutch part),sx,2018,,1259200447,31708.31101,,,-0.096963579,-6.856982992,5.930152723,,,,1230764693,
Sint Maarten (Dutch part),sx,2019,,1407880447,34861.46953,,,0.759240923,10.96500094,-11.72251514,,,,1358106648,
Sint Maarten (Dutch part),sx,2020,,1236428101,30150.89984,,,1.313681661,-13.31678872,-23.49172182,,,,1205403240,
Sint Maarten (Dutch part),sx,2021,,1353071061,32548.43669,,,4.643698668,4.577596779,-23.01895553,,,,1312181063,
Sint Maarten (Dutch part),sx,2022,,1537088715,36476.63008,,,3.460836118,9.800001111,-3.707252327,,,,1490391843,
Sint Maarten (Dutch part),sx,2023,,1627776949,38077.54449,,,2.023121387,3.8,-7.168848291,,,,1578734672,
Sint Maarten (Dutch part),sx,2024,,,,,,,,,,,,,
Sint Maarten (Dutch part),sx,2025,,,,,,,,,,,,,
Seychelles,sc,2010,-2.404638751,981616542.3,10934.79495,,15.14335555,-2.119710446,4.505132043,-21.84052529,,,,927738129,
Seychelles,sc,2011,2.559267722,1058918707,12110.09375,,10.01891366,1.064381381,9.509783352,-28.45213639,,,,985285911.5,
Seychelles,sc,2012,7.110370623,1089407839,12337.15547,,1.588142904,10.43728388,3.110678494,-14.80742704,,,,1086240640,
Seychelles,sc,2013,4.338938483,1333160407,14821.29215,,6.291734551,5.640231518,1.253734962,-11.89724281,,,,1250774894,
Seychelles,sc,2014,1.385834546,1387577870,15188.19022,,4.897124167,6.435871632,4.063691812,-22.37018569,,,,1299831890,
Seychelles,sc,2015,4.041944107,1432403352,15333.10517,,13.49678463,-1.003186419,8.914008875,-17.88471889,,,,1349188913,
Seychelles,sc,2016,-1.015481917,1568513348,16566.9946,,14.99623108,-2.294568469,12.11752725,-2.613847777,,,,1459330975,
Seychelles,sc,2017,2.856795756,1675370641,17480.36519,,9.682908864,2.332490488,6.954162188,-2.203680653,,,,1562444817,
Seychelles,sc,2018,3.702918391,1784313927,18440.23405,,8.566122632,3.447381966,4.939472723,-2.341333697,,,,1699144648,
Seychelles,sc,2019,1.807094008,1868690097,19141.51187,,12.46162574,0.126950239,5.514292074,-2.84238749,,,,1794024905,
Seychelles,sc,2020,1.20266464,1382551752,14041.47541,,6.060004488,5.230428585,-11.73986083,-12.53018833,,,,1333464347,
Seychelles,sc,2021,9.76909937,1487173795,14982.91115,,6.235638501,2.750059938,0.552281631,-10.76995764,,,,1424837755,
Seychelles,sc,2022,2.626036329,2057968520,17167.19098,,7.465475414,1.522390942,14.97685133,-6.882901722,,,,1994563784,
Seychelles,sc,2023,-1.035300884,2141450171,17879.23965,,10.56051084,-0.932509493,3.161714355,-7.247154267,,,,2124655769,
Seychelles,sc,2024,0.311726051,,,,,,,,,,,,
Seychelles,sc,2025,,,,,,,,,,,,,
Syrian Arab Republic,sy,2010,4.397413832,61390830875,2730.614771,8.61,,6.899265094,5.191905841,-0.59844193,,,,57408366910,
Syrian Arab Republic,sy,2011,4.753163889,67539428159,2952.143494,8.627,,11.57407782,2.850002844,,,,,62976957812,
Syrian Arab Republic,sy,2012,36.70229534,43190318033,1897.66115,13.8,,26.24625525,-26.33901708,,,,,41500139066,
Syrian Arab Republic,sy,2013,40.03183783,21361254635,985.8926692,14.5,,31.77019391,-26.30008766,,,,,20440062129,
Syrian Arab Republic,sy,2014,10.92711418,21502061466,1060.591059,14.783,,37.09458403,-10.31033991,,,,,20679218993,
Syrian Arab Republic,sy,2015,38.46114296,16466863117,847.7316319,14.243,,38.21454775,-4.179791613,,,,,15846726812,
Syrian Arab Republic,sy,2016,47.70516153,12597854877,656.3490586,13.795,,36.87104156,-6.405590739,,,,,12131412782,
Syrian Arab Republic,sy,2017,18.07526963,16369843352,851.5020053,13.597,,37.22093822,-0.723281777,,,,,15776320914,
Syrian Arab Republic,sy,2018,0.940983844,21497782868,1098.066864,13.497,,13.18794028,1.393176078,,,,,20708643152,
Syrian Arab Republic,sy,2019,13.41756532,22583045060,1109.53926,13.36,,19.83135401,1.220705221,,,,,21724169919,
Syrian Arab Republic,sy,2020,,12047752036,572.3552898,15.191,,61.58641429,-0.697154504,,,,,11545828324,
Syrian Arab Republic,sy,2021,,14353205678,663.6142457,14.877,,118.2740863,1.854215901,,,,,13831790420,
Syrian Arab Republic,sy,2022,,23622827080,1051.671496,13.268,,112.1436535,0.732781302,,,,,22818123250,
Syrian Arab Republic,sy,2023,,,,13.187,,,,,,,,,
Syrian Arab Republic,sy,2024,,,,12.962,,,,,,,,,
Syrian Arab Republic,sy,2025,,,,,,,,,,,,,
Turks and Caicos Islands,tc,2010,,686787800,23093.8431,,,,,,,,,,
Turks and Caicos Islands,tc,2011,,728789600,23626.71335,,,,,,,,,,
Turks and Caicos Islands,tc,2012,,727161000,22633.95275,,,0.756185324,-0.972299355,,,,,,
Turks and Caicos Islands,tc,2013,,754238000,22412.20694,,,2.624675487,1.070877013,,,,,,
Turks and Caicos Islands,tc,2014,,841070000,23996.29101,,,2.576778996,8.711296582,12.82342066,,,,789570000,
Turks and Caicos Islands,tc,2015,,942070000,25736.10163,,,0.623168365,11.31483413,16.30008862,,,,879070000,
Turks and Caicos Islands,tc,2016,,1032452000,26946.41785,,,2.184403616,7.25118055,23.93149051,,,,991352000,
Turks and Caicos Islands,tc,2017,,1028941663,25779.61224,,,2.215384615,-2.5,3.403101843,,,,1031041663,
Turks and Caicos Islands,tc,2018,,1128749005,27160.15796,,,3.872155508,5.610593584,15.30094453,,,,1125949005,
Turks and Caicos Islands,tc,2019,,1177285212,27273.4377,,,-0.959943373,5.310925248,,,,,1149285212,
Turks and Caicos Islands,tc,2020,,774653669.3,17452.6578,,,-10.13024342,-26.78293287,,,,,774953669.3,
Turks and Caicos Islands,tc,2021,,1045782454,23114.79021,,,23.82424582,9.025497471,,,,,1050982454,
Turks and Caicos Islands,tc,2022,,1228794383,26802.06738,,,10.64030185,6.199999486,,,,,1225894383,
Turks and Caicos Islands,tc,2023,,1402054391,30348.81144,,,12.7470392,1.199996745,,,,,1342454391,
Turks and Caicos Islands,tc,2024,,,,,,,,,,,,,
Turks and Caicos Islands,tc,2025,,,,,,,,,,,,,
Chad,td,2010,-2.077865746,10668103554,866.4396809,0.878,,6.391195051,13.55010086,,,,,10312400157,
Chad,td,2011,2.029240537,12172308851,954.3168729,0.905,,8.580398958,0.082869798,,,,,11856127558,
Chad,td,2012,7.516623647,12367362757,936.141445,0.9,,1.097245712,8.882576072,,,,,12067689658,
Chad,td,2013,0.222671565,12953534866,946.1295831,0.948,,-4.141367404,5.700001363,,,,,12362321620,
Chad,td,2014,1.681973139,13940767219,982.5275631,0.933,,0.645785332,6.899985045,,,,,13336601200,
Chad,td,2015,4.377126651,10950392257,747.5884485,0.974,,-8.480017258,2.767675685,,,,,10618477309,
Chad,td,2016,-0.792440525,10097778098,668.0786361,1.047,,-1.400839279,-6.255527085,,,,,9911697344,
Chad,td,2017,-1.53709963,10000394381,640.1170485,1.116,,0.028251914,-2.988695986,,,,,9869508104,
Chad,td,2018,4.274621986,11239167898,695.6423937,1.135,,5.014657778,2.3740378,,,,,11075018517,
Chad,td,2019,-0.971939175,11314951092,678.1420357,1.084,,2.85603412,3.247181917,,,,,11140998348,
Chad,td,2020,4.464144372,10715396042,622.0955434,1.707,,-5.454896408,-1.600006737,,,,,10561570204,
Chad,td,2021,-0.77284437,11779981333,660.7471926,1.548,,7.166576289,-1.169187004,,,,,11605895382,
Chad,td,2022,5.788026878,12396807588,671.7201476,1.096,,15.14512189,2.804340748,,,,,12212890618,
Chad,td,2023,10.83635684,13149325362,680.6398779,1.074,,-0.936604165,4.12231962,,,,,12956602270,
Chad,td,2024,8.899507323,,,1.088,,,,,,,,,
Chad,td,2025,,,,,,,,,,,,,
Togo,tg,2010,1.445945174,4746389532,704.9871642,2.383,5.211533565,-0.093335995,5.854352694,-4.211675509,10.24741836,12.645899,10.50778741,4722896939,
Togo,tg,2011,3.563514729,5422442166,783.9893805,1.982,2.369510988,2.819595064,5.823252237,-5.571342457,10.80804638,12.39101935,11.40523223,5656293246,
Togo,tg,2012,2.577181741,5413544658,762.3920476,2.03,3.232197985,1.75039253,6.302695421,-5.433021291,12.51725385,12.94914604,11.36165572,5419520493,
Togo,tg,2013,1.825394759,6021732977,826.5432595,2.085,3.544559385,1.683275901,5.824265832,-9.439441135,12.83026789,13.65267404,12.1000696,6046989121,
Togo,tg,2014,0.190875076,6393318262,855.5852849,2.142,4.835254345,0.479875774,5.633240218,-7.171078508,11.55464623,14.28690954,13.16639275,6439476564,
Togo,tg,2015,2.585003908,5755461035,751.0524051,2.204,2.887844517,2.202711273,5.468031293,-8.01021155,12.92537568,14.84467143,13.76871095,5887730069,
Togo,tg,2016,1.285448471,6071170959,772.5817871,2.968,3.782101109,1.457764754,4.214895609,-7.191802524,13.61052906,14.69296845,13.86737441,6114776688,
Togo,tg,2017,-0.981889869,6387422518,792.7654872,3.744,6.078745485,-0.884951534,4.008133262,-1.513024936,11.51213839,14.06845091,13.0586635,6392420307,
Togo,tg,2018,0.927755426,7029300383,851.1308069,2.898,,0.454262223,4.79506027,-2.629729508,13.62918884,15.49276414,12.85943483,7048636180,
Togo,tg,2019,0.67465277,6992700101,826.2606541,2.036,,0.011943544,4.922925917,-0.792877889,13.39636702,15.2423076,13.58354422,7014819501,
Togo,tg,2020,1.699284633,7400284168,853.5782203,2.225,,1.93311362,1.992155019,-0.280228714,14.40350597,14.18441028,12.86660525,7443023219,
Togo,tg,2021,4.186215065,8342243646,939.6133738,2.333,,2.466367464,5.990876104,,13.49171276,14.83897741,14.20244964,8360888241,
Togo,tg,2022,7.967573616,8169476149,898.7581544,1.965,,4.155813151,5.759542515,,16.15557542,15.05386421,14.18756208,8209395368,
Togo,tg,2023,5.489285681,9171261838,985.6975126,1.948,,2.594565299,6.407922156,,16.99340972,16.60139071,14.7594069,9210663737,
Togo,tg,2024,,,,1.94,,,,,,,,,
Togo,tg,2025,,,,,,,,,,,,,
Thailand,th,2010,3.247588424,3.41E+11,4973.862888,0.622,0.243128639,4.080989227,7.513390533,3.367324672,17.41141537,18.99810689,14.93264755,3.27E+11,26.90084554
Thailand,th,2011,3.808790581,3.71E+11,5373.623283,0.66,1.276682032,3.74309812,0.840132083,2.542170963,19.41745836,19.81244756,16.36183479,3.62E+11,28.1319763
Thailand,th,2012,3.014899503,3.98E+11,5725.528028,0.58,3.216757125,1.909144442,7.242796202,-1.23233638,18.62161962,18.93807079,15.44093567,3.79E+11,28.44471602
Thailand,th,2013,2.184886185,4.20E+11,6018.082447,0.249,3.224334982,1.778745892,2.687495563,-2.101534589,19.8172562,21.33263752,17.73605447,3.93E+11,38.16669506
Thailand,th,2014,1.895141819,4.07E+11,5801.197892,0.576,3.457843171,1.441465365,0.984468864,2.858284099,19.99522733,20.38005158,16.49878428,3.86E+11,35.39047395
Thailand,th,2015,-0.900424963,4.01E+11,5688.853354,0.597,3.981013973,0.722113573,3.134047249,6.915815172,19.39277587,21.25493683,16.85085155,3.81E+11,36.67056954
Thailand,th,2016,0.188149704,4.13E+11,5833.577156,0.688,1.78511917,2.63616762,3.435157717,10.50835439,19.6652964,20.5484736,16.10003515,3.94E+11,37.3065204
Thailand,th,2017,0.665631893,4.56E+11,6413.091825,0.83,2.469714624,1.89994499,4.177681032,9.631030192,19.12266355,19.86045313,15.51872716,4.36E+11,
Thailand,th,2018,1.063897542,5.07E+11,7099.776501,0.765,2.679797289,1.428586164,4.222870287,5.619863146,19.01969426,20.17695259,15.69815813,4.82E+11,37.91041884
Thailand,th,2019,0.706728601,5.44E+11,7605.696578,0.716,3.038915787,1.014423406,2.114557796,7.032726403,18.66658273,20.0041229,15.39794822,5.24E+11,38.62770559
Thailand,th,2020,-0.845937147,5.00E+11,6985.643939,1.099,4.651690048,-1.298775057,-6.050038469,4.182828615,22.83135746,20.06587368,15.19315216,4.89E+11,50.3227815
Thailand,th,2021,1.230395413,5.06E+11,7058.0695,1.215,1.266497157,1.771072263,1.568181765,-2.11799444,25.12992506,19.20362675,15.0614176,4.89E+11,58.50430862
Thailand,th,2022,6.077412284,4.96E+11,6909.359975,0.94,-1.554556797,4.766995787,2.462769341,-3.462520166,22.23202137,18.97682246,15.13903392,4.81E+11,60.34985768
Thailand,th,2023,1.228026235,5.15E+11,7182.025258,0.733,3.028638612,1.220238118,1.887257251,1.439234682,20.80427721,19.95727769,15.45115407,5.03E+11,61.23564826
Thailand,th,2024,,,,0.693,,,,,,,,,
Thailand,th,2025,,,,,,,,,,,,,
Tajikistan,tj,2010,6.445314408,5642221099,737.3388832,11.542,9.725941381,12.46166773,6.499999086,-10.29875658,,,,6969749692,
Tajikistan,tj,2011,12.43154904,6522756255,833.6019782,11.557,8.062972034,13.32435557,7.4000006,-6.336558673,,,,8316624763,
Tajikistan,tj,2012,5.83116601,7633036903,952.4528197,11.444,8.246125101,11.86851559,7.499999463,-8.926954867,,,,9744488622,
Tajikistan,tj,2013,5.009646453,8448411318,1028.197043,11.417,19.97544733,3.633009451,7.399999747,-10.47288215,,,,11112718543,
Tajikistan,tj,2014,6.104427651,9112605459,1081.544029,11.439,18.86532865,4.766661358,6.70000069,-3.472712279,,,,11296415927,
Tajikistan,tj,2015,5.714559496,8271431485,956.9163109,11.485,17.75116938,6.86625095,6.019303318,-5.767738651,,,,9797996696,
Tajikistan,tj,2016,6.004580823,6992416097,788.7104817,11.5,24.27035304,0.541389757,6.9,-4.159173766,,,,8081792571,
Tajikistan,tj,2017,,7536402853,829.4571476,11.487,18.06944068,9.805467141,7.100000419,2.109352619,,,,8637196304,
Tajikistan,tj,2018,,7764999999,834.2884046,11.437,24.09604073,2.492227556,7.59999889,-4.889664631,,,,8990673044,
Tajikistan,tj,2019,,8300813599,871.0223729,11.419,19.18895987,3.65868395,7.400000163,-2.232249185,,,,9631287022,
Tajikistan,tj,2020,,8133963551,834.3117155,12.321,,1.655960105,4.400001116,4.349180926,,,,9498106073,
Tajikistan,tj,2021,,8937805347,896.7480534,12.333,,10.04450955,9.39999955,8.229378666,12.45728957,17.75267228,10.34598055,10758910057,
Tajikistan,tj,2022,,10713525200,1052.179495,11.634,,8.262272815,8.000000338,15.25736343,10.69107156,17.06989499,10.34427934,14210918854,
Tajikistan,tj,2023,,12060602009,1160.81187,11.546,,2.188219981,8.299999217,4.842398854,11.18713574,18.71207357,10.91580827,15143750556,
Tajikistan,tj,2024,,,,11.635,,,,,,,,,
Tajikistan,tj,2025,,,,,,,,,,,,,
Turkmenistan,tm,2010,,22583157895,4058.53937,4,,2.306088153,9.199999988,,,,,20689157895,
Turkmenistan,tm,2011,,29233333333,5143.619293,4.002,,12.85745437,14.69999993,,,,,26406333333,
Turkmenistan,tm,2012,,35164210526,6053.874847,3.986,,8.270084082,11.09999996,,,,,31835210526,
Turkmenistan,tm,2013,,39197543860,6599.645291,3.983,,1.152445833,10.2000001,,,,,35782543860,
Turkmenistan,tm,2014,,43524210526,7164.145362,4,,0.669180967,10.29999997,,,,,39603210526,
Turkmenistan,tm,2015,,35799714286,5759.497904,4.016,,-5.153297788,6.49999991,,,,,33705628571,
Turkmenistan,tm,2016,,36169428571,5686.98041,4.031,,-4.865602879,6.199999966,,,,,35225885714,
Turkmenistan,tm,2017,,37926285714,5828.481662,4.044,,-1.542442685,6.500000047,,,,,36352285714,
Turkmenistan,tm,2018,,40765428571,6125.051697,4.044,,1.21087594,6.199999941,,,,,39048469257,
Turkmenistan,tm,2019,,45232857143,6648.034896,4.043,,4.382752268,6.300000042,,,,,44588356857,
Turkmenistan,tm,2020,,45818000000,6592.60146,4.501,,-4.349741808,5.900000049,,,,,45566594286,
Turkmenistan,tm,2021,,50007428571,7051.202111,4.459,,2.77178001,6.200000017,,,,,49698385714,
Turkmenistan,tm,2022,,58972000000,8156.35212,4.109,,11.04188283,6.199999936,,,,,58199983629,
Turkmenistan,tm,2023,,60628857143,8232.65226,4.099,,-3.283712711,6.300157585,,,,,60128502822,
Turkmenistan,tm,2024,,,,4.304,,,,,,,,,
Turkmenistan,tm,2025,,,,,,,,,,,,,
Timor-Leste,tl,2010,6.765976802,881909300,813.0601773,3.301,,10.96379895,9.331511766,189.5182933,83.6080309,274.4304808,110.172588,3324140000,
Timor-Leste,tl,2011,13.49984024,1042534600,939.0452411,3.384,-0.467443608,11.56567327,5.958539712,225.0328852,70.6068505,344.9994508,135.4844505,4581072400,
Timor-Leste,tl,2012,11.80030967,1160555000,1022.619032,3.468,5.699264916,6.160467078,4.860621868,235.7506054,78.15012993,337.757046,147.6401955,4318281900,
Timor-Leste,tl,2013,11.08490851,1395727400,1204.568415,3.564,-3.625258193,16.64276818,3.104366832,171.2394398,62.9205961,248.9168014,93.8650341,4151960900,
Timor-Leste,tl,2014,0.726275016,1447535200,1224.749578,3.618,13.69442015,-0.728051105,4.472498466,76.41671454,67.36081209,158.3890946,62.79066644,3337734900,
Timor-Leste,tl,2015,0.552796026,1590282400,1319.592974,3.678,5.871063452,7.202726567,2.480040402,14.13694826,73.28178373,93.01973285,36.16611465,2788459200,
Timor-Leste,tl,2016,-1.338538762,1640464600,1335.543901,4.657,13.88733414,0.141367073,3.009930626,-32.49537357,70.09556856,47.22058574,15.08794971,2220458200,
Timor-Leste,tl,2017,0.557215537,1584878400,1266.17768,4.248,13.52825417,-0.212799455,-3.182415225,-21.39471644,57.05660696,60.32701992,20.22852259,2257643600,
Timor-Leste,tl,2018,2.63647201,1555988600,1219.465986,3.778,15.02372397,-1.362694993,-0.466502171,-12.28461345,56.93995971,68.6107575,25.25021946,2235769200,
Timor-Leste,tl,2019,0.95881274,2032550400,1562.364589,3.097,9.697110589,5.164283459,24.21288401,26.38151314,49.04544488,67.47557237,22.81339077,2869483800,
Timor-Leste,tl,2020,0.495499215,2162619200,1630.869354,2.782,41.2938053,-19.2266531,31.72574167,21.22961723,52.18607346,39.65030722,12.64271172,2368614800,
Timor-Leste,tl,2021,3.697920947,3624889700,2684.827044,2.344,-30.12500278,59.08384971,5.363126627,42.05305405,41.19705392,33.76677856,15.0880984,3463610300,
Timor-Leste,tl,2022,7.005309454,3208594000,2343.245247,1.537,-0.407357106,11.45852631,-20.58424404,14.77299426,52.49359782,51.4676183,21.64317767,3056814200,
Timor-Leste,tl,2023,8.420351033,2079916900,1502.519638,1.521,39.86298328,-20.83343803,-18.11781338,-0.833268209,,,,2435124200,
Timor-Leste,tl,2024,2.06284153,,,1.603,,,,,,,,,
Timor-Leste,tl,2025,,,,,,,,,,,,,
Tonga,to,2010,3.534912392,366887376.6,3416.083581,1.513,,7.721579949,0.824396747,-23.83210946,,,,378823249.2,
Tonga,to,2011,6.27075303,414143823.2,3849.993708,1.602,,0.475221375,6.703701389,-20.25174003,,,,426159387.2,
Tonga,to,2012,1.147538537,471122970.9,4384.170583,1.643,5.410996498,4.284591945,0.919767903,-14.82002586,,,,484981739.3,
Tonga,to,2013,0.775629322,451788486.9,4219.246595,1.754,11.91830217,-2.291251635,0.393913876,-9.473506222,27.65065846,19.32745985,16.93247437,463089490.3,48.9145789
Tonga,to,2014,2.510876333,440997738,4136.590138,1.92,8.599244625,0.041538931,1.990540155,-6.26556406,30.37755189,20.16787594,17.10459376,444161208.7,47.35589597
Tonga,to,2015,-1.05399832,437525514.2,4123.90324,2.024,2.884816193,5.201957889,1.113744057,-10.92458439,30.22676004,22.22253466,18.67925799,442040672.6,51.11497179
Tonga,to,2016,2.578155152,420828262.3,3987.986262,2.046,4.810914137,2.973555383,6.598704361,-7.471055862,31.14258734,23.93223801,20.25651845,427456378.6,49.38178012
Tonga,to,2017,7.517062836,459976850.3,4365.929328,2.131,2.175414286,5.57528646,3.202316509,-7.168865245,31.89331105,23.93916043,20.81517956,478466492.2,45.62247815
Tonga,to,2018,5.03209692,489714518,4638.897743,2.248,2.95488506,4.937340882,0.687550583,-7.007059301,31.31954295,24.87672015,21.90960681,513202722.7,48.61650708
Tonga,to,2019,1.179543348,494197841.1,4676.847903,2.157,3.187085817,4.728004754,-0.208437488,-3.827185765,31.37114328,24.27044933,21.64631452,526879021.1,44.08509899
Tonga,to,2020,-0.349737697,496856295.8,4700.449328,2.699,7.357876245,0.438445964,1.78339493,-5.727860203,32.10631209,24.50516233,20.78624462,532612592.4,43.92317589
Tonga,to,2021,5.640511406,518228012.1,4912.579506,2.111,5.154624146,2.474562668,0.362601972,-6.248633423,36.07590409,23.46751334,20.73816253,547916482.1,
Tonga,to,2022,10.97136529,518180042.2,4933.074791,2.302,5.663487856,2.078029809,-2.309860027,-5.355101148,42.91192994,23.9709194,21.9108612,543800039.3,
Tonga,to,2023,6.351129803,,,2.262,7.759865756,,,-5.914070962,40.2672378,26.30835168,23.76696583,,
Tonga,to,2024,3.183646113,,,2.192,,,,,,,,,
Tonga,to,2025,,,,,,,,,,,,,
Trinidad and Tobago,tt,2010,10.54920032,22157920592,16815.42474,4.033,-3.061060946,12.73333613,3.32322471,18.82995882,30.697681,32.92791007,26.24401846,21078421939,
Trinidad and Tobago,tt,2011,5.107132893,25433007437,19151.08702,3.425,-6.705743095,15.72970325,-0.294354409,18.51283743,27.32372316,28.69359626,25.6437422,22613153665,
Trinidad and Tobago,tt,2012,9.260281371,27334568806,20472.35743,3.718,7.338340512,0.344697728,7.446820893,14.14512783,28.32806796,29.70302907,24.79021024,25038317529,
Trinidad and Tobago,tt,2013,5.199817405,28709859469,21416.36608,2.683,5.750972904,1.653911116,3.531787373,19.40565903,29.28906662,30.29897664,24.13490324,27143003982,
Trinidad and Tobago,tt,2014,5.684418146,29697674914,22074.42631,2.477,8.493869808,-0.916060797,3.853635483,13.98931993,30.86428253,32.57337242,24.84385184,27974529430,
Trinidad and Tobago,tt,2015,4.661215981,27026750553,20024.75466,2.428,18.53487909,-8.733614249,-0.777459952,7.611534776,33.31764265,35.61664748,24.54033623,26787107495,
Trinidad and Tobago,tt,2016,3.070667425,23722678430,17521.80075,3.207,9.814290589,-0.741516049,-7.527137422,-3.272744888,33.2881054,31.10955007,21.30820021,23297537850,
Trinidad and Tobago,tt,2017,1.880384402,24040211327,17720.49724,3.394,0.726654512,8.213660553,-4.800828429,5.861812762,32.7548794,28.47659491,18.24302282,24089211147,
Trinidad and Tobago,tt,2018,1.018569302,24569257295,18076.35656,3.498,6.239045993,2.687057268,-0.602464842,6.617389676,30.47970654,28.73960461,19.3226637,23869252229,
Trinidad and Tobago,tt,2019,1.00054293,23775659263,17431.02693,3.523,13.57998965,-3.812282129,0.361272406,4.290707308,32.89953799,23.95954971,16.54688051,23168661689,
Trinidad and Tobago,tt,2020,0.598986331,20807716174,15224.50835,4.206,10.75468839,-3.791883174,-9.077876893,-6.518786911,,,,19752108819,
Trinidad and Tobago,tt,2021,2.059227469,24496397205,17912.51062,4.446,-9.787161633,19.0933596,-1.03742621,10.73344926,,,,24104698951,
Trinidad and Tobago,tt,2022,5.828386385,30053446092,22004.19979,4.383,-11.0292535,20.81452338,1.48223484,17.44920357,,,,28331453486,
Trinidad and Tobago,tt,2023,4.629302424,27372285698,20016.1503,4.21,19.71218223,-10.18388327,1.347675182,12.40942895,,,,27877385693,
Trinidad and Tobago,tt,2024,0.526884626,,,4.546,,,,,,,,,
Trinidad and Tobago,tt,2025,,,,,,,,,,,,,
Tunisia,tn,2010,3.338979636,46206091938,4291.861209,13.049,,9.465024549,2.971132751,-4.554471314,26.73852499,27.67132753,19.19975083,44139124354,38.7660003
Tunisia,tn,2011,3.24002842,48123325825,4420.647722,18.334,,4.57111406,-2.046633895,-7.035565856,32.90453332,31.16128785,20.17485594,45963001045,42.48072245
Tunisia,tn,2012,4.611844322,47311401813,4297.267825,17.63,,4.661810781,4.216677115,-7.865725209,33.76412302,29.87618969,20.11548772,45406928008,42.5197543
Tunisia,tn,2013,5.316235313,48685446414,4369.793458,15.934,,4.50027019,2.429930964,-7.966778479,,,,46623799470,
Tunisia,tn,2014,4.625550995,50271812921,4458.978955,14.259,,4.664660474,3.090328031,-8.877945098,,,,48568157922,
Tunisia,tn,2015,4.437371273,45779494042,4014.947737,15.159,,4.213840076,0.967703108,-8.57094815,,,,44599350029,
Tunisia,tn,2016,3.629399374,44360072680,3847.803544,15.557,,4.934963601,1.117425949,-8.528873055,,,,43403523130,
Tunisia,tn,2017,5.308848396,42163530591,3619.032473,15.33,,4.713885694,2.23783868,-10.01436113,,,,41171063372,
Tunisia,tn,2018,7.30759176,42686504460,3628.103665,15.459,,7.92466367,2.624930109,-10.7946229,,,,41650260478,
Tunisia,tn,2019,6.720075329,41905642419,3528.872133,17.153,,7.135212224,1.587846655,-8.049124533,,,,40813336001,
Tunisia,tn,2020,5.634151159,42491780918,3548.653637,17.656,,6.805693176,-9.011934124,-6.012340161,,,,41095052621,
Tunisia,tn,2021,5.706350208,46812290143,3885.281665,16.611,,4.516780334,4.736320748,-5.917367767,,,,45582180788,
Tunisia,tn,2022,8.306461244,44579761023,3678.400234,15.3,,3.054955954,2.673318218,-8.903685966,,,,43606718413,
Tunisia,tn,2023,9.328995975,48529595417,3977.695166,15.106,,8.887636422,0.039156567,-2.288321776,,,,47219686955,
Tunisia,tn,2024,7.206616572,,,16.203,,,,,,,,,
Tunisia,tn,2025,,,,,,,,,,,,,
Turkiye,tr,2010,8.566444206,7.77E+11,10622.70204,11.879,,7.009283603,8.427104323,-5.743485207,32.87628246,31.45244093,18.85902049,7.70E+11,45.14531479
Turkiye,tr,2011,6.471879671,8.39E+11,11300.78522,9.789,,8.200847093,11.20011058,-8.870327236,30.33876653,30.66820257,18.57091787,8.32E+11,40.07695381
Turkiye,tr,2012,8.891569965,8.81E+11,11713.28498,9.21,,7.422673287,4.788492711,-4.746547117,29.58029221,30.67521337,18.10718164,8.74E+11,37.96022912
Turkiye,tr,2013,7.493090305,9.58E+11,12578.18786,9.713,,6.280109697,8.485816997,-5.150244865,29.12136214,30.8343306,18.3638081,9.49E+11,32.12164528
Turkiye,tr,2014,8.854572714,9.39E+11,12165.22014,9.901,,7.389518638,4.939715161,-3.419833467,29.37757842,30.30974852,17.94581705,9.31E+11,31.34641668
Turkiye,tr,2015,7.670853648,8.64E+11,11049.99511,10.304,,7.84491693,6.084486904,-2.470630429,28.88192628,30.38437765,18.18078068,8.55E+11,29.00567489
Turkiye,tr,2016,7.775134153,8.70E+11,10970.04589,10.899,,8.130478078,3.323084208,-2.548860104,30.64548774,30.7908316,18.26558723,8.61E+11,30.03332723
Turkiye,tr,2017,11.14431108,8.59E+11,10695.5502,10.919,,10.98242167,7.501997489,-4.091440141,31.73224235,29.48088899,17.71815774,8.48E+11,29.66707698
Turkiye,tr,2018,16.3324639,7.79E+11,9568.835063,10.956,,16.51227651,3.013170393,-1.87464992,33.54365443,30.29247841,17.27007462,7.68E+11,29.21129294
Turkiye,tr,2019,15.17682157,7.61E+11,9215.440499,13.73,,13.8677569,0.818514527,1.972915018,35.57163898,29.17285593,16.52438584,7.49E+11,33.90480165
Turkiye,tr,2020,12.27895745,7.20E+11,8638.739038,13.148,,14.78934159,1.85987304,-4.300200588,34.06824505,29.63526323,17.66372303,7.12E+11,41.80164062
Turkiye,tr,2021,19.59649269,8.20E+11,9743.212778,11.969,,28.97300048,11.43939569,-0.758783251,30.94041331,29.87247971,17.86363737,8.09E+11,42.57572238
Turkiye,tr,2022,72.30883599,9.07E+11,10674.50416,10.465,,96.03619867,5.533427875,-5.102200356,29.6704625,25.75864358,16.09207149,8.98E+11,35.24579462
Turkiye,tr,2023,53.85940876,1.12E+12,13105.65857,9.388,,68.23393416,5.111168185,-3.566008879,33.70676291,29.35030452,18.53540687,1.11E+12,33.10722302
Turkiye,tr,2024,58.50645073,,,8.449,,,,,,,,,
Turkiye,tr,2025,,,,,,,,,,,,,
Tuvalu,tv,2010,,32105408.48,3024.817079,,,-0.568181818,-2.222222222,-43.64919172,,,,51201338.52,
Tuvalu,tv,2011,0.500580743,39196957.49,3636.0814,,,1.641337386,6.818181818,-60.87775447,,,,58228111.85,
Tuvalu,tv,2012,,39345579.47,3598.461631,,,2.173913043,-2.127659574,16.33824802,,,,51075325.04,
Tuvalu,tv,2013,,38615890.63,3510.216401,,,0.877192982,4.347826087,2.846220267,,,,59123245.51,
Tuvalu,tv,2014,,38760982.65,3528.858581,,,7.5,0,-0.47989504,,,,51169635.19,
Tuvalu,tv,2015,,36811936.08,3357.834177,,,3.20315928,10.41666667,-33.59907473,,,,56981796.87,
Tuvalu,tv,2016,,41629064.22,3808.69755,,,8.163265306,5.660377358,29.64460041,,,,60537505.56,
Tuvalu,tv,2017,,45276595.35,4165.663387,,,2.969962228,2.448392857,2.072881163,,,,62753169.55,
Tuvalu,tv,2018,,48015259.88,4466.120349,,,7.295593591,1.387283842,60.92242098,,,,69534791.98,
Tuvalu,tv,2019,,54123198.57,5115.13076,,,6.438743851,13.82209844,-22.17436447,,,,72178098.54,
Tuvalu,tv,2020,,51746594.31,4976.112541,,,0.890825244,-4.274932069,16.34972125,,,,70406824.1,
Tuvalu,tv,2021,,60196405.71,5905.081981,,,4.684765727,1.804135911,24.14207127,,,,81175820.15,
Tuvalu,tv,2022,,59065982.09,5911.327271,,,5.54755648,0.677309361,4.59319167,,,,79595592.32,
Tuvalu,tv,2023,,62280311.59,6344.775019,,,6.004098705,3.852809195,,,,,84217404.14,
Tuvalu,tv,2024,,,,,,,,,,,,,
Tuvalu,tv,2025,,,,,,,,,,,,,
Tanzania,tz,2010,6.200155956,32012892919,736.5301514,3.029,4.674687403,9.428716253,6.336523427,-6.905905149,13.19308239,10.39666525,9.912261582,31435805580,
Tanzania,tz,2011,12.69096947,34657140096,775.3927612,3.47,2.464304207,12.19842288,7.672155435,-12.64083342,14.37604743,10.32013255,9.793982,34013428042,
Tanzania,tz,2012,16.00109385,39650394363,861.9699097,3.222,4.591413722,10.483894,4.50015356,-9.493817086,14.01790764,11.32346621,10.43300402,39080121050,
Tanzania,tz,2013,7.870723646,45648857242,963.0571289,2.93,5.648641681,9.666183578,6.781585601,-10.92678992,14.83107431,11.36283143,10.72192345,44945732450,
Tanzania,tz,2014,6.13161433,49986726461,1022.748413,2.125,9.655733868,6.050845889,6.732461868,-9.975750008,16.07944415,12.2379339,11.36379689,49453645654,
Tanzania,tz,2015,5.58816953,47413919817,939.1273193,2.159,7.912936186,7.591364023,6.160628774,-5.522795323,14.87007795,11.38312084,10.49249549,46684218024,
Tanzania,tz,2016,5.174766293,49774409374,953.0107422,2.23,7.896286481,7.472033668,6.867116196,-2.446517272,13.36885315,12.40269806,11.39033994,48817192683,
Tanzania,tz,2017,5.318716052,53274884533,986.6740112,2.303,14.74699863,2.638123933,6.762277168,-2.773406654,15.73865328,13.58246903,11.83671902,52339432683,
Tanzania,tz,2018,3.494458489,57003712892,1023.106262,2.393,13.94857765,3.041362239,5.468081815,-4.050309222,14.5748626,13.90603259,11.69508306,56365032376,
Tanzania,tz,2019,3.46428058,61026731926,1063.32251,2.496,14.36289174,2.28040893,5.8,-2.196155064,15.37529315,13.27001855,11.01911748,60012994185,
Tanzania,tz,2020,3.290290628,66068737786,1117.415283,2.781,9.637502016,6.42301399,1.991964606,-2.20762106,14.2926516,13.35796518,11.62676885,64804138398,
Tanzania,tz,2021,3.690919588,70655628148,1159.856567,2.821,,2.674303274,4.321384295,-3.360232682,15.12593583,12.63057995,10.85579964,69464087924,
Tanzania,tz,2022,4.350272043,75769974505,1207.853027,2.588,,2.762614833,4.566005764,-7.235341534,16.84689913,13.9969905,11.79268079,74376313109,
Tanzania,tz,2023,3.799232914,79062403821,1224.489624,2.582,,2.748211894,5.069523532,-3.741731927,17.03048641,13.41063695,11.49148902,77553169189,
Tanzania,tz,2024,3.056946763,,,2.576,,,,,,,,,
Tanzania,tz,2025,,,,,,,,,,,,,
Uganda,ug,2010,3.976552885,26673441431,823.4881443,3.619,13.76121465,5.637611638,5.637611637,-6.035118146,,,,26231034499,
Uganda,ug,2011,16.56434962,27871725241,835.6200606,3.528,11.37349893,9.391655492,9.391655493,-7.48878446,,,,27440502305,
Uganda,ug,2012,12.67903772,27305915911,795.2228676,3.551,21.48807914,3.837455606,3.837455606,-6.063126387,,,,26729090962,
Uganda,ug,2013,4.905208757,28915786517,818.2854274,1.91,19.01463002,3.586905826,3.586905826,-6.0571939,,,,28273784944,
Uganda,ug,2014,3.07570669,32612397257,896.0547955,2.348,15.67738412,5.106307324,5.106307325,-6.641608433,,,,31865562077,
Uganda,ug,2015,5.589686063,32387183730,862.9346104,2.679,16.5546646,5.187859865,5.18785986,-5.09288758,10.76110983,11.57741099,10.80177081,31759208104,
Uganda,ug,2016,5.706375046,29203988696,752.6965717,3.008,18.23339373,4.781000291,4.781000293,-2.725639686,11.31306442,11.96162328,11.11956297,28691910473,
Uganda,ug,2017,5.209717059,30744473841,765.2183323,3.428,15.89084711,4.64905082,3.131405517,-4.884544303,11.25804429,12.36598474,11.60472367,30021045437,
Uganda,ug,2018,2.61601191,32927025620,792.1657002,3.25,14.7478688,4.443385272,6.303923783,-6.331336246,11.83576411,12.47650659,11.68286865,32000683482,34.67357099
Uganda,ug,2019,2.867588034,35348155095,822.0570582,3.06,,3.000011816,6.438745033,-7.447517396,13.51507376,13.09570635,12.23637947,34432253661,38.47694531
Uganda,ug,2020,3.313322895,37600368242,845.7664639,3.831,,2.721484441,2.951306422,-9.569533939,13.67172908,12.85399457,11.39116331,36830875673,44.18591431
Uganda,ug,2021,2.204572048,40529788749,882.7917175,3.422,,2.545119296,3.536580341,-8.894470243,15.58838094,13.98623875,12.45886668,39643093797,51.30266235
Uganda,ug,2022,7.19578886,45565333211,963.0673141,2.886,,4.922286731,4.588021922,-8.918951566,16.94243548,13.77859409,12.54990427,44595747451,53.89028306
Uganda,ug,2023,5.350948043,48768955863,1002.309139,2.787,,6.748015166,5.336972955,-7.723027761,16.58334004,14.37935469,12.96836848,47796257769,53.14693507
Uganda,ug,2024,3.323380671,,,2.941,,,,,,,,,
Uganda,ug,2025,,,,,,,,,,,,,
Ukraine,ua,2010,9.372931051,1.41E+11,3039.632324,8.1,1.931117374,13.67322821,4.092004367,-2.135838622,39.54395249,33.1679703,14.99750577,1.36E+11,28.86663662
Ukraine,ua,2011,7.955724663,1.69E+11,3656.697998,7.851,1.546056077,14.18190866,5.44528081,-6.043092326,36.87631284,34.98548153,17.84004927,1.61E+11,26.48082017
Ukraine,ua,2012,0.568727972,1.83E+11,3951.342285,7.529,9.640126562,7.98256111,0.152314967,-7.850847423,39.5379742,36.09507839,17.63331542,1.81E+11,32.44591172
Ukraine,ua,2013,-0.238948626,1.90E+11,4129.896973,7.17,11.83064836,4.308793437,0.045439094,-8.67092024,38.68159408,34.76762282,16.89868434,1.88E+11,35.63139959
Ukraine,ua,2014,12.07185629,1.34E+11,3054.908203,9.27,1.567106913,15.90173753,-10.07889499,-3.442596785,43.54070004,33.68454517,17.29434784,1.32E+11,63.66531919
Ukraine,ua,2015,48.69986464,91030967789,2094.473877,9.14,-12.28292898,38.88167976,-9.772987211,5.531084775,37.36875322,35.75839408,20.45136542,94833354986,70.25883762
Ukraine,ua,2016,13.9127102,93355869404,2158.461182,9.35,1.827569687,17.09713492,2.440981945,-1.998803087,33.50441672,31.20273316,19.63011981,94324077170,71.80954545
Ukraine,ua,2017,14.43832275,1.12E+11,2604.287598,9.5,-4.680484232,22.0983175,2.359972281,-3.098389108,33.60620644,32.57099845,20.0523677,1.14E+11,66.73464651
Ukraine,ua,2018,10.95185594,1.31E+11,3059.051758,8.799,3.125121819,15.39853035,3.488362342,-4.914009108,33.40871911,32.1350394,20.14255251,1.32E+11,56.90595067
Ukraine,ua,2019,7.886717456,1.54E+11,3619.861572,8.194,10.69365877,8.246226268,3.199503862,-2.679957323,33.05743893,31.86584374,19.1961401,1.56E+11,48.3272696
Ukraine,ua,2020,2.732492094,1.57E+11,3709.769287,9.475,3.624317792,10.29496014,-3.752817939,3.362965527,37.20920478,32.31673846,19.1514003,1.60E+11,58.71618507
Ukraine,ua,2021,9.363139177,2.00E+11,4775.945801,9.834,-9.224526961,24.80475677,3.445620657,-1.943274996,33.26157448,30.05478596,19.08232277,1.94E+11,
Ukraine,ua,2022,20.18363666,1.62E+11,4199.670898,,-12.08600527,34.91528514,-28.75858421,4.923775294,57.89476618,29.28108646,16.69150738,1.70E+11,
Ukraine,ua,2023,12.84902228,1.79E+11,5069.703125,,3.064902991,18.48045564,5.324335374,-5.350279332,66.46388822,31.26008267,17.69976712,1.84E+11,
Ukraine,ua,2024,6.501984647,,,,,,,,,,,,
Ukraine,ua,2025,,,,,,,,,,,,,
Uruguay,uy,2010,6.69870887,41950361212,12641.05768,7.158,4.330497689,5.746856984,7.803409651,-1.742156794,28.25187239,28.72229498,18.13641902,40447852178,42.46663881
Uruguay,uy,2011,8.092832063,50342406067,15132.26757,6.307,-0.085186936,9.875420246,5.162133025,-2.611328611,27.7352833,28.60399002,18.19877349,48712391360,43.20741688
Uruguay,uy,2012,8.097765806,54232266359,16259.59408,6.451,1.632604089,9.412912474,3.538178721,-3.755056952,28.8425661,28.30213265,17.79187445,50380210747,41.02823475
Uruguay,uy,2013,8.57513504,61337621934,18335.25948,6.444,3.151231219,8.999246669,4.637538629,-3.287209356,29.27038879,29.17766015,17.85973973,58272697036,40.08849438
Uruguay,uy,2014,8.877353332,61496186974,18322.42768,6.547,4.820769321,10.2206566,3.23879123,-2.989425222,29.58089275,28.71363197,17.27528938,57758605835,41.28500074
Uruguay,uy,2015,8.666269871,57680327999,17125.90168,7.488,5.448671586,9.855420322,0.370741258,-0.255015059,29.57587209,28.12362128,17.09561586,55232403158,47.27655851
Uruguay,uy,2016,9.639413476,57480788390,17009.75869,7.841,7.40056466,8.165458352,1.689798165,0.825062136,35.22102491,33.1100429,21.73224787,54820503514,46.45846686
Uruguay,uy,2017,6.218093826,65006039995,19184.66267,7.89,7.715058204,5.680171409,1.740376487,0.011326168,31.24810202,29.70749172,18.07746434,61449241066,45.07439054
Uruguay,uy,2018,7.606533604,65344576348,19249.94015,8.336,4.348384407,7.525560057,0.16477766,-0.460578523,31.91334333,31.35338536,18.32470448,61677734384,47.34147584
Uruguay,uy,2019,7.881988709,62222325807,18315.73529,8.836,3.049106576,8.25633406,0.928351033,1.29326535,32.06740216,30.63965846,17.86509091,59174795690,50.13143936
Uruguay,uy,2020,9.756406361,53668636568,15789.68574,10.413,0.229432279,10.97664321,-7.380141845,-0.72772547,34.62017757,30.78550404,18.51487175,50779391681,60.27843187
Uruguay,uy,2021,7.747914023,60760798596,17888.21151,9.328,-3.354877574,11.18062196,5.561892793,-2.46165159,31.72195112,29.09229156,17.81160793,54661497470,58.09411875
Uruguay,uy,2022,9.104379831,70164683290,20691.9739,7.877,6.351125405,4.244653551,4.707257615,-3.711159491,36.51376701,29.87310109,18.71288019,63181504842,54.57382369
Uruguay,uy,2023,5.869103599,77240830877,22797.81117,8.355,8.183682955,3.43097019,0.367475176,-3.335266149,37.38307264,31.13201817,18.84060763,71753758291,62.97749317
Uruguay,uy,2024,4.849143666,,,8.401,,,,,,,,,
Uruguay,uy,2025,,,,,,,,,,,,,
United States,us,2010,1.640043442,1.50E+13,48650.66432,9.633,2.010282621,1.215286682,2.695192584,-2.870641454,26.05459337,16.40344313,8.56322203,1.52E+13,84.96437398
United States,us,2011,3.156841569,1.56E+13,50065.97895,8.949,1.162898652,2.063109475,1.564406854,-2.918620653,25.34569953,16.62943504,9.538928617,1.59E+13,89.54679478
United States,us,2012,2.069337265,1.63E+13,51784.41147,8.069,1.36246375,1.862164928,2.289113388,-2.572368474,23.91190398,16.74773978,9.763917369,1.66E+13,93.64927461
United States,us,2013,1.464832656,1.69E+13,53409.75078,7.375,1.522213389,1.701880361,2.117830099,-2.010907971,22.88146398,18.74071209,10.46022545,1.71E+13,95.32250561
United States,us,2014,1.622222977,1.76E+13,55304.31553,6.168,1.482561391,1.741618053,2.523819814,-2.101176172,22.61007268,18.85884527,10.89974817,1.80E+13,95.45419851
United States,us,2015,0.118627136,1.83E+13,57040.20821,5.28,2.310514641,0.928042795,2.945550455,-2.23255849,22.37353566,18.99535879,11.18282796,1.86E+13,95.95615615
United States,us,2016,1.261583206,1.88E+13,58206.61419,4.869,2.537232299,0.950322479,1.819451475,-2.106997251,22.41592184,18.54082122,10.85451499,1.90E+13,97.92893485
United States,us,2017,2.130110004,1.96E+13,60322.26142,4.355,2.26529638,1.790803285,2.457622303,-1.874424271,22.14069966,19.20952736,11.50388673,1.98E+13,97.02163491
United States,us,2018,2.442583297,2.07E+13,63201.04585,3.896,2.554749873,2.290890277,2.966505069,-2.129357148,22.16947911,17.47935857,9.929538941,2.09E+13,98.44977246
United States,us,2019,1.812210075,2.15E+13,65604.68152,3.669,3.573062166,1.650465669,2.58382533,-2.050828083,22.51433776,17.29137796,9.884789597,2.18E+13,100.0582173
United States,us,2020,1.233584396,2.14E+13,64411.37318,8.055,2.186281899,1.328832738,-2.163029139,-2.815416521,31.82814733,17.70869629,10.15342202,2.15E+13,124.5146964
United States,us,2021,4.697858864,2.37E+13,71318.30736,5.349,-1.258521589,4.565985503,6.055052933,-3.665291721,31.30347608,18.80835242,11.3946785,2.38E+13,118.4009482
United States,us,2022,8.002799821,2.60E+13,78035.17536,3.65,,7.129480854,2.51237532,-3.891672104,24.65845805,19.9277753,12.59890368,2.62E+13,112.8176134
United States,us,2023,4.116338384,2.77E+13,82769.41221,3.638,,3.598391354,2.887556009,-3.266070864,24.51337662,17.59219578,10.64591277,2.76E+13,114.7555533
United States,us,2024,2.949525205,,,4.106,,,,,,,,,
United States,us,2025,,,,,,,,,,,,,
Uzbekistan,uz,2010,,49765676402,1753.207302,5.36,,48.58168995,7.597167961,4.578738377,,,,50620430026,
Uzbekistan,uz,2011,13.77974465,60178909297,2087.863861,4.96,,21.62650994,7.525139894,4.625385509,14.31219582,22.90589143,12.36625676,61313053177,
Uzbekistan,uz,2012,13.20880267,67517349212,2307.346491,4.87,,15.3987947,7.102444887,1.790632118,14.25803631,25.0259205,13.17440777,68310411486,
Uzbekistan,uz,2013,11.84143336,73180037915,2461.979474,4.86,3.762617024,11.98789148,7.29655037,1.797982492,15.14904293,21.70030229,13.80047989,74402142414,
Uzbekistan,uz,2014,9.283093562,80845385809,2674.962838,5.09,1.723513238,14.02491763,6.873838441,2.567776598,14.96941549,20.9060785,13.47039298,81960281654,
Uzbekistan,uz,2015,8.751881967,86196264755,2803.19018,5.15,2.962029555,10.50069951,7.218773508,1.039128672,15.06509283,19.64547187,13.55775403,87622912878,
Uzbekistan,uz,2016,8.130886695,86138288644,2753.379514,5.16,4.217004277,8.930368493,5.9321508,0.247551115,14.33491916,19.72878027,13.43296306,86990975031,
Uzbekistan,uz,2017,13.87574254,69703222283,2190.604116,5.83,-13.69141211,33.67937038,4.395274633,2.120252106,12.71150471,15.55001107,10.36874701,70916116487,
Uzbekistan,uz,2018,17.52417965,58695899092,1813.085308,5.389,-4.699302529,25.88115863,5.559195729,-6.12166434,14.70323572,19.18224948,12.69529008,60203452155,
Uzbekistan,uz,2019,14.52573596,67293639798,2041.384807,4.932,5.128645565,17.57601062,6.779923997,-5.009722244,14.99569062,18.05645552,11.30196511,68029857950,
Uzbekistan,uz,2020,12.86772974,66443265418,1978.280519,5.293,10.60543978,10.61033822,1.563342773,-4.557098019,19.04572195,19.37799084,13.40202762,66603341568,
Uzbekistan,uz,2021,10.84923975,77340060003,2258.519641,5.364,6.799111986,13.69297328,8.034683126,-6.332463723,22.95395372,19.46060948,13.36290256,77697421135,
Uzbekistan,uz,2022,11.4466437,90095926567,2578.666894,4.49,6.363174975,14.46265635,6.001342322,-3.159900836,23.07543817,21.09287906,11.98874028,90999134201,
Uzbekistan,uz,2023,9.956590713,1.02E+11,2849.514611,4.46,8.425058735,12.65853803,6.291416351,-7.677570897,23.64967533,20.49126887,11.6488727,1.01E+11,
Uzbekistan,uz,2024,9.62825466,,,4.488,,,,,,,,,
Uzbekistan,uz,2025,,,,,,,,,,,,,
St. Vincent and the Grenadines,vc,2010,0.747109026,720447888.9,6551.96836,19.966,3.401420707,5.580597374,-4.470467935,-26.32547369,24.32399686,24.87151203,21.66726593,708168963,
St. Vincent and the Grenadines,vc,2011,3.186031116,713796370.4,6527.689969,20.049,9.485532327,-0.318904486,-0.606276651,-22.33225803,25.69281342,23.99677224,21.38479337,700854000,
St. Vincent and the Grenadines,vc,2012,2.598444141,730032592.6,6713.807686,19.867,8.231715715,1.092741856,1.169112184,-25.302753,24.80438788,23.97779708,21.84468593,726213444.4,
St. Vincent and the Grenadines,vc,2013,0.805127804,764781259.3,7072.467372,19.367,7.039755962,2.242181277,2.462484172,-24.72665178,23.79075954,22.40207411,20.3705811,761060481.5,
St. Vincent and the Grenadines,vc,2014,0.193858561,770900000,7168.828753,19.249,9.633473069,-0.444631191,1.250254369,-25.20767995,24.45001754,25.7121306,22.49991592,738996296.3,
St. Vincent and the Grenadines,vc,2015,-1.73361195,786555555.6,7353.735561,19.141,10.10871699,-0.73197383,2.783161194,-15.58128248,24.15124547,24.42953336,22.65950935,766874074.1,
St. Vincent and the Grenadines,vc,2016,-0.149641648,814303703.7,7656.900429,19.028,9.769000447,-0.593519522,4.145931682,-13.0833804,23.40695527,26.95236103,24.35209359,806337037,
St. Vincent and the Grenadines,vc,2017,2.153336488,844040740.7,7988.04445,19.006,6.441085494,2.17154353,1.448830634,-11.89467101,24.73156026,25.56573099,23.79953574,839422222.2,
St. Vincent and the Grenadines,vc,2018,2.324144854,884329629.6,8428.126772,18.984,6.831386662,1.548547332,3.175611442,-10.30379625,,,,882574074.1,
St. Vincent and the Grenadines,vc,2019,0.913069725,910766666.7,8743.332021,19.235,5.902407365,2.312470616,0.661727444,-2.387405645,,,,908962963,
St. Vincent and the Grenadines,vc,2020,-0.628131309,869111111.1,8395.099889,20.636,8.935361974,-0.86695086,-3.739145992,-15.81110871,,,,861218518.5,
St. Vincent and the Grenadines,vc,2021,1.572729325,872225925.9,8481.305374,20.341,8.074422863,-0.392447955,0.75379708,-23.6489082,,,,855333333.3,
St. Vincent and the Grenadines,vc,2022,5.660097792,966492592.6,9471.146273,19.417,3.856665127,3.404040914,7.159832866,-20.66515104,,,,958674074.1,
St. Vincent and the Grenadines,vc,2023,4.564577198,1065962963,10520.44415,18.574,3.008158488,4.033144145,6.016109145,-16.92651697,,,,1058555556,
St. Vincent and the Grenadines,vc,2024,3.627707369,,,18.056,,,,,,,,,
St. Vincent and the Grenadines,vc,2025,,,,,,,,,,,,,
"Venezuela, RB",ve,2010,28.18746471,3.93E+11,13646.30466,7.112,-18.90855875,45.9432687,-1.488791251,1.420424364,,,,3.88E+11,
"Venezuela, RB",ve,2011,26.09021232,3.16E+11,10843.92297,6.902,-8.583113847,28.14919095,4.176425359,5.163639685,,,,3.08E+11,
"Venezuela, RB",ve,2012,21.06899563,3.81E+11,12901.41716,6.601,2.034527031,14.05943006,5.625956975,0.678230616,,,,3.71E+11,
"Venezuela, RB",ve,2013,40.63942752,3.71E+11,12403.1467,7.54,-14.47032296,35.50267463,1.343094036,1.240952356,,,,3.59E+11,
"Venezuela, RB",ve,2014,62.16864998,4.82E+11,15943.61272,6.821,-16.53997606,40.44049011,-3.894386475,1.0197792,,,,4.77E+11,
"Venezuela, RB",ve,2015,121.7380853,,,6.137,,,,,,,,,
"Venezuela, RB",ve,2016,254.9485348,,,5.319,,,,,,,,,
"Venezuela, RB",ve,2017,,,,5.045,,,,,,,,,
"Venezuela, RB",ve,2018,,,,5.46,,,,,,,,,
"Venezuela, RB",ve,2019,,,,5.876,,,,,,,,,
"Venezuela, RB",ve,2020,,,,7.53,,,,,,,,,
"Venezuela, RB",ve,2021,,,,7.037,,,,,,,,,
"Venezuela, RB",ve,2022,,,,5.707,,,,,,,,,
"Venezuela, RB",ve,2023,,,,5.485,,,,,,,,,
"Venezuela, RB",ve,2024,,,,5.475,,,,,,,,,
"Venezuela, RB",ve,2025,,,,,,,,,,,,,
British Virgin Islands,vg,2010,,,,,,,,,,,,,
British Virgin Islands,vg,2011,,,,,,,,,,,,,
British Virgin Islands,vg,2012,,,,,,,,,,,,,
British Virgin Islands,vg,2013,,,,,,,,,,,,,
British Virgin Islands,vg,2014,,,,,,,,,,,,,
British Virgin Islands,vg,2015,,,,,,,,,,,,,
British Virgin Islands,vg,2016,,,,,,,,,,,,,
British Virgin Islands,vg,2017,,,,,,,,,,,,,
British Virgin Islands,vg,2018,,,,,,,,,,,,,
British Virgin Islands,vg,2019,,,,,,,,,,,,,
British Virgin Islands,vg,2020,,,,,,,,,,,,,
British Virgin Islands,vg,2021,,,,,,,,,,,,,
British Virgin Islands,vg,2022,,,,,,,,,,,,,
British Virgin Islands,vg,2023,,,,,,,,,,,,,
British Virgin Islands,vg,2024,,,,,,,,,,,,,
British Virgin Islands,vg,2025,,,,,,,,,,,,,
Virgin Islands (U.S.),vi,2010,,4324000000,39905.12842,11.742,,2.317668903,0.596383224,,,,,,
Virgin Islands (U.S.),vi,2011,,4223000000,38997.13732,12.041,,6.392937673,-8.204245554,,,,,,
Virgin Islands (U.S.),vi,2012,,4089000000,37795.31926,12.109,,13.66327256,-14.8125,,,,,,
Virgin Islands (U.S.),vi,2013,,3738000000,34597.97669,12.55,,-2.45302714,-6.285155295,,,,,,
Virgin Islands (U.S.),vi,2014,,3565000000,33045.36438,12.64,,-2.905166174,-1.774530271,,,,,,
Virgin Islands (U.S.),vi,2015,,3663000000,34007.35294,12.422,,3.187577554,-0.425079702,,,,,,
Virgin Islands (U.S.),vi,2016,,3798000000,35324.97489,12.515,,2.051803522,1.600853789,,,,,,
Virgin Islands (U.S.),vi,2017,,3794000000,35365.0693,12.217,,0.634642014,-0.735294118,,,,,,
Virgin Islands (U.S.),vi,2018,,3923000000,36663.20876,12.407,,1.493741502,1.878306878,,,,,,
Virgin Islands (U.S.),vi,2019,,4121000000,38633.52989,12.551,,2.078376139,2.908335497,,,,,,
Virgin Islands (U.S.),vi,2020,,4229000000,39787.37417,15.191,,4.305187419,-1.614938178,,,,,,
Virgin Islands (U.S.),vi,2021,,4507000000,42571.07774,14.273,,2.803239197,3.667607079,,,,,,
Virgin Islands (U.S.),vi,2022,,4672000000,44320.90919,13.007,,5.038267261,-1.311232063,,,,,,
Virgin Islands (U.S.),vi,2023,,,,12.32,,,,,,,,,
Virgin Islands (U.S.),vi,2024,,,,12.014,,,,,,,,,
Virgin Islands (U.S.),vi,2025,,,,,,,,,,,,,
Viet Nam,vn,2010,9.207466488,1.47E+11,1683.161824,1.114,-20.49708191,42.30326725,6.423244822,-2.904868152,,,,1.43E+11,
Viet Nam,vn,2011,18.67773228,1.73E+11,1950.925042,0.999,-3.673264804,21.41367928,6.413168897,0.136736251,,,,1.68E+11,
Viet Nam,vn,2012,9.094703396,1.96E+11,2185.117677,1.027,4.028328027,9.07766069,5.504544704,4.820782314,,,,1.89E+11,
Viet Nam,vn,2013,6.592674759,2.14E+11,2359.517365,1.316,6.089708704,4.038523638,5.55351081,3.624090153,,,,2.06E+11,
Viet Nam,vn,2014,4.084554466,2.33E+11,2546.384645,1.256,4.789731165,3.698137968,6.422243121,4.008970264,,,,2.25E+11,
Viet Nam,vn,2015,0.631200905,2.39E+11,2577.568853,1.848,8.988296876,-1.716511707,6.987154306,-0.853052855,,,,2.27E+11,
Viet Nam,vn,2016,2.66824817,2.57E+11,2735.060438,1.848,5.048602928,1.819535928,6.690008927,0.243099853,,,,2.43E+11,
Viet Nam,vn,2017,3.520256888,2.81E+11,2956.109921,1.874,2.591514159,4.362920148,6.940190374,-0.586095207,,,,2.64E+11,
Viet Nam,vn,2018,3.539628059,3.10E+11,3222.310031,1.161,3.614155043,3.6266473,7.465006856,1.902363675,,,,2.94E+11,
Viet Nam,vn,2019,2.795823675,3.34E+11,3440.900254,1.681,5.159252657,2.423226942,7.359262701,3.918243955,,,,3.18E+11,
Viet Nam,vn,2020,3.220934367,3.47E+11,3534.039535,2.103,6.090642997,1.467478148,2.865413209,4.344869066,,,,3.32E+11,
Viet Nam,vn,2021,1.834715548,3.66E+11,3704.193559,2.385,4.792180473,2.880767929,2.553728526,-1.262842792,,,,3.48E+11,
Viet Nam,vn,2022,3.1565075,4.10E+11,4116.385761,1.523,3.807826728,4.051242317,8.123514468,0.341681184,,,,3.90E+11,
Viet Nam,vn,2023,3.252892827,4.30E+11,4282.088517,1.645,7.278032563,1.906231302,5.046430736,6.011631344,,,,4.07E+11,
Viet Nam,vn,2024,3.621092739,,,1.431,,,,,,,,,
Viet Nam,vn,2025,,,,,,,,,,,,,
Vanuatu,vu,2010,2.762694695,670712979.7,2815.18829,4.685,,1.471708803,1.258867203,-6.288499496,23.24589205,18.74930765,16.19453505,649212987,
Vanuatu,vu,2011,0.873793105,770153588.2,3163.186165,4.821,,2.786909882,3.1398029,-7.91488481,22.6612002,19.0565271,16.44234816,751132267.7,
Vanuatu,vu,2012,1.347403629,747839697.7,3004.784167,4.951,,-0.464035692,1.010047687,-9.175023862,22.74231358,19.64896894,17.3819159,704726363.5,
Vanuatu,vu,2013,1.458933718,758304466.2,2979.796081,5.058,7.320991242,3.00718625,0.463390415,-0.679551097,21.89101992,20.34170416,18.22981783,757991099.2,
Vanuatu,vu,2014,0.798863838,772315983.8,2967.70667,5.15,8.890286702,1.391810672,3.136867294,0.548343688,23.03283473,20.42200387,18.33757009,784484132.7,
Vanuatu,vu,2015,2.483268757,730870803,2746.591719,5.254,4.096753857,5.863819798,0.366522075,-15.68444039,24.04319645,20.93477284,16.90670876,743900571.3,
Vanuatu,vu,2016,0.842069084,780889605.9,2869.999691,5.261,8.390695983,1.576984077,4.688756366,-9.024024199,25.55731386,23.17830758,16.80018534,798348793.7,
Vanuatu,vu,2017,3.084526244,880061833.7,3159.927161,5.287,4.366680531,5.364086929,6.317305384,-8.047433783,26.92893802,24.15685696,17.12917198,882373246.9,
Vanuatu,vu,2018,2.330963796,914736985.4,3206.689308,5.326,6.758306477,3.206645275,2.900230273,3.23643955,25.62151226,30.27439979,17.8372705,941313836.5,
Vanuatu,vu,2019,2.762520194,936526267.6,3207.446505,5.444,6.55161914,3.27936283,3.241187655,7.825805513,27.8408806,31.24668441,17.59466055,1070449524,
Vanuatu,vu,2020,5.329350731,909421043.5,3042.987116,4.046,6.786465234,2.785341843,-4.992491429,-6.362022284,34.03958867,29.92413918,14.04025579,1013095042,
Vanuatu,vu,2021,2.343283582,950394006.5,3107.203129,4.766,8.573626787,0.699715547,-1.552294891,-7.938916672,34.25811978,30.54318809,15.87716171,1087394696,87.07208983
Vanuatu,vu,2022,6.679305819,1022219298,3265.396451,5.143,-2.175475479,11.22551719,1.916057012,-12.46620293,31.74722784,24.2546258,16.22908075,1179535221,82.33418421
Vanuatu,vu,2023,11.18250171,1126313359,3515.236336,5.082,-2.132950803,11.31002133,2.212941771,,28.07413756,25.49076107,17.40822577,1281011718,71.65357265
Vanuatu,vu,2024,,,,5.064,,,,,,,,,
Vanuatu,vu,2025,,,,,,,,,,,,,
Samoa,ws,2010,0.777007269,680260907.2,3524.247925,5.621,16.72668945,-5.145943466,6.124719923,-9.048698842,,,,660391187.3,
Samoa,ws,2011,5.235415915,744097050.2,3821.506783,5.68,10.97219147,-0.909859896,3.849077947,-10.91868498,,,,716182120.9,
Samoa,ws,2012,2.049018835,773141661.2,3934.603208,8.752,5.607730842,4.026475263,-3.732130209,-0.996591961,28.80736841,26.88601259,20.5386088,746301096.8,
Samoa,ws,2013,0.610085721,797736334.3,4023.525401,8.773,7.674477724,2.346290099,0.107293276,-5.607107031,28.75146954,27.95636812,22.69418628,770254910.8,
Samoa,ws,2014,-0.406816088,796683519.6,3982.680802,8.72,9.084386674,0.853113222,0.659923769,-5.831833113,30.73268561,29.75152633,23.68292242,766889272.3,
Samoa,ws,2015,0.724470135,824150498.7,4084.360838,8.9,5.332260593,3.964666396,3.850361817,-1.542157717,28.60319568,28.5849211,22.53865942,807830609.6,
Samoa,ws,2016,1.304718693,843924796.7,4147.070977,9.062,6.696588051,2.244756519,7.983862878,-4.554023574,24.98845965,28.8003812,22.97078599,825243379.6,
Samoa,ws,2017,1.749896775,884844384.5,4307.59382,9.4,8.431054502,0.304905423,1.4062824,-1.070275545,24.41897153,30.14394848,23.48232527,858933636.4,
Samoa,ws,2018,4.197458887,878448433.4,4231.814095,8.639,7.767265148,1.097583406,-0.609647103,2.689085139,25.95355214,30.88912544,23.78078276,849320886.7,
Samoa,ws,2019,0.98232657,912950466.1,4351.942349,7.838,7.319919293,1.499486195,4.451858917,3.732236505,26.93328866,33.26237942,24.42737759,877132815.6,
Samoa,ws,2020,-1.568912477,868898358.3,4099.660091,7.435,7.39095436,1.22360924,-3.108444011,-8.715821982,29.80083319,32.53459161,24.41644259,838366843.7,
Samoa,ws,2021,3.133204732,843923638.7,3947.645179,6.612,8.952592121,-0.401252917,-7.078830943,-13.56118903,35.07982479,33.4679968,25.02232628,829263325.8,
Samoa,ws,2022,10.96188223,832945205.6,3869.466395,5.048,2.511096652,5.638377288,-5.3062909,-8.896975045,,,,812472950.6,
Samoa,ws,2023,7.921646848,938189443.8,4330.178405,4.977,-0.359754639,8.710884357,8.584091218,4.259950368,,,,924520032.6,
Samoa,ws,2024,2.172455305,,,4.551,,,,,,,,,
Samoa,ws,2025,,,,,,,,,,,,,
Kosovo,xk,2010,3.480507637,5343950556,2987.545196,,7.494362229,6.39240139,4.93995096,-12.67804037,,,,5433365637,
Kosovo,xk,2011,7.336417713,6341613610,3538.947598,,7.028193084,6.303766065,6.319810229,-13.33209557,,,,6496425181,
Kosovo,xk,2012,2.476737822,6163484245,3410.655507,,8.829166775,3.52540286,1.712195959,-6.160590382,,,,6360842590,
Kosovo,xk,2013,1.767324284,6735328610,3704.558728,,11.42652273,0.353127124,5.340799119,-3.580592182,,,,6896736548,
Kosovo,xk,2014,0.428957808,7074394735,3902.494244,,8.871489611,1.601438903,3.348804784,-7.09051728,,,,7225543490,
Kosovo,xk,2015,-0.536929393,6295848423,3520.628507,,7.665564921,0.607840659,5.916231283,-8.694425689,,,,6398632303,
Kosovo,xk,2016,0.273169431,6682677290,3759.449591,,6.615990449,0.779254169,5.571775047,-7.934425479,,,,6765147257,
Kosovo,xk,2017,1.488234306,7180764703,4009.317993,,6.364675068,0.440019143,4.825655653,-5.263481545,,,,7324662734,
Kosovo,xk,2018,1.053797737,7878759715,4384.186241,,5.079008841,1.498919251,3.406632271,-7.621736384,,,,8012300817,
Kosovo,xk,2019,2.675992026,7899737577,4415.997161,,,0.962960139,4.75680057,-5.661366235,,,,8079554106,
Kosovo,xk,2020,0.198227923,7717145218,4310.888247,,,1.381107172,-5.340275478,-7.011742006,,,,7904028035,
Kosovo,xk,2021,3.353691392,9413403724,5270.426702,,,6.115539931,10.74565608,-8.693460503,,,,9592462889,
Kosovo,xk,2022,11.58051045,9354903062,5290.947472,,,7.198710755,4.278498958,-10.51088582,,,,9476376883,
Kosovo,xk,2023,4.944324388,10468219225,5960.158205,,,4.563777691,4.067627014,-7.499749378,,,,10683305469,
Kosovo,xk,2024,1.619449946,,,,,,,,,,,,
Kosovo,xk,2025,,,,,,,,,,,,,
"Yemen, Rep.",ye,2010,11.17483386,30906749533,1155.203053,12.779,0.175576626,23.61629202,7.70230704,-3.410699235,,,,29087765768,
"Yemen, Rep.",ye,2011,19.54356171,32726417878,1186.475006,13.311,5.83025955,18.11366667,-12.7148969,-1.611439956,,,,30388993336,
"Yemen, Rep.",ye,2012,9.885387145,35401331610,1245.050683,13.473,17.57133442,5.893158923,2.392990209,-0.945211099,,,,33831688610,
"Yemen, Rep.",ye,2013,10.96844215,40415233436,1378.75003,13.673,11.78875491,9.208957049,4.823519067,-3.786913564,,,,38599633436,
"Yemen, Rep.",ye,2014,8.104725836,43228585321,1430.16421,13.467,,7.16332422,-0.188690232,-3.442752752,,,,40801643750,
"Yemen, Rep.",ye,2015,,42444489522,1362.173794,17.9,,46.47625123,-27.99454625,-7.129369631,,,,41437133276,
"Yemen, Rep.",ye,2016,,31317824943,975.3594067,18.416,,0.134410844,-9.375123818,-7.723910667,,,,30921701659,
"Yemen, Rep.",ye,2017,,26842228829,811.1659639,18.603,,18.55356617,-5.071795639,,,,,26106000075,
"Yemen, Rep.",ye,2018,,21606160784,633.887206,17.584,,14.85366477,0.752447588,,,,,20996364431,
"Yemen, Rep.",ye,2019,,,623.3761649,17.202,,,,,,,,,
"Yemen, Rep.",ye,2020,,,559.5646728,17.953,,,,,,,,,
"Yemen, Rep.",ye,2021,,,522.1735127,18.287,,,,,,,,,
"Yemen, Rep.",ye,2022,,,615.7020793,17.363,,,,,,,,,
"Yemen, Rep.",ye,2023,,,477.4090287,17.091,,,,,,,,,
"Yemen, Rep.",ye,2024,,,,17.086,,,,,,,,,
"Yemen, Rep.",ye,2025,,,,,,,,,,,,,
South Africa,za,2010,4.06749556,4.17E+11,7973.471958,24.683,3.49095979,6.128432432,3.039732881,-1.299018056,29.57751283,25.51922672,22.52060388,4.09E+11,
South Africa,za,2011,5.000853388,4.58E+11,8646.055711,24.639,3.279301223,5.539056432,3.168556279,-2.019676285,31.06197345,25.97405476,22.87467001,4.47E+11,
South Africa,za,2012,5.737971391,4.34E+11,8076.976785,24.727,3.882872998,4.685206388,2.396232385,-4.683736434,30.36517973,26.52278568,23.34576599,4.24E+11,
South Africa,za,2013,5.780169101,4.01E+11,7331.654674,24.561,2.509245497,5.844111401,2.485468008,-5.338372748,31.25919057,27.41018622,23.83139136,3.91E+11,
South Africa,za,2014,6.132829531,3.81E+11,6856.731371,24.89,3.56702763,5.366546185,1.413826452,-4.812432595,31.90535016,28.87261306,24.43193422,3.72E+11,
South Africa,za,2015,4.518690949,3.47E+11,6112.273825,25.149,3.667742833,5.545528123,1.321862237,-4.310286886,33.67977875,29.64725819,25.0486927,3.39E+11,52.65115724
South Africa,za,2016,6.602908424,3.24E+11,5651.205852,26.536,3.278251678,6.952171961,0.664552308,-2.633614517,32.1896608,29.040659,24.82835599,3.15E+11,53.73879139
South Africa,za,2017,5.186186555,3.81E+11,6618.335083,27.035,4.647315485,5.473321975,1.157946952,-2.374367532,33.25181248,28.91315582,24.76928729,3.71E+11,56.25972084
South Africa,za,2018,4.509872649,4.05E+11,6914.178032,26.906,5.856183558,3.993295085,1.556783847,-3.000519394,33.99549783,28.36433683,24.89489407,3.94E+11,59.10231141
South Africa,za,2019,4.102850755,3.89E+11,6533.71121,28.468,5.268415653,4.613524691,0.259935577,-2.619990675,34.65327546,28.89761575,24.86734533,3.80E+11,64.58927814
South Africa,za,2020,3.232388316,3.38E+11,5580.603831,29.217,2.198413839,5.391394335,-6.168917715,2.003522752,37.8354162,27.81387539,23.26494404,3.32E+11,75.72550908
South Africa,za,2021,4.618745449,4.21E+11,6843.399419,34.007,0.472106501,6.538690583,4.955032594,3.73044877,34.53100888,30.06526671,25.89462733,4.13E+11,73.8065091
South Africa,za,2022,7.039872725,4.07E+11,6523.410978,33.268,3.618540675,4.992471384,1.91147996,-0.461509369,33.47983526,30.27315128,26.00545978,3.98E+11,76.23723833
South Africa,za,2023,6.075243846,3.81E+11,6022.542542,32.098,6.38879359,4.804271425,0.698485195,-1.613666888,,,,3.76E+11,
South Africa,za,2024,4.361152465,,,33.168,,,,,,,,,
South Africa,za,2025,,,,,,,,,,,,,
Zambia,zm,2010,8.501761334,20265559484,1451.10616,13.19,6.112942212,13.95091319,10.29822332,7.525491477,14.66885615,14.36258762,12.83484241,18902559484,17.32151148
Zambia,zm,2011,6.429396811,23459515276,1624.868178,10.545,6.956559577,11.10741327,5.569252193,4.658236558,14.49567737,17.46837706,14.71594332,22302537248,18.04990936
Zambia,zm,2012,6.575899708,25503060420,1710.050613,7.85,4.821477426,6.992227249,7.597381049,5.378984862,16.53224166,16.6680893,14.8923643,25071084452,23.48891928
Zambia,zm,2013,6.977676055,28037239463,1820.718548,7.264,-0.191430038,9.73089122,5.05753695,-0.575955751,17.85330573,16.23620937,14.34710932,26888392774,24.22399414
Zambia,zm,2014,7.806875536,27141023558,1707.485731,6.571,5.816367831,5.440524581,4.693283164,-1.42709396,20.25623963,17.73763416,15.76103033,26589065800,44.39586759
Zambia,zm,2015,10.11059289,21251216799,1295.877887,5.942,6.179215852,6.659292114,2.920375112,-3.612272079,23.23378776,18.29577164,14.39396393,20839208733,49.40734735
Zambia,zm,2016,17.86973008,20958412538,1239.085279,5.239,1.693929278,13.57610117,3.755100317,-4.551688275,22.40868334,18.13243575,13.35318143,20311304651,46.43289358
Zambia,zm,2017,6.577311542,25873601261,1483.465773,4.529,2.091490485,10.07283709,3.525862771,-1.681270576,20.92207596,16.8512124,15.18485696,24726787497,52.28094184
Zambia,zm,2018,7.494571927,26311507274,1463.899979,5.033,2.21586529,7.411570948,4.034493897,-1.301166776,20.11071184,19.41096249,16.58706547,25904703273,59.71222117
Zambia,zm,2019,9.150316443,23308667781,1258.986198,5.542,2.469674325,7.633470481,1.441306026,0.603690809,21.95616272,19.59610456,16.67762266,22904080807,61.93011738
Zambia,zm,2020,15.73306047,18137764931,951.6443167,6.033,-3.893032453,13.91387062,-2.785055065,11.79095711,25.37223441,19.58138916,16.41800551,17628788924,103.5431524
Zambia,zm,2021,22.02076762,22096416932,1127.160779,5.199,,25.14277761,6.234922047,11.90035135,25.1370961,21.96739775,16.78041068,20174571690,71.41117617
Zambia,zm,2022,10.99320392,29163782140,1447.123101,5.995,,6.14031839,5.211223604,3.747846616,,,,27416151733,
Zambia,zm,2023,10.88453169,27577956471,1330.727806,5.905,,7.094629603,5.367942855,-2.112975524,,,,26271802177,
Zambia,zm,2024,,,,5.961,,,,,,,,,
Zambia,zm,2025,,,,,,,,,,,,,
Zimbabwe,zw,2010,3.022670025,12041655200,901.5544436,5.447,,2.57553602,21.45206092,-13.74716055,16.12087285,19.40730263,17.43492371,11074562500,
Zimbabwe,zw,2011,3.466129728,14101920300,1037.25491,5.368,,2.171761032,14.62020726,-19.49747203,19.07699211,20.6728024,17.9282542,12515356900,
Zimbabwe,zw,2012,3.725326661,17114849900,1238.60109,5.061,6.428554065,4.855945519,15.74487708,-13.30762204,20.21182552,20.39504874,17.83548922,15245882400,
Zimbabwe,zw,2013,1.634950415,19091020000,1362.300668,4.943,1.52543469,8.09114025,3.196730887,-13.8743823,,,,17220872400,
Zimbabwe,zw,2014,-0.19778481,19495519600,1372.212781,4.774,8.787605224,0.624974485,1.484542622,-11.97115285,,,,17300432200,
Zimbabwe,zw,2015,-2.430968424,19963120600,1386.422847,5.377,8.144427456,0.367419653,2.023649996,-7.99809537,21.80941572,19.00340229,17.6733632,17604879500,
Zimbabwe,zw,2016,-1.543669601,20548678100,1407.415364,5.886,4.998562809,2.014094734,0.900955396,-3.394137985,25.23634685,17.19471915,15.45834082,18002592300,
Zimbabwe,zw,2017,0.893962316,51074660513,3448.082537,6.344,-64.28157094,199.3249409,4.080263903,-0.530970478,9.78277956,5.957913737,5.465511508,49083524563,
Zimbabwe,zw,2018,10.61886587,34156069918,2271.853335,6.793,3.45459026,3.554290242,5.009866783,-4.039183264,10.97727965,8.11695487,7.214765005,33442898975,
Zimbabwe,zw,2019,255.3049908,25717409842,1684.027904,7.373,-64.29515135,225.3946482,-6.332446407,3.579178517,,,,25261574789,
Zimbabwe,zw,2020,557.2018174,26867936445,1730.413489,8.621,-81.13212091,604.9458642,-7.816950647,4.080177881,,,,26329744652,
Zimbabwe,zw,2021,98.54610509,27240515109,1724.387731,9.54,-31.79555083,113.2949806,8.468016898,1.278299749,,,,26621784727,
Zimbabwe,zw,2022,104.7051706,32789751736,2040.552459,10.087,-36.83339259,266.9871517,6.139263265,0.930064173,,,,32026941089,
Zimbabwe,zw,2023,,35231367886,2156.034004,8.759,-73.54044052,921.5356516,5.336730495,0.379995091,,,,34796066709,
Zimbabwe,zw,2024,,,,8.554,,,,,,,,,
Zimbabwe,zw,2025,,,,,,,,,,,,,
